Lesson,Exercise ID,Type,Order,Prompt HY,Prompt EN,Prompt RU
w10_l1,w10_l1_match_prompt,translate,3,"Թարգմանիր՝ "նկարիչ"","Translate: "նկարիչ"","Переведи: "նկարիչ""
w10_l1,w10_l1_v0,multiple_choice,4,"Ընտրիր "գործ"-ի թարգմանությունը","Choose the meaning of "work (art)"","Выбери перевод "произведение""
w10_l1,w10_l1_v0_mc_answer,translate,5,"Թարգմանիր՝ "գործ"","Translate: "գործ"","Переведи: "գործ""
w10_l1,w10_l1_v0_mc_prompt,translate,9,"Թարգմանիր՝ "թանգարան"","Translate: "թանգարան"","Переведи: "թանգարան""
w10_l1,w10_l1_v0_tr_answer,multiple_choice,10,"Ընտրիր "պատկերասրահ"-ի թարգմանությունը","Choose the meaning of "gallery"","Выбери перевод "галерея""
w10_l1,w10_l1_v0_tr_prompt,multiple_choice,14,"Ընտրիր "ոգեշնչում"-ի թարգմանությունը","Choose the meaning of "inspiration"","Выбери перевод "вдохновение""
w10_l1,w10_l1_v1,translate,15,"Թարգմանիր՝ "ոգեշնչում"","Translate: "ոգեշնչում"","Переведи: "ոգեշնչում""
w10_l1,w10_l1_v1_mc_answer,multiple_choice,16,"Ընտրիր "ստեղծագործել"-ի թարգմանությունը","Choose the meaning of "to create"","Выбери перевод "создавать""
w10_l1,w10_l1_v1_mc_prompt,multiple_choice,20,"Ընտրիր "զգացմունք"-ի թարգմանությունը","Choose the meaning of "emotion"","Выбери перевод "эмоция""
w10_l1,w10_l1_v1_tr_answer,translate,21,"Թարգմանիր՝ "զգացմունք"","Translate: "զգացմունք"","Переведи: "զգացմունք""
w10_l1,w10_l1_v1_tr_prompt,translate,25,"Թարգմանիր՝ "ոճ"","Translate: "ոճ"","Переведи: "ոճ""
w10_l1,w10_l1_v10,multiple_choice,26,"Ընտրիր "դասական"-ի թարգմանությունը","Choose the meaning of "classical"","Выбери перевод "классический""
w10_l1,w10_l1_v10_mc_answer,translate,27,"Թարգմանիր՝ "դասական"","Translate: "դասական"","Переведи: "դասական""
w10_l1,w10_l1_v10_mc_prompt,translate,31,"Թարգմանիր՝ "վեպ"","Translate: "վեպ"","Переведи: "վեպ""
w10_l1,w10_l1_v10_tr_answer,multiple_choice,32,"Ընտրիր "բանաստեղծություն"-ի թարգմանությունը","Choose the meaning of "poem"","Выбери перевод "стихотворение""
w10_l1,w10_l1_v10_tr_prompt,multiple_choice,36,"Ընտրիր "ֆիլմ"-ի թարգմանությունը","Choose the meaning of "film"","Выбери перевод "фильм""
w10_l1,w10_l1_v11,translate,37,"Թարգմանիր՝ "ֆիլմ"","Translate: "ֆիլմ"","Переведи: "ֆիլմ""
w10_l1,w10_l1_v11_mc_answer,multiple_choice,38,"Ընտրիր "ռեժիսոր"-ի թարգմանությունը","Choose the meaning of "director"","Выбери перевод "режиссёр""
w10_l1,w10_l1_v11_mc_prompt,multiple_choice,42,"Ընտրիր "բեմ"-ի թարգմանությունը","Choose the meaning of "stage"","Выбери перевод "сцена""
w10_l1,w10_l1_v11_tr_answer,translate,43,"Թարգմանիր՝ "բեմ"","Translate: "բեմ"","Переведи: "բեմ""
w10_l1,w10_l1_v11_tr_prompt,translate,47,"Թարգմանիր՝ "քննադատ"","Translate: "քննադատ"","Переведи: "քննադատ""
w10_l1,w10_l1_v12,multiple_choice,48,"Ընտրիր "գլուխգործոց"-ի թարգմանությունը","Choose the meaning of "masterpiece"","Выбери перевод "шедевр""
w10_l1,w10_l1_v12_mc_answer,translate,49,"Թարգմանիր՝ "գլուխգործոց"","Translate: "գլուխգործոց"","Переведи: "գլուխգործոց""
w10_l10,w10_l10_match_prompt,translate,3,"Թարգմանիր՝ "նկարիչ"","Translate: "նկարիչ"","Переведи: "նկարիչ""
w10_l10,w10_l10_v0,multiple_choice,4,"Ընտրիր "գործ"-ի թարգմանությունը","Choose the meaning of "work (art)"","Выбери перевод "произведение""
w10_l10,w10_l10_v0_mc_answer,translate,5,"Թարգմանիր՝ "գործ"","Translate: "գործ"","Переведи: "գործ""
w10_l10,w10_l10_v0_mc_prompt,translate,9,"Թարգմանիր՝ "թանգարան"","Translate: "թանգարան"","Переведи: "թանգարան""
w10_l10,w10_l10_v0_tr_answer,multiple_choice,10,"Ընտրիր "պատկերասրահ"-ի թարգմանությունը","Choose the meaning of "gallery"","Выбери перевод "галерея""
w10_l10,w10_l10_v0_tr_prompt,multiple_choice,14,"Ընտրիր "ոգեշնչում"-ի թարգմանությունը","Choose the meaning of "inspiration"","Выбери перевод "вдохновение""
w10_l10,w10_l10_v1,translate,15,"Թարգմանիր՝ "ոգեշնչում"","Translate: "ոգեշնչում"","Переведи: "ոգեշնչում""
w10_l10,w10_l10_v1_mc_answer,multiple_choice,16,"Ընտրիր "ստեղծագործել"-ի թարգմանությունը","Choose the meaning of "to create"","Выбери перевод "создавать""
w10_l10,w10_l10_v1_mc_prompt,multiple_choice,20,"Ընտրիր "զգացմունք"-ի թարգմանությունը","Choose the meaning of "emotion"","Выбери перевод "эмоция""
w10_l10,w10_l10_v1_tr_answer,translate,21,"Թարգմանիր՝ "զգացմունք"","Translate: "զգացմունք"","Переведи: "զգացմունք""
w10_l10,w10_l10_v1_tr_prompt,translate,25,"Թարգմանիր՝ "ոճ"","Translate: "ոճ"","Переведи: "ոճ""
w10_l10,w10_l10_v10,multiple_choice,26,"Ընտրիր "դասական"-ի թարգմանությունը","Choose the meaning of "classical"","Выбери перевод "классический""
w10_l10,w10_l10_v10_mc_answer,translate,27,"Թարգմանիր՝ "դասական"","Translate: "դասական"","Переведи: "դասական""
w10_l10,w10_l10_v10_mc_prompt,translate,31,"Թարգմանիր՝ "վեպ"","Translate: "վեպ"","Переведи: "վեպ""
w10_l10,w10_l10_v10_tr_answer,multiple_choice,32,"Ընտրիր "բանաստեղծություն"-ի թարգմանությունը","Choose the meaning of "poem"","Выбери перевод "стихотворение""
w10_l10,w10_l10_v10_tr_prompt,multiple_choice,36,"Ընտրիր "ֆիլմ"-ի թարգմանությունը","Choose the meaning of "film"","Выбери перевод "фильм""
w10_l10,w10_l10_v11,translate,37,"Թարգմանիր՝ "ֆիլմ"","Translate: "ֆիլմ"","Переведи: "ֆիլմ""
w10_l10,w10_l10_v11_mc_answer,multiple_choice,38,"Ընտրիր "ռեժիսոր"-ի թարգմանությունը","Choose the meaning of "director"","Выбери перевод "режиссёр""
w10_l10,w10_l10_v11_mc_prompt,multiple_choice,42,"Ընտրիր "բեմ"-ի թարգմանությունը","Choose the meaning of "stage"","Выбери перевод "сцена""
w10_l10,w10_l10_v11_tr_answer,translate,43,"Թարգմանիր՝ "բեմ"","Translate: "բեմ"","Переведи: "բեմ""
w10_l10,w10_l10_v11_tr_prompt,translate,47,"Թարգմանիր՝ "քննադատ"","Translate: "քննադատ"","Переведи: "քննադատ""
w10_l10,w10_l10_v12,multiple_choice,48,"Ընտրիր "գլուխգործոց"-ի թարգմանությունը","Choose the meaning of "masterpiece"","Выбери перевод "шедевр""
w10_l10,w10_l10_v12_mc_answer,translate,49,"Թարգմանիր՝ "գլուխգործոց"","Translate: "գլուխգործոց"","Переведи: "գլուխգործոց""
w10_l2,w10_l2_match_prompt,translate,3,"Թարգմանիր՝ "նկարիչ"","Translate: "նկարիչ"","Переведи: "նկարիչ""
w10_l2,w10_l2_v0,multiple_choice,4,"Ընտրիր "գործ"-ի թարգմանությունը","Choose the meaning of "work (art)"","Выбери перевод "произведение""
w10_l2,w10_l2_v0_mc_answer,translate,5,"Թարգմանիր՝ "գործ"","Translate: "գործ"","Переведи: "գործ""
w10_l2,w10_l2_v0_mc_prompt,translate,9,"Թարգմանիր՝ "թանգարան"","Translate: "թանգարան"","Переведи: "թանգարան""
w10_l2,w10_l2_v0_tr_answer,multiple_choice,10,"Ընտրիր "պատկերասրահ"-ի թարգմանությունը","Choose the meaning of "gallery"","Выбери перевод "галерея""
w10_l2,w10_l2_v0_tr_prompt,multiple_choice,14,"Ընտրիր "ոգեշնչում"-ի թարգմանությունը","Choose the meaning of "inspiration"","Выбери перевод "вдохновение""
w10_l2,w10_l2_v1,translate,15,"Թարգմանիր՝ "ոգեշնչում"","Translate: "ոգեշնչում"","Переведи: "ոգեշնչում""
w10_l2,w10_l2_v1_mc_answer,multiple_choice,16,"Ընտրիր "ստեղծագործել"-ի թարգմանությունը","Choose the meaning of "to create"","Выбери перевод "создавать""
w10_l2,w10_l2_v1_mc_prompt,multiple_choice,20,"Ընտրիր "զգացմունք"-ի թարգմանությունը","Choose the meaning of "emotion"","Выбери перевод "эмоция""
w10_l2,w10_l2_v1_tr_answer,translate,21,"Թարգմանիր՝ "զգացմունք"","Translate: "զգացմունք"","Переведи: "զգացմունք""
w10_l2,w10_l2_v1_tr_prompt,translate,25,"Թարգմանիր՝ "ոճ"","Translate: "ոճ"","Переведи: "ոճ""
w10_l2,w10_l2_v10,multiple_choice,26,"Ընտրիր "դասական"-ի թարգմանությունը","Choose the meaning of "classical"","Выбери перевод "классический""
w10_l2,w10_l2_v10_mc_answer,translate,27,"Թարգմանիր՝ "դասական"","Translate: "դասական"","Переведи: "դասական""
w10_l2,w10_l2_v10_mc_prompt,translate,31,"Թարգմանիր՝ "վեպ"","Translate: "վեպ"","Переведи: "վեպ""
w10_l2,w10_l2_v10_tr_answer,multiple_choice,32,"Ընտրիր "բանաստեղծություն"-ի թարգմանությունը","Choose the meaning of "poem"","Выбери перевод "стихотворение""
w10_l2,w10_l2_v10_tr_prompt,multiple_choice,36,"Ընտրիր "ֆիլմ"-ի թարգմանությունը","Choose the meaning of "film"","Выбери перевод "фильм""
w10_l2,w10_l2_v11,translate,37,"Թարգմանիր՝ "ֆիլմ"","Translate: "ֆիլմ"","Переведи: "ֆիլմ""
w10_l2,w10_l2_v11_mc_answer,multiple_choice,38,"Ընտրիր "ռեժիսոր"-ի թարգմանությունը","Choose the meaning of "director"","Выбери перевод "режиссёр""
w10_l2,w10_l2_v11_mc_prompt,multiple_choice,42,"Ընտրիր "բեմ"-ի թարգմանությունը","Choose the meaning of "stage"","Выбери перевод "сцена""
w10_l2,w10_l2_v11_tr_answer,translate,43,"Թարգմանիր՝ "բեմ"","Translate: "բեմ"","Переведи: "բեմ""
w10_l2,w10_l2_v11_tr_prompt,translate,47,"Թարգմանիր՝ "քննադատ"","Translate: "քննադատ"","Переведи: "քննադատ""
w10_l2,w10_l2_v12,multiple_choice,48,"Ընտրիր "գլուխգործոց"-ի թարգմանությունը","Choose the meaning of "masterpiece"","Выбери перевод "шедевр""
w10_l2,w10_l2_v12_mc_answer,translate,49,"Թարգմանիր՝ "գլուխգործոց"","Translate: "գլուխգործոց"","Переведи: "գլուխգործոց""
w10_l3,w10_l3_match_prompt,translate,3,"Թարգմանիր՝ "նկարիչ"","Translate: "նկարիչ"","Переведи: "նկարիչ""
w10_l3,w10_l3_v0,multiple_choice,4,"Ընտրիր "գործ"-ի թարգմանությունը","Choose the meaning of "work (art)"","Выбери перевод "произведение""
w10_l3,w10_l3_v0_mc_answer,translate,5,"Թարգմանիր՝ "գործ"","Translate: "գործ"","Переведи: "գործ""
w10_l3,w10_l3_v0_mc_prompt,translate,9,"Թարգմանիր՝ "թանգարան"","Translate: "թանգարան"","Переведи: "թանգարան""
w10_l3,w10_l3_v0_tr_answer,multiple_choice,10,"Ընտրիր "պատկերասրահ"-ի թարգմանությունը","Choose the meaning of "gallery"","Выбери перевод "галерея""
w10_l3,w10_l3_v0_tr_prompt,multiple_choice,14,"Ընտրիր "ոգեշնչում"-ի թարգմանությունը","Choose the meaning of "inspiration"","Выбери перевод "вдохновение""
w10_l3,w10_l3_v1,translate,15,"Թարգմանիր՝ "ոգեշնչում"","Translate: "ոգեշնչում"","Переведи: "ոգեշնչում""
w10_l3,w10_l3_v1_mc_answer,multiple_choice,16,"Ընտրիր "ստեղծագործել"-ի թարգմանությունը","Choose the meaning of "to create"","Выбери перевод "создавать""
w10_l3,w10_l3_v1_mc_prompt,multiple_choice,20,"Ընտրիր "զգացմունք"-ի թարգմանությունը","Choose the meaning of "emotion"","Выбери перевод "эмоция""
w10_l3,w10_l3_v1_tr_answer,translate,21,"Թարգմանիր՝ "զգացմունք"","Translate: "զգացմունք"","Переведи: "զգացմունք""
w10_l3,w10_l3_v1_tr_prompt,translate,25,"Թարգմանիր՝ "ոճ"","Translate: "ոճ"","Переведи: "ոճ""
w10_l3,w10_l3_v10,multiple_choice,26,"Ընտրիր "դասական"-ի թարգմանությունը","Choose the meaning of "classical"","Выбери перевод "классический""
w10_l3,w10_l3_v10_mc_answer,translate,27,"Թարգմանիր՝ "դասական"","Translate: "դասական"","Переведи: "դասական""
w10_l3,w10_l3_v10_mc_prompt,translate,31,"Թարգմանիր՝ "վեպ"","Translate: "վեպ"","Переведи: "վեպ""
w10_l3,w10_l3_v10_tr_answer,multiple_choice,32,"Ընտրիր "բանաստեղծություն"-ի թարգմանությունը","Choose the meaning of "poem"","Выбери перевод "стихотворение""
w10_l3,w10_l3_v10_tr_prompt,multiple_choice,36,"Ընտրիր "ֆիլմ"-ի թարգմանությունը","Choose the meaning of "film"","Выбери перевод "фильм""
w10_l3,w10_l3_v11,translate,37,"Թարգմանիր՝ "ֆիլմ"","Translate: "ֆիլմ"","Переведи: "ֆիլմ""
w10_l3,w10_l3_v11_mc_answer,multiple_choice,38,"Ընտրիր "ռեժիսոր"-ի թարգմանությունը","Choose the meaning of "director"","Выбери перевод "режиссёр""
w10_l3,w10_l3_v11_mc_prompt,multiple_choice,42,"Ընտրիր "բեմ"-ի թարգմանությունը","Choose the meaning of "stage"","Выбери перевод "сцена""
w10_l3,w10_l3_v11_tr_answer,translate,43,"Թարգմանիր՝ "բեմ"","Translate: "բեմ"","Переведи: "բեմ""
w10_l3,w10_l3_v11_tr_prompt,translate,47,"Թարգմանիր՝ "քննադատ"","Translate: "քննադատ"","Переведи: "քննադատ""
w10_l3,w10_l3_v12,multiple_choice,48,"Ընտրիր "գլուխգործոց"-ի թարգմանությունը","Choose the meaning of "masterpiece"","Выбери перевод "шедевр""
w10_l3,w10_l3_v12_mc_answer,translate,49,"Թարգմանիր՝ "գլուխգործոց"","Translate: "գլուխգործոց"","Переведи: "գլուխգործոց""
w10_l4,w10_l4_match_prompt,translate,3,"Թարգմանիր՝ "նկարիչ"","Translate: "նկարիչ"","Переведи: "նկարիչ""
w10_l4,w10_l4_v0,multiple_choice,4,"Ընտրիր "գործ"-ի թարգմանությունը","Choose the meaning of "work (art)"","Выбери перевод "произведение""
w10_l4,w10_l4_v0_mc_answer,translate,5,"Թարգմանիր՝ "գործ"","Translate: "գործ"","Переведи: "գործ""
w10_l4,w10_l4_v0_mc_prompt,translate,9,"Թարգմանիր՝ "թանգարան"","Translate: "թանգարան"","Переведи: "թանգարան""
w10_l4,w10_l4_v0_tr_answer,multiple_choice,10,"Ընտրիր "պատկերասրահ"-ի թարգմանությունը","Choose the meaning of "gallery"","Выбери перевод "галерея""
w10_l4,w10_l4_v0_tr_prompt,multiple_choice,14,"Ընտրիր "ոգեշնչում"-ի թարգմանությունը","Choose the meaning of "inspiration"","Выбери перевод "вдохновение""
w10_l4,w10_l4_v1,translate,15,"Թարգմանիր՝ "ոգեշնչում"","Translate: "ոգեշնչում"","Переведи: "ոգեշնչում""
w10_l4,w10_l4_v1_mc_answer,multiple_choice,16,"Ընտրիր "ստեղծագործել"-ի թարգմանությունը","Choose the meaning of "to create"","Выбери перевод "создавать""
w10_l4,w10_l4_v1_mc_prompt,multiple_choice,20,"Ընտրիր "զգացմունք"-ի թարգմանությունը","Choose the meaning of "emotion"","Выбери перевод "эмоция""
w10_l4,w10_l4_v1_tr_answer,translate,21,"Թարգմանիր՝ "զգացմունք"","Translate: "զգացմունք"","Переведи: "զգացմունք""
w10_l4,w10_l4_v1_tr_prompt,translate,25,"Թարգմանիր՝ "ոճ"","Translate: "ոճ"","Переведи: "ոճ""
w10_l4,w10_l4_v10,multiple_choice,26,"Ընտրիր "դասական"-ի թարգմանությունը","Choose the meaning of "classical"","Выбери перевод "классический""
w10_l4,w10_l4_v10_mc_answer,translate,27,"Թարգմանիր՝ "դասական"","Translate: "դասական"","Переведи: "դասական""
w10_l4,w10_l4_v10_mc_prompt,translate,31,"Թարգմանիր՝ "վեպ"","Translate: "վեպ"","Переведи: "վեպ""
w10_l4,w10_l4_v10_tr_answer,multiple_choice,32,"Ընտրիր "բանաստեղծություն"-ի թարգմանությունը","Choose the meaning of "poem"","Выбери перевод "стихотворение""
w10_l4,w10_l4_v10_tr_prompt,multiple_choice,36,"Ընտրիր "ֆիլմ"-ի թարգմանությունը","Choose the meaning of "film"","Выбери перевод "фильм""
w10_l4,w10_l4_v11,translate,37,"Թարգմանիր՝ "ֆիլմ"","Translate: "ֆիլմ"","Переведи: "ֆիլմ""
w10_l4,w10_l4_v11_mc_answer,multiple_choice,38,"Ընտրիր "ռեժիսոր"-ի թարգմանությունը","Choose the meaning of "director"","Выбери перевод "режиссёр""
w10_l4,w10_l4_v11_mc_prompt,multiple_choice,42,"Ընտրիր "բեմ"-ի թարգմանությունը","Choose the meaning of "stage"","Выбери перевод "сцена""
w10_l4,w10_l4_v11_tr_answer,translate,43,"Թարգմանիր՝ "բեմ"","Translate: "բեմ"","Переведи: "բեմ""
w10_l4,w10_l4_v11_tr_prompt,translate,47,"Թարգմանիր՝ "քննադատ"","Translate: "քննադատ"","Переведи: "քննադատ""
w10_l4,w10_l4_v12,multiple_choice,48,"Ընտրիր "գլուխգործոց"-ի թարգմանությունը","Choose the meaning of "masterpiece"","Выбери перевод "шедевр""
w10_l4,w10_l4_v12_mc_answer,translate,49,"Թարգմանիր՝ "գլուխգործոց"","Translate: "գլուխգործոց"","Переведи: "գլուխգործոց""
w10_l5,w10_l5_match_prompt,translate,3,"Թարգմանիր՝ "նկարիչ"","Translate: "նկարիչ"","Переведи: "նկարիչ""
w10_l5,w10_l5_v0,multiple_choice,4,"Ընտրիր "գործ"-ի թարգմանությունը","Choose the meaning of "work (art)"","Выбери перевод "произведение""
w10_l5,w10_l5_v0_mc_answer,translate,5,"Թարգմանիր՝ "գործ"","Translate: "գործ"","Переведи: "գործ""
w10_l5,w10_l5_v0_mc_prompt,translate,9,"Թարգմանիր՝ "թանգարան"","Translate: "թանգարան"","Переведи: "թանգարան""
w10_l5,w10_l5_v0_tr_answer,multiple_choice,10,"Ընտրիր "պատկերասրահ"-ի թարգմանությունը","Choose the meaning of "gallery"","Выбери перевод "галерея""
w10_l5,w10_l5_v0_tr_prompt,multiple_choice,14,"Ընտրիր "ոգեշնչում"-ի թարգմանությունը","Choose the meaning of "inspiration"","Выбери перевод "вдохновение""
w10_l5,w10_l5_v1,translate,15,"Թարգմանիր՝ "ոգեշնչում"","Translate: "ոգեշնչում"","Переведи: "ոգեշնչում""
w10_l5,w10_l5_v1_mc_answer,multiple_choice,16,"Ընտրիր "ստեղծագործել"-ի թարգմանությունը","Choose the meaning of "to create"","Выбери перевод "создавать""
w10_l5,w10_l5_v1_mc_prompt,multiple_choice,20,"Ընտրիր "զգացմունք"-ի թարգմանությունը","Choose the meaning of "emotion"","Выбери перевод "эмоция""
w10_l5,w10_l5_v1_tr_answer,translate,21,"Թարգմանիր՝ "զգացմունք"","Translate: "զգացմունք"","Переведи: "զգացմունք""
w10_l5,w10_l5_v1_tr_prompt,translate,25,"Թարգմանիր՝ "ոճ"","Translate: "ոճ"","Переведи: "ոճ""
w10_l5,w10_l5_v10,multiple_choice,26,"Ընտրիր "դասական"-ի թարգմանությունը","Choose the meaning of "classical"","Выбери перевод "классический""
w10_l5,w10_l5_v10_mc_answer,translate,27,"Թարգմանիր՝ "դասական"","Translate: "դասական"","Переведи: "դասական""
w10_l5,w10_l5_v10_mc_prompt,translate,31,"Թարգմանիր՝ "վեպ"","Translate: "վեպ"","Переведи: "վեպ""
w10_l5,w10_l5_v10_tr_answer,multiple_choice,32,"Ընտրիր "բանաստեղծություն"-ի թարգմանությունը","Choose the meaning of "poem"","Выбери перевод "стихотворение""
w10_l5,w10_l5_v10_tr_prompt,multiple_choice,36,"Ընտրիր "ֆիլմ"-ի թարգմանությունը","Choose the meaning of "film"","Выбери перевод "фильм""
w10_l5,w10_l5_v11,translate,37,"Թարգմանիր՝ "ֆիլմ"","Translate: "ֆիլմ"","Переведи: "ֆիլմ""
w10_l5,w10_l5_v11_mc_answer,multiple_choice,38,"Ընտրիր "ռեժիսոր"-ի թարգմանությունը","Choose the meaning of "director"","Выбери перевод "режиссёр""
w10_l5,w10_l5_v11_mc_prompt,multiple_choice,42,"Ընտրիր "բեմ"-ի թարգմանությունը","Choose the meaning of "stage"","Выбери перевод "сцена""
w10_l5,w10_l5_v11_tr_answer,translate,43,"Թարգմանիր՝ "բեմ"","Translate: "բեմ"","Переведи: "բեմ""
w10_l5,w10_l5_v11_tr_prompt,translate,47,"Թարգմանիր՝ "քննադատ"","Translate: "քննադատ"","Переведи: "քննադատ""
w10_l5,w10_l5_v12,multiple_choice,48,"Ընտրիր "գլուխգործոց"-ի թարգմանությունը","Choose the meaning of "masterpiece"","Выбери перевод "шедевр""
w10_l5,w10_l5_v12_mc_answer,translate,49,"Թարգմանիր՝ "գլուխգործոց"","Translate: "գլուխգործոց"","Переведи: "գլուխգործոց""
w10_l6,w10_l6_match_prompt,translate,3,"Թարգմանիր՝ "նկարիչ"","Translate: "նկարիչ"","Переведи: "նկարիչ""
w10_l6,w10_l6_v0,multiple_choice,4,"Ընտրիր "գործ"-ի թարգմանությունը","Choose the meaning of "work (art)"","Выбери перевод "произведение""
w10_l6,w10_l6_v0_mc_answer,translate,5,"Թարգմանիր՝ "գործ"","Translate: "գործ"","Переведи: "գործ""
w10_l6,w10_l6_v0_mc_prompt,translate,9,"Թարգմանիր՝ "թանգարան"","Translate: "թանգարան"","Переведи: "թանգարան""
w10_l6,w10_l6_v0_tr_answer,multiple_choice,10,"Ընտրիր "պատկերասրահ"-ի թարգմանությունը","Choose the meaning of "gallery"","Выбери перевод "галерея""
w10_l6,w10_l6_v0_tr_prompt,multiple_choice,14,"Ընտրիր "ոգեշնչում"-ի թարգմանությունը","Choose the meaning of "inspiration"","Выбери перевод "вдохновение""
w10_l6,w10_l6_v1,translate,15,"Թարգմանիր՝ "ոգեշնչում"","Translate: "ոգեշնչում"","Переведи: "ոգեշնչում""
w10_l6,w10_l6_v1_mc_answer,multiple_choice,16,"Ընտրիր "ստեղծագործել"-ի թարգմանությունը","Choose the meaning of "to create"","Выбери перевод "создавать""
w10_l6,w10_l6_v1_mc_prompt,multiple_choice,20,"Ընտրիր "զգացմունք"-ի թարգմանությունը","Choose the meaning of "emotion"","Выбери перевод "эмоция""
w10_l6,w10_l6_v1_tr_answer,translate,21,"Թարգմանիր՝ "զգացմունք"","Translate: "զգացմունք"","Переведи: "զգացմունք""
w10_l6,w10_l6_v1_tr_prompt,translate,25,"Թարգմանիր՝ "ոճ"","Translate: "ոճ"","Переведи: "ոճ""
w10_l6,w10_l6_v10,multiple_choice,26,"Ընտրիր "դասական"-ի թարգմանությունը","Choose the meaning of "classical"","Выбери перевод "классический""
w10_l6,w10_l6_v10_mc_answer,translate,27,"Թարգմանիր՝ "դասական"","Translate: "դասական"","Переведи: "դասական""
w10_l6,w10_l6_v10_mc_prompt,translate,31,"Թարգմանիր՝ "վեպ"","Translate: "վեպ"","Переведи: "վեպ""
w10_l6,w10_l6_v10_tr_answer,multiple_choice,32,"Ընտրիր "բանաստեղծություն"-ի թարգմանությունը","Choose the meaning of "poem"","Выбери перевод "стихотворение""
w10_l6,w10_l6_v10_tr_prompt,multiple_choice,36,"Ընտրիր "ֆիլմ"-ի թարգմանությունը","Choose the meaning of "film"","Выбери перевод "фильм""
w10_l6,w10_l6_v11,translate,37,"Թարգմանիր՝ "ֆիլմ"","Translate: "ֆիլմ"","Переведи: "ֆիլմ""
w10_l6,w10_l6_v11_mc_answer,multiple_choice,38,"Ընտրիր "ռեժիսոր"-ի թարգմանությունը","Choose the meaning of "director"","Выбери перевод "режиссёр""
w10_l6,w10_l6_v11_mc_prompt,multiple_choice,42,"Ընտրիր "բեմ"-ի թարգմանությունը","Choose the meaning of "stage"","Выбери перевод "сцена""
w10_l6,w10_l6_v11_tr_answer,translate,43,"Թարգմանիր՝ "բեմ"","Translate: "բեմ"","Переведи: "բեմ""
w10_l6,w10_l6_v11_tr_prompt,translate,47,"Թարգմանիր՝ "քննադատ"","Translate: "քննադատ"","Переведи: "քննադատ""
w10_l6,w10_l6_v12,multiple_choice,48,"Ընտրիր "գլուխգործոց"-ի թարգմանությունը","Choose the meaning of "masterpiece"","Выбери перевод "шедевр""
w10_l6,w10_l6_v12_mc_answer,translate,49,"Թարգմանիր՝ "գլուխգործոց"","Translate: "գլուխգործոց"","Переведи: "գլուխգործոց""
w10_l7,w10_l7_match_prompt,translate,3,"Թարգմանիր՝ "նկարիչ"","Translate: "նկարիչ"","Переведи: "նկարիչ""
w10_l7,w10_l7_v0,multiple_choice,4,"Ընտրիր "գործ"-ի թարգմանությունը","Choose the meaning of "work (art)"","Выбери перевод "произведение""
w10_l7,w10_l7_v0_mc_answer,translate,5,"Թարգմանիր՝ "գործ"","Translate: "գործ"","Переведи: "գործ""
w10_l7,w10_l7_v0_mc_prompt,translate,9,"Թարգմանիր՝ "թանգարան"","Translate: "թանգարան"","Переведи: "թանգարան""
w10_l7,w10_l7_v0_tr_answer,multiple_choice,10,"Ընտրիր "պատկերասրահ"-ի թարգմանությունը","Choose the meaning of "gallery"","Выбери перевод "галерея""
w10_l7,w10_l7_v0_tr_prompt,multiple_choice,14,"Ընտրիր "ոգեշնչում"-ի թարգմանությունը","Choose the meaning of "inspiration"","Выбери перевод "вдохновение""
w10_l7,w10_l7_v1,translate,15,"Թարգմանիր՝ "ոգեշնչում"","Translate: "ոգեշնչում"","Переведи: "ոգեշնչում""
w10_l7,w10_l7_v1_mc_answer,multiple_choice,16,"Ընտրիր "ստեղծագործել"-ի թարգմանությունը","Choose the meaning of "to create"","Выбери перевод "создавать""
w10_l7,w10_l7_v1_mc_prompt,multiple_choice,20,"Ընտրիր "զգացմունք"-ի թարգմանությունը","Choose the meaning of "emotion"","Выбери перевод "эмоция""
w10_l7,w10_l7_v1_tr_answer,translate,21,"Թարգմանիր՝ "զգացմունք"","Translate: "զգացմունք"","Переведи: "զգացմունք""
w10_l7,w10_l7_v1_tr_prompt,translate,25,"Թարգմանիր՝ "ոճ"","Translate: "ոճ"","Переведи: "ոճ""
w10_l7,w10_l7_v10,multiple_choice,26,"Ընտրիր "դասական"-ի թարգմանությունը","Choose the meaning of "classical"","Выбери перевод "классический""
w10_l7,w10_l7_v10_mc_answer,translate,27,"Թարգմանիր՝ "դասական"","Translate: "դասական"","Переведи: "դասական""
w10_l7,w10_l7_v10_mc_prompt,translate,31,"Թարգմանիր՝ "վեպ"","Translate: "վեպ"","Переведи: "վեպ""
w10_l7,w10_l7_v10_tr_answer,multiple_choice,32,"Ընտրիր "բանաստեղծություն"-ի թարգմանությունը","Choose the meaning of "poem"","Выбери перевод "стихотворение""
w10_l7,w10_l7_v10_tr_prompt,multiple_choice,36,"Ընտրիր "ֆիլմ"-ի թարգմանությունը","Choose the meaning of "film"","Выбери перевод "фильм""
w10_l7,w10_l7_v11,translate,37,"Թարգմանիր՝ "ֆիլմ"","Translate: "ֆիլմ"","Переведи: "ֆիլմ""
w10_l7,w10_l7_v11_mc_answer,multiple_choice,38,"Ընտրիր "ռեժիսոր"-ի թարգմանությունը","Choose the meaning of "director"","Выбери перевод "режиссёр""
w10_l7,w10_l7_v11_mc_prompt,multiple_choice,42,"Ընտրիր "բեմ"-ի թարգմանությունը","Choose the meaning of "stage"","Выбери перевод "сцена""
w10_l7,w10_l7_v11_tr_answer,translate,43,"Թարգմանիր՝ "բեմ"","Translate: "բեմ"","Переведи: "բեմ""
w10_l7,w10_l7_v11_tr_prompt,translate,47,"Թարգմանիր՝ "քննադատ"","Translate: "քննադատ"","Переведи: "քննադատ""
w10_l7,w10_l7_v12,multiple_choice,48,"Ընտրիր "գլուխգործոց"-ի թարգմանությունը","Choose the meaning of "masterpiece"","Выбери перевод "шедевр""
w10_l7,w10_l7_v12_mc_answer,translate,49,"Թարգմանիր՝ "գլուխգործոց"","Translate: "գլուխգործոց"","Переведи: "գլուխգործոց""
w10_l8,w10_l8_match_prompt,translate,3,"Թարգմանիր՝ "նկարիչ"","Translate: "նկարիչ"","Переведи: "նկարիչ""
w10_l8,w10_l8_v0,multiple_choice,4,"Ընտրիր "գործ"-ի թարգմանությունը","Choose the meaning of "work (art)"","Выбери перевод "произведение""
w10_l8,w10_l8_v0_mc_answer,translate,5,"Թարգմանիր՝ "գործ"","Translate: "գործ"","Переведи: "գործ""
w10_l8,w10_l8_v0_mc_prompt,translate,9,"Թարգմանիր՝ "թանգարան"","Translate: "թանգարան"","Переведи: "թանգարան""
w10_l8,w10_l8_v0_tr_answer,multiple_choice,10,"Ընտրիր "պատկերասրահ"-ի թարգմանությունը","Choose the meaning of "gallery"","Выбери перевод "галерея""
w10_l8,w10_l8_v0_tr_prompt,multiple_choice,14,"Ընտրիր "ոգեշնչում"-ի թարգմանությունը","Choose the meaning of "inspiration"","Выбери перевод "вдохновение""
w10_l8,w10_l8_v1,translate,15,"Թարգմանիր՝ "ոգեշնչում"","Translate: "ոգեշնչում"","Переведи: "ոգեշնչում""
w10_l8,w10_l8_v1_mc_answer,multiple_choice,16,"Ընտրիր "ստեղծագործել"-ի թարգմանությունը","Choose the meaning of "to create"","Выбери перевод "создавать""
w10_l8,w10_l8_v1_mc_prompt,multiple_choice,20,"Ընտրիր "զգացմունք"-ի թարգմանությունը","Choose the meaning of "emotion"","Выбери перевод "эмоция""
w10_l8,w10_l8_v1_tr_answer,translate,21,"Թարգմանիր՝ "զգացմունք"","Translate: "զգացմունք"","Переведи: "զգացմունք""
w10_l8,w10_l8_v1_tr_prompt,translate,25,"Թարգմանիր՝ "ոճ"","Translate: "ոճ"","Переведи: "ոճ""
w10_l8,w10_l8_v10,multiple_choice,26,"Ընտրիր "դասական"-ի թարգմանությունը","Choose the meaning of "classical"","Выбери перевод "классический""
w10_l8,w10_l8_v10_mc_answer,translate,27,"Թարգմանիր՝ "դասական"","Translate: "դասական"","Переведи: "դասական""
w10_l8,w10_l8_v10_mc_prompt,translate,31,"Թարգմանիր՝ "վեպ"","Translate: "վեպ"","Переведи: "վեպ""
w10_l8,w10_l8_v10_tr_answer,multiple_choice,32,"Ընտրիր "բանաստեղծություն"-ի թարգմանությունը","Choose the meaning of "poem"","Выбери перевод "стихотворение""
w10_l8,w10_l8_v10_tr_prompt,multiple_choice,36,"Ընտրիր "ֆիլմ"-ի թարգմանությունը","Choose the meaning of "film"","Выбери перевод "фильм""
w10_l8,w10_l8_v11,translate,37,"Թարգմանիր՝ "ֆիլմ"","Translate: "ֆիլմ"","Переведи: "ֆիլմ""
w10_l8,w10_l8_v11_mc_answer,multiple_choice,38,"Ընտրիր "ռեժիսոր"-ի թարգմանությունը","Choose the meaning of "director"","Выбери перевод "режиссёр""
w10_l8,w10_l8_v11_mc_prompt,multiple_choice,42,"Ընտրիր "բեմ"-ի թարգմանությունը","Choose the meaning of "stage"","Выбери перевод "сцена""
w10_l8,w10_l8_v11_tr_answer,translate,43,"Թարգմանիր՝ "բեմ"","Translate: "բեմ"","Переведи: "բեմ""
w10_l8,w10_l8_v11_tr_prompt,translate,47,"Թարգմանիր՝ "քննադատ"","Translate: "քննադատ"","Переведи: "քննադատ""
w10_l8,w10_l8_v12,multiple_choice,48,"Ընտրիր "գլուխգործոց"-ի թարգմանությունը","Choose the meaning of "masterpiece"","Выбери перевод "шедевр""
w10_l8,w10_l8_v12_mc_answer,translate,49,"Թարգմանիր՝ "գլուխգործոց"","Translate: "գլուխգործոց"","Переведи: "գլուխգործոց""
w10_l9,w10_l9_match_prompt,translate,3,"Թարգմանիր՝ "նկարիչ"","Translate: "նկարիչ"","Переведи: "նկարիչ""
w10_l9,w10_l9_v0,multiple_choice,4,"Ընտրիր "գործ"-ի թարգմանությունը","Choose the meaning of "work (art)"","Выбери перевод "произведение""
w10_l9,w10_l9_v0_mc_answer,translate,5,"Թարգմանիր՝ "գործ"","Translate: "գործ"","Переведи: "գործ""
w10_l9,w10_l9_v0_mc_prompt,translate,9,"Թարգմանիր՝ "թանգարան"","Translate: "թանգարան"","Переведи: "թանգարան""
w10_l9,w10_l9_v0_tr_answer,multiple_choice,10,"Ընտրիր "պատկերասրահ"-ի թարգմանությունը","Choose the meaning of "gallery"","Выбери перевод "галерея""
w10_l9,w10_l9_v0_tr_prompt,multiple_choice,14,"Ընտրիր "ոգեշնչում"-ի թարգմանությունը","Choose the meaning of "inspiration"","Выбери перевод "вдохновение""
w10_l9,w10_l9_v1,translate,15,"Թարգմանիր՝ "ոգեշնչում"","Translate: "ոգեշնչում"","Переведи: "ոգեշնչում""
w10_l9,w10_l9_v1_mc_answer,multiple_choice,16,"Ընտրիր "ստեղծագործել"-ի թարգմանությունը","Choose the meaning of "to create"","Выбери перевод "создавать""
w10_l9,w10_l9_v1_mc_prompt,multiple_choice,20,"Ընտրիր "զգացմունք"-ի թարգմանությունը","Choose the meaning of "emotion"","Выбери перевод "эмоция""
w10_l9,w10_l9_v1_tr_answer,translate,21,"Թարգմանիր՝ "զգացմունք"","Translate: "զգացմունք"","Переведи: "զգացմունք""
w10_l9,w10_l9_v1_tr_prompt,translate,25,"Թարգմանիր՝ "ոճ"","Translate: "ոճ"","Переведи: "ոճ""
w10_l9,w10_l9_v10,multiple_choice,26,"Ընտրիր "դասական"-ի թարգմանությունը","Choose the meaning of "classical"","Выбери перевод "классический""
w10_l9,w10_l9_v10_mc_answer,translate,27,"Թարգմանիր՝ "դասական"","Translate: "դասական"","Переведи: "դասական""
w10_l9,w10_l9_v10_mc_prompt,translate,31,"Թարգմանիր՝ "վեպ"","Translate: "վեպ"","Переведи: "վեպ""
w10_l9,w10_l9_v10_tr_answer,multiple_choice,32,"Ընտրիր "բանաստեղծություն"-ի թարգմանությունը","Choose the meaning of "poem"","Выбери перевод "стихотворение""
w10_l9,w10_l9_v10_tr_prompt,multiple_choice,36,"Ընտրիր "ֆիլմ"-ի թարգմանությունը","Choose the meaning of "film"","Выбери перевод "фильм""
w10_l9,w10_l9_v11,translate,37,"Թարգմանիր՝ "ֆիլմ"","Translate: "ֆիլմ"","Переведи: "ֆիլմ""
w10_l9,w10_l9_v11_mc_answer,multiple_choice,38,"Ընտրիր "ռեժիսոր"-ի թարգմանությունը","Choose the meaning of "director"","Выбери перевод "режиссёр""
w10_l9,w10_l9_v11_mc_prompt,multiple_choice,42,"Ընտրիր "բեմ"-ի թարգմանությունը","Choose the meaning of "stage"","Выбери перевод "сцена""
w10_l9,w10_l9_v11_tr_answer,translate,43,"Թարգմանիր՝ "բեմ"","Translate: "բեմ"","Переведи: "բեմ""
w10_l9,w10_l9_v11_tr_prompt,translate,47,"Թարգմանիր՝ "քննադատ"","Translate: "քննադատ"","Переведи: "քննադատ""
w10_l9,w10_l9_v12,multiple_choice,48,"Ընտրիր "գլուխգործոց"-ի թարգմանությունը","Choose the meaning of "masterpiece"","Выбери перевод "шедевр""
w10_l9,w10_l9_v12_mc_answer,translate,49,"Թարգմանիր՝ "գլուխգործոց"","Translate: "գլուխգործոց"","Переведи: "գլուխգործոց""
w1_l1,w1_l1_match_prompt,translate,3,"Թարգմանիր՝ "ողջույն"","Translate: "ողջույն"","Переведи: "ողջույն""
w1_l1,w1_l10_match_prompt,translate,7,"Թարգմանիր՝ "բարի օր"","Translate: "բարի օր"","Переведи: "բարի օր""
w1_l1,w1_l10_v0,multiple_choice,8,"Ընտրիր "բարի երեկո"-ի թարգմանությունը","Choose the meaning of "good evening"","Выбери перевод "добрый вечер""
w1_l1,w1_l10_v0_mc_answer,translate,9,"Թարգմանիր՝ "բարի երեկո"","Translate: "բարի երեկո"","Переведи: "բարի երեկո""
w1_l1,w1_l10_v0_mc_prompt,translate,13,"Թարգմանիր՝ "ցտեսություն"","Translate: "ցտեսություն"","Переведи: "ցտեսություն""
w1_l1,w1_l10_v0_tr_answer,multiple_choice,14,"Ընտրիր "կտեսնվենք"-ի թարգմանությունը","Choose the meaning of "see you"","Выбери перевод "увидимся""
w1_l1,w1_l10_v0_tr_prompt,multiple_choice,18,"Ընտրիր "հաճելի է"-ի թարգմանությունը","Choose the meaning of "nice"","Выбери перевод "приятно""
w1_l1,w1_l10_v1,translate,19,"Թարգմանիր՝ "հաճելի է"","Translate: "հաճելի է"","Переведи: "հաճելի է""
w1_l1,w1_l10_v1_mc_answer,multiple_choice,20,"Ընտրիր "ծանոթանալ"-ի թարգմանությունը","Choose the meaning of "to meet"","Выбери перевод "познакомиться""
w1_l1,w1_l10_v1_mc_prompt,multiple_choice,24,"Ընտրիր "ընկեր"-ի թարգմանությունը","Choose the meaning of "friend"","Выбери перевод "друг""
w1_l1,w1_l10_v1_tr_answer,translate,25,"Թարգմանիր՝ "ընկեր"","Translate: "ընկեր"","Переведи: "ընկեր""
w1_l1,w1_l10_v1_tr_prompt,translate,29,"Թարգմանիր՝ "տիկին"","Translate: "տիկին"","Переведи: "տիկին""
w1_l1,w1_l10_v10,multiple_choice,30,"Ընտրիր "շնորհակալություն"-ի թարգմանությունը","Choose the meaning of "thank you"","Выбери перевод "спасибо""
w1_l1,w1_l10_v10_mc_answer,translate,31,"Թարգմանիր՝ "շնորհակալություն"","Translate: "շնորհակալություն"","Переведи: "շնորհակալություն""
w1_l1,w1_l10_v10_mc_prompt,translate,35,"Թարգմանիր՝ "ներեցեք"","Translate: "ներեցեք"","Переведи: "ներեցեք""
w1_l1,w1_l10_v10_tr_answer,multiple_choice,36,"Ընտրիր "այո"-ի թարգմանությունը","Choose the meaning of "yes"","Выбери перевод "да""
w1_l1,w1_l10_v10_tr_prompt,multiple_choice,40,"Ընտրիր "ինչպես"-ի թարգմանությունը","Choose the meaning of "how"","Выбери перевод "как""
w1_l1,w1_l10_v11,translate,41,"Թարգմանիր՝ "ինչպես"","Translate: "ինչպես"","Переведи: "ինչպես""
w1_l1,w1_l10_v11_mc_answer,multiple_choice,42,"Ընտրիր "լավ"-ի թարգմանությունը","Choose the meaning of "good"","Выбери перевод "хорошо""
w1_l1,w1_l10_v11_mc_prompt,multiple_choice,46,"Ընտրիր "վատ"-ի թարգմանությունը","Choose the meaning of "bad"","Выбери перевод "плохо""
w1_l1,w1_l10_v11_tr_answer,translate,47,"Թարգմանիր՝ "վատ"","Translate: "վատ"","Переведи: "վատ""
w1_l10,w1_l10_match_prompt,translate,3,"Թարգմանիր՝ "ուսուցիչ"","Translate: "ուսուցիչ"","Переведи: "ուսուցիչ""
w1_l10,w1_l10_v0,multiple_choice,4,"Ընտրիր "ինժեներ"-ի թարգմանությունը","Choose the meaning of "engineer"","Выбери перевод "инженер""
w1_l10,w1_l10_v0_mc_answer,translate,5,"Թարգմանիր՝ "ինժեներ"","Translate: "ինժեներ"","Переведи: "ինժեներ""
w1_l10,w1_l10_v0_mc_prompt,translate,9,"Թարգմանիր՝ "լրագրող"","Translate: "լրագրող"","Переведи: "լրագրող""
w1_l10,w1_l10_v0_tr_answer,multiple_choice,10,"Ընտրիր "իրավաբան"-ի թարգմանությունը","Choose the meaning of "lawyer"","Выбери перевод "юрист""
w1_l10,w1_l10_v0_tr_prompt,multiple_choice,14,"Ընտրիր "երաժիշտ"-ի թարգմանությունը","Choose the meaning of "musician"","Выбери перевод "музыкант""
w1_l10,w1_l10_v1,translate,15,"Թարգմանիր՝ "երաժիշտ"","Translate: "երաժիշտ"","Переведи: "երաժիշտ""
w1_l10,w1_l10_v1_mc_answer,multiple_choice,16,"Ընտրիր "խոհարար"-ի թարգմանությունը","Choose the meaning of "cook"","Выбери перевод "повар""
w1_l10,w1_l10_v1_mc_prompt,multiple_choice,20,"Ընտրիր "վարորդ"-ի թարգմանությունը","Choose the meaning of "driver"","Выбери перевод "водитель""
w1_l10,w1_l10_v1_tr_answer,translate,21,"Թարգմանիր՝ "վարորդ"","Translate: "վարորդ"","Переведи: "վարորդ""
w1_l10,w1_l10_v1_tr_prompt,translate,25,"Թարգմանիր՝ "զինվոր"","Translate: "զինվոր"","Переведи: "զինվոր""
w1_l10,w1_l10_v10,multiple_choice,26,"Ընտրիր "քարտուղարուհի"-ի թարգմանությունը","Choose the meaning of "secretary"","Выбери перевод "секретарь""
w1_l10,w1_l10_v10_mc_answer,translate,27,"Թարգմանիր՝ "քարտուղարուհի"","Translate: "քարտուղարուհի"","Переведи: "քարտուղարուհի""
w1_l10,w1_l10_v10_mc_prompt,translate,31,"Թարգմանիր՝ "տնօրեն"","Translate: "տնօրեն"","Переведи: "տնօրեն""
w1_l10,w1_l10_v10_tr_answer,multiple_choice,32,"Ընտրիր "գիտնական"-ի թարգմանությունը","Choose the meaning of "scientist"","Выбери перевод "учёный""
w1_l10,w1_l10_v10_tr_prompt,multiple_choice,36,"Ընտրիր "ճարտարապետ"-ի թարգմանությունը","Choose the meaning of "architect"","Выбери перевод "архитектор""
w1_l10,w1_l10_v11,translate,37,"Թարգմանիր՝ "ճարտարապետ"","Translate: "ճարտարապետ"","Переведи: "ճարտարապետ""
w1_l10,w1_l10_v11_mc_answer,multiple_choice,38,"Ընտրիր "լուսանկարիչ"-ի թարգմանությունը","Choose the meaning of "photographer"","Выбери перевод "фотограф""
w1_l10,w1_l10_v11_mc_prompt,multiple_choice,42,"Ընտրիր "մասնագիտություն"-ի թարգմանությունը","Choose the meaning of "profession"","Выбери перевод "профессия""
w1_l10,w1_l10_v11_tr_answer,translate,43,"Թարգմանիր՝ "մասնագիտություն"","Translate: "մասնագիտություն"","Переведи: "մասնագիտություն""
w1_l10,w1_l10_v11_tr_prompt,translate,47,"Թարգմանիր՝ "աշխատել"","Translate: "աշխատել"","Переведи: "աշխատել""
w1_l10,w1_l10_v12,multiple_choice,48,"Ընտրիր "գրասենյակ"-ի թարգմանությունը","Choose the meaning of "office"","Выбери перевод "офис""
w1_l10,w1_l10_v12_mc_answer,translate,49,"Թարգմանիր՝ "գրասենյակ"","Translate: "գրասենյակ"","Переведи: "գրասենյակ""
w1_l2,w1_l2_match_prompt,translate,3,"Թարգմանիր՝ "ոչ պաշտոնական"","Translate: "ոչ պաշտոնական"","Переведи: "ոչ պաշտոնական""
w1_l3,w1_l3_match_prompt,translate,3,"Թարգմանիր՝ "դու"","Translate: "դու"","Переведи: "դու""
w1_l4,w1_l4_match_prompt,translate,3,"Թարգմանիր՝ "Ռուսաստան"","Translate: "Ռուսաստան"","Переведи: "Ռուսաստան""
w1_l4,w1_l4_v0,multiple_choice,4,"Ընտրիր "Ամերիկա"-ի թարգմանությունը","Choose the meaning of "America"","Выбери перевод "Америка""
w1_l4,w1_l4_v0_mc_answer,translate,5,"Թարգմանիր՝ "Ամերիկա"","Translate: "Ամերիկա"","Переведи: "Ամերիկա""
w1_l4,w1_l4_v0_mc_prompt,translate,9,"Թարգմանիր՝ "Ֆրանսիա"","Translate: "Ֆրանսիա"","Переведи: "Ֆրանսիա""
w1_l4,w1_l4_v0_tr_answer,multiple_choice,10,"Ընտրիր "Գերմանիա"-ի թարգմանությունը","Choose the meaning of "Germany"","Выбери перевод "Германия""
w1_l4,w1_l4_v0_tr_prompt,multiple_choice,14,"Ընտրիր "Իսպանիա"-ի թարգմանությունը","Choose the meaning of "Spain"","Выбери перевод "Испания""
w1_l4,w1_l4_v1,translate,15,"Թարգմանիր՝ "Իսպանիա"","Translate: "Իսպանիա"","Переведи: "Իսպանիա""
w1_l4,w1_l4_v1_mc_answer,multiple_choice,16,"Ընտրիր "Չինաստան"-ի թարգմանությունը","Choose the meaning of "China"","Выбери перевод "Китай""
w1_l4,w1_l4_v1_mc_prompt,multiple_choice,20,"Ընտրիր "Հնդկաստան"-ի թարգմանությունը","Choose the meaning of "India"","Выбери перевод "Индия""
w1_l4,w1_l4_v1_tr_answer,translate,21,"Թարգմանիր՝ "Հնդկաստան"","Translate: "Հնդկաստան"","Переведи: "Հնդկաստան""
w1_l4,w1_l4_v1_tr_prompt,translate,25,"Թարգմանիր՝ "Թուրքիա"","Translate: "Թուրքիա"","Переведи: "Թուրքիա""
w1_l4,w1_l4_v10,multiple_choice,26,"Ընտրիր "Իրան"-ի թարգմանությունը","Choose the meaning of "Iran"","Выбери перевод "Иран""
w1_l4,w1_l4_v10_mc_answer,translate,27,"Թարգմանիր՝ "Իրան"","Translate: "Իրան"","Переведи: "Իրան""
w1_l4,w1_l4_v10_mc_prompt,translate,31,"Թարգմանիր՝ "Ուկրաինա"","Translate: "Ուկրաինա"","Переведи: "Ուկրաինա""
w1_l4,w1_l4_v10_tr_answer,multiple_choice,32,"Ընտրիր "Կանադա"-ի թարգմանությունը","Choose the meaning of "Canada"","Выбери перевод "Канада""
w1_l4,w1_l4_v10_tr_prompt,multiple_choice,36,"Ընտրիր "Հունաստան"-ի թարգմանությունը","Choose the meaning of "Greece"","Выбери перевод "Греция""
w1_l4,w1_l4_v11,translate,37,"Թարգմանիր՝ "Հունաստան"","Translate: "Հունաստան"","Переведи: "Հունաստան""
w1_l4,w1_l4_v11_mc_answer,multiple_choice,38,"Ընտրիր "Եգիպտոս"-ի թարգմանությունը","Choose the meaning of "Egypt"","Выбери перевод "Египет""
w1_l4,w1_l4_v11_mc_prompt,multiple_choice,42,"Ընտրիր "մայրաքաղաք"-ի թարգմանությունը","Choose the meaning of "capital"","Выбери перевод "столица""
w1_l4,w1_l4_v11_tr_answer,translate,43,"Թարգմանիր՝ "մայրաքաղաք"","Translate: "մայրաքաղաք"","Переведи: "մայրաքաղաք""
w1_l4,w1_l4_v11_tr_prompt,translate,47,"Թարգմանիր՝ "գյուղ"","Translate: "գյուղ"","Переведи: "գյուղ""
w1_l4,w1_l4_v12,multiple_choice,48,"Ընտրիր "աշխարհ"-ի թարգմանությունը","Choose the meaning of "world"","Выбери перевод "мир""
w1_l4,w1_l4_v12_mc_answer,translate,49,"Թարգմանիր՝ "աշխարհ"","Translate: "աշխարհ"","Переведи: "աշխարհ""
w1_l5,w1_l5_match_prompt,translate,3,"Թարգմանիր՝ "ռուս"","Translate: "ռուս"","Переведи: "ռուս""
w1_l5,w1_l5_v0,multiple_choice,4,"Ընտրիր "ամերիկացի"-ի թարգմանությունը","Choose the meaning of "American"","Выбери перевод "американец""
w1_l5,w1_l5_v0_mc_answer,translate,5,"Թարգմանիր՝ "ամերիկացի"","Translate: "ամերիկացի"","Переведи: "ամերիկացի""
w1_l5,w1_l5_v0_mc_prompt,translate,9,"Թարգմանիր՝ "ֆրանսիացի"","Translate: "ֆրանսիացի"","Переведи: "ֆրանսիացի""
w1_l5,w1_l5_v0_tr_answer,multiple_choice,10,"Ընտրիր "գերմանացի"-ի թարգմանությունը","Choose the meaning of "German"","Выбери перевод "немец""
w1_l5,w1_l5_v0_tr_prompt,multiple_choice,14,"Ընտրիր "իսպանացի"-ի թարգմանությունը","Choose the meaning of "Spanish"","Выбери перевод "испанец""
w1_l5,w1_l5_v1,translate,15,"Թարգմանիր՝ "իսպանացի"","Translate: "իսպանացի"","Переведи: "իսպանացի""
w1_l5,w1_l5_v1_mc_answer,multiple_choice,16,"Ընտրիր "չինացի"-ի թարգմանությունը","Choose the meaning of "Chinese"","Выбери перевод "китаец""
w1_l5,w1_l5_v1_mc_prompt,multiple_choice,20,"Ընտրիր "հնդիկ"-ի թարգմանությունը","Choose the meaning of "Indian"","Выбери перевод "индиец""
w1_l5,w1_l5_v1_tr_answer,translate,21,"Թարգմանիր՝ "հնդիկ"","Translate: "հնդիկ"","Переведи: "հնդիկ""
w1_l5,w1_l5_v1_tr_prompt,translate,25,"Թարգմանիր՝ "իրանցի"","Translate: "իրանցի"","Переведи: "իրանցի""
w1_l5,w1_l5_v10,multiple_choice,26,"Ընտրիր "վրացի"-ի թարգմանությունը","Choose the meaning of "Georgian"","Выбери перевод "грузин""
w1_l5,w1_l5_v10_mc_answer,translate,27,"Թարգմանիր՝ "վրացի"","Translate: "վրացի"","Переведи: "վրացի""
w1_l5,w1_l5_v10_mc_prompt,translate,31,"Թարգմանիր՝ "կանադացի"","Translate: "կանադացի"","Переведи: "կանադացի""
w1_l5,w1_l5_v10_tr_answer,multiple_choice,32,"Ընտրիր "հույն"-ի թարգմանությունը","Choose the meaning of "Greek"","Выбери перевод "грек""
w1_l5,w1_l5_v10_tr_prompt,multiple_choice,36,"Ընտրիր "ազգություն"-ի թարգմանությունը","Choose the meaning of "nationality"","Выбери перевод "национальность""
w1_l5,w1_l5_v11,translate,37,"Թարգմանիր՝ "ազգություն"","Translate: "ազգություն"","Переведи: "ազգություն""
w1_l5,w1_l5_v11_mc_answer,multiple_choice,38,"Ընտրիր "ծագում"-ի թարգմանությունը","Choose the meaning of "origin"","Выбери перевод "происхождение""
w1_l5,w1_l5_v11_mc_prompt,multiple_choice,42,"Ընտրիր "անձնագիր"-ի թարգմանությունը","Choose the meaning of "passport"","Выбери перевод "паспорт""
w1_l5,w1_l5_v11_tr_answer,translate,43,"Թարգմանիր՝ "անձնագիր"","Translate: "անձնագիր"","Переведи: "անձնագիր""
w1_l5,w1_l5_v11_tr_prompt,translate,47,"Թարգմանիր՝ "լեզու"","Translate: "լեզու"","Переведи: "լեզու""
w1_l5,w1_l5_v12,multiple_choice,48,"Ընտրիր "մշակույթ"-ի թարգմանությունը","Choose the meaning of "culture"","Выбери перевод "культура""
w1_l5,w1_l5_v12_mc_answer,translate,49,"Թարգմանիր՝ "մշակույթ"","Translate: "մշակույթ"","Переведи: "մշակույթ""
w1_l6,w1_l6_match_prompt,translate,3,"Թարգմանիր՝ "ռուսերեն"","Translate: "ռուսերեն"","Переведи: "ռուսերեն""
w1_l6,w1_l6_v0,multiple_choice,4,"Ընտրիր "անգլերեն"-ի թարգմանությունը","Choose the meaning of "English"","Выбери перевод "английский""
w1_l6,w1_l6_v0_mc_answer,translate,5,"Թարգմանիր՝ "անգլերեն"","Translate: "անգլերեն"","Переведи: "անգլերեն""
w1_l6,w1_l6_v0_mc_prompt,translate,9,"Թարգմանիր՝ "գերմաներեն"","Translate: "գերմաներեն"","Переведи: "գերմաներեն""
w1_l6,w1_l6_v0_tr_answer,multiple_choice,10,"Ընտրիր "իտալերեն"-ի թարգմանությունը","Choose the meaning of "Italian"","Выбери перевод "итальянский""
w1_l6,w1_l6_v0_tr_prompt,multiple_choice,14,"Ընտրիր "չինարեն"-ի թարգմանությունը","Choose the meaning of "Chinese"","Выбери перевод "китайский""
w1_l6,w1_l6_v1,translate,15,"Թարգմանիր՝ "չինարեն"","Translate: "չինարեն"","Переведи: "չինարեն""
w1_l6,w1_l6_v1_mc_answer,multiple_choice,16,"Ընտրիր "ճապոներեն"-ի թարգմանությունը","Choose the meaning of "Japanese"","Выбери перевод "японский""
w1_l6,w1_l6_v1_mc_prompt,multiple_choice,20,"Ընտրիր "խոսել"-ի թարգմանությունը","Choose the meaning of "to speak"","Выбери перевод "говорить""
w1_l6,w1_l6_v1_tr_answer,translate,21,"Թարգմանիր՝ "խոսել"","Translate: "խոսել"","Переведи: "խոսել""
w1_l6,w1_l6_v1_tr_prompt,translate,25,"Թարգմանիր՝ "կարդալ"","Translate: "կարդալ"","Переведи: "կարդալ""
w1_l6,w1_l6_v10,multiple_choice,26,"Ընտրիր "գրել"-ի թարգմանությունը","Choose the meaning of "to write"","Выбери перевод "писать""
w1_l6,w1_l6_v10_mc_answer,translate,27,"Թարգմանիր՝ "գրել"","Translate: "գրել"","Переведи: "գրել""
w1_l6,w1_l6_v10_mc_prompt,translate,31,"Թարգմանիր՝ "բառ"","Translate: "բառ"","Переведи: "բառ""
w1_l6,w1_l6_v10_tr_answer,multiple_choice,32,"Ընտրիր "նախադասություն"-ի թարգմանությունը","Choose the meaning of "sentence"","Выбери перевод "предложение""
w1_l6,w1_l6_v10_tr_prompt,multiple_choice,36,"Ընտրիր "արտասանություն"-ի թարգմանությունը","Choose the meaning of "pronunciation"","Выбери перевод "произношение""
w1_l6,w1_l6_v11,translate,37,"Թարգմանիր՝ "արտասանություն"","Translate: "արտասանություն"","Переведи: "արտասանություն""
w1_l6,w1_l6_v11_mc_answer,multiple_choice,38,"Ընտրիր "բառարան"-ի թարգմանությունը","Choose the meaning of "dictionary"","Выбери перевод "словарь""
w1_l6,w1_l6_v11_mc_prompt,multiple_choice,42,"Ընտրիր "օտար"-ի թարգմանությունը","Choose the meaning of "foreign"","Выбери перевод "иностранный""
w1_l6,w1_l6_v11_tr_answer,translate,43,"Թարգմանիր՝ "օտար"","Translate: "օտար"","Переведи: "օտար""
w1_l6,w1_l6_v11_tr_prompt,translate,47,"Թարգմանիր՝ "դժվար"","Translate: "դժվար"","Переведи: "դժվար""
w1_l6,w1_l6_v12,multiple_choice,48,"Ընտրիր "պրակտիկա"-ի թարգմանությունը","Choose the meaning of "practice"","Выбери перевод "практика""
w1_l6,w1_l6_v12_mc_answer,translate,49,"Թարգմանիր՝ "պրակտիկա"","Translate: "պրակտիկա"","Переведи: "պրակտիկա""
w1_l7,w1_l7_match_prompt,translate,3,"Թարգմանիր՝ "երկու"","Translate: "երկու"","Переведи: "երկու""
w1_l7,w1_l7_v0,multiple_choice,4,"Ընտրիր "երեք"-ի թարգմանությունը","Choose the meaning of "three"","Выбери перевод "три""
w1_l7,w1_l7_v0_mc_answer,translate,5,"Թարգմանիր՝ "երեք"","Translate: "երեք"","Переведи: "երեք""
w1_l7,w1_l7_v0_mc_prompt,translate,9,"Թարգմանիր՝ "հինգ"","Translate: "հինգ"","Переведи: "հինգ""
w1_l7,w1_l7_v0_tr_answer,multiple_choice,10,"Ընտրիր "վեց"-ի թարգմանությունը","Choose the meaning of "six"","Выбери перевод "шесть""
w1_l7,w1_l7_v0_tr_prompt,multiple_choice,14,"Ընտրիր "ութ"-ի թարգմանությունը","Choose the meaning of "eight"","Выбери перевод "восемь""
w1_l7,w1_l7_v1,translate,15,"Թարգմանիր՝ "ութ"","Translate: "ութ"","Переведи: "ութ""
w1_l7,w1_l7_v1_mc_answer,multiple_choice,16,"Ընտրիր "ինը"-ի թարգմանությունը","Choose the meaning of "nine"","Выбери перевод "девять""
w1_l7,w1_l7_v1_mc_prompt,multiple_choice,20,"Ընտրիր "երեսուն"-ի թարգմանությունը","Choose the meaning of "thirty"","Выбери перевод "тридцать""
w1_l7,w1_l7_v1_tr_answer,translate,21,"Թարգմանիր՝ "երեսուն"","Translate: "երեսուն"","Переведи: "երեսուն""
w1_l7,w1_l7_v1_tr_prompt,translate,25,"Թարգմանիր՝ "հիսուն"","Translate: "հիսուն"","Переведи: "հիսուն""
w1_l7,w1_l7_v10,multiple_choice,26,"Ընտրիր "վաթսուն"-ի թարգմանությունը","Choose the meaning of "sixty"","Выбери перевод "шестьдесят""
w1_l7,w1_l7_v10_mc_answer,translate,27,"Թարգմանիր՝ "վաթսուն"","Translate: "վաթսուն"","Переведи: "վաթսուն""
w1_l7,w1_l7_v10_mc_prompt,translate,31,"Թարգմանիր՝ "ութսուն"","Translate: "ութսուն"","Переведи: "ութսուն""
w1_l7,w1_l7_v10_tr_answer,multiple_choice,32,"Ընտրիր "իննսուն"-ի թարգմանությունը","Choose the meaning of "ninety"","Выбери перевод "девяносто""
w1_l7,w1_l7_v10_tr_prompt,multiple_choice,36,"Ընտրիր "տարի"-ի թարգմանությունը","Choose the meaning of "year"","Выбери перевод "год""
w1_l7,w1_l7_v11,translate,37,"Թարգմանիր՝ "տարի"","Translate: "տարի"","Переведи: "տարի""
w1_l7,w1_l7_v11_mc_answer,multiple_choice,38,"Ընտրիր "տարեկան"-ի թարգմանությունը","Choose the meaning of "years old"","Выбери перевод "лет""
w1_l7,w1_l7_v11_mc_prompt,multiple_choice,42,"Ընտրիր "երիտասարդ"-ի թարգմանությունը","Choose the meaning of "young"","Выбери перевод "молодой""
w1_l7,w1_l7_v11_tr_answer,translate,43,"Թարգմանիր՝ "երիտասարդ"","Translate: "երիտասարդ"","Переведи: "երիտասարդ""
w1_l7,w1_l7_v11_tr_prompt,translate,47,"Թարգմանիր՝ "փոքր"","Translate: "փոքր"","Переведи: "փոքր""
w1_l7,w1_l7_v12,match_pairs,48,"Կապիր հայերեն բառերը անգլերեն թարգմանությունների հետ","Match the Armenian words with their English translations","Сопоставь армянские слова с английскими переводами"
w1_l8,w1_l8_match_prompt,translate,3,"Թարգմանիր՝ "հայր"","Translate: "հայր"","Переведи: "հայր""
w1_l8,w1_l8_v0,multiple_choice,4,"Ընտրիր "քույր"-ի թարգմանությունը","Choose the meaning of "sister"","Выбери перевод "сестра""
w1_l8,w1_l8_v0_mc_answer,translate,5,"Թարգմանիր՝ "քույր"","Translate: "քույր"","Переведи: "քույր""
w1_l8,w1_l8_v0_mc_prompt,translate,9,"Թարգմանիր՝ "որդի"","Translate: "որդի"","Переведи: "որդի""
w1_l8,w1_l8_v0_tr_answer,multiple_choice,10,"Ընտրիր "դուստր"-ի թարգմանությունը","Choose the meaning of "daughter"","Выбери перевод "дочь""
w1_l8,w1_l8_v0_tr_prompt,multiple_choice,14,"Ընտրիր "պապիկ"-ի թարգմանությունը","Choose the meaning of "grandfather"","Выбери перевод "дедушка""
w1_l8,w1_l8_v1,translate,15,"Թարգմանիր՝ "պապիկ"","Translate: "պապիկ"","Переведи: "պապիկ""
w1_l8,w1_l8_v1_mc_answer,multiple_choice,16,"Ընտրիր "հորեղբայր"-ի թարգմանությունը","Choose the meaning of "uncle (paternal)"","Выбери перевод "дядя""
w1_l8,w1_l8_v1_mc_prompt,multiple_choice,20,"Ընտրիր "հորաքույր"-ի թարգմանությունը","Choose the meaning of "aunt (paternal)"","Выбери перевод "тётя""
w1_l8,w1_l8_v1_tr_answer,translate,21,"Թարգմանիր՝ "հորաքույր"","Translate: "հորաքույր"","Переведи: "հորաքույր""
w1_l8,w1_l8_v1_tr_prompt,translate,25,"Թարգմանիր՝ "զարմիկ"","Translate: "զարմիկ"","Переведи: "զարմիկ""
w1_l8,w1_l8_v10,multiple_choice,26,"Ընտրիր "զարմուհի"-ի թարգմանությունը","Choose the meaning of "cousin (f)"","Выбери перевод "двоюродная сестра""
w1_l8,w1_l8_v10_mc_answer,translate,27,"Թարգմանիր՝ "զարմուհի"","Translate: "զարմուհի"","Переведи: "զարմուհի""
w1_l8,w1_l8_v10_mc_prompt,translate,31,"Թարգմանիր՝ "կին"","Translate: "կին"","Переведи: "կին""
w1_l8,w1_l8_v10_tr_answer,multiple_choice,32,"Ընտրիր "երեխա"-ի թարգմանությունը","Choose the meaning of "child"","Выбери перевод "ребёнок""
w1_l8,w1_l8_v10_tr_prompt,multiple_choice,36,"Ընտրիր "ընտանիք"-ի թարգմանությունը","Choose the meaning of "family"","Выбери перевод "семья""
w1_l8,w1_l8_v11,translate,37,"Թարգմանիր՝ "ընտանիք"","Translate: "ընտանիք"","Переведи: "ընտանիք""
w1_l8,w1_l8_v11_mc_answer,multiple_choice,38,"Ընտրիր "հարազատ"-ի թարգմանությունը","Choose the meaning of "relative"","Выбери перевод "родственник""
w1_l8,w1_l8_v11_mc_prompt,multiple_choice,42,"Ընտրիր "մեծ"-ի թարգմանությունը","Choose the meaning of "older"","Выбери перевод "старший""
w1_l8,w1_l8_v11_tr_answer,translate,43,"Թարգմանիր՝ "մեծ"","Translate: "մեծ"","Переведи: "մեծ""
w1_l8,w1_l8_v11_tr_prompt,translate,47,"Թարգմանիր՝ "երկվորյակ"","Translate: "երկվորյակ"","Переведи: "երկվորյակ""
w1_l8,w1_l8_v12,multiple_choice,48,"Ընտրիր "ամուսնացած"-ի թարգմանությունը","Choose the meaning of "married"","Выбери перевод "женат/замужем""
w1_l8,w1_l8_v12_mc_answer,translate,49,"Թարգմանիր՝ "ամուսնացած"","Translate: "ամուսնացած"","Переведи: "ամուսնացած""
w1_l9,w1_l9_match_prompt,translate,3,"Թարգմանիր՝ "ընկերուհի"","Translate: "ընկերուհի"","Переведи: "ընկերուհի""
w1_l9,w1_l9_v0,multiple_choice,4,"Ընտրիր "լավագույն"-ի թարգմանությունը","Choose the meaning of "best"","Выбери перевод "лучший""
w1_l9,w1_l9_v0_mc_answer,translate,5,"Թարգմանիր՝ "լավագույն"","Translate: "լավագույն"","Переведи: "լավագույն""
w1_l9,w1_l9_v0_mc_prompt,translate,9,"Թարգմանիր՝ "հին"","Translate: "հին"","Переведи: "հին""
w1_l9,w1_l9_v0_tr_answer,multiple_choice,10,"Ընտրիր "նոր"-ի թարգմանությունը","Choose the meaning of "new"","Выбери перевод "новый""
w1_l9,w1_l9_v0_tr_prompt,multiple_choice,14,"Ընտրիր "զանգել"-ի թարգմանությունը","Choose the meaning of "to call"","Выбери перевод "звонить""
w1_l9,w1_l9_v1,translate,15,"Թարգմանիր՝ "զանգել"","Translate: "զանգել"","Переведи: "զանգել""
w1_l9,w1_l9_v1_mc_answer,multiple_choice,16,"Ընտրիր "գրել"-ի թարգմանությունը","Choose the meaning of "to write"","Выбери перевод "писать""
w1_l9,w1_l9_v1_mc_prompt,multiple_choice,20,"Ընտրիր "խոսել"-ի թարգմանությունը","Choose the meaning of "to talk"","Выбери перевод "разговаривать""
w1_l9,w1_l9_v1_tr_answer,translate,21,"Թարգմանիր՝ "խոսել"","Translate: "խոսել"","Переведи: "խոսել""
w1_l9,w1_l9_v1_tr_prompt,translate,25,"Թարգմանիր՝ "քայլել"","Translate: "քայլել"","Переведи: "քայլել""
w1_l9,w1_l9_v10,multiple_choice,26,"Ընտրիր "ծիծաղել"-ի թարգմանությունը","Choose the meaning of "to laugh"","Выбери перевод "смеяться""
w1_l9,w1_l9_v10_mc_answer,translate,27,"Թարգմանիր՝ "ծիծաղել"","Translate: "ծիծաղել"","Переведи: "ծիծաղել""
w1_l9,w1_l9_v10_mc_prompt,translate,31,"Թարգմանիր՝ "վստահել"","Translate: "վստահել"","Переведи: "վստահել""
w1_l9,w1_l9_v10_tr_answer,multiple_choice,32,"Ընտրիր "աջակցել"-ի թարգմանությունը","Choose the meaning of "to support"","Выбери перевод "поддерживать""
w1_l9,w1_l9_v10_tr_prompt,multiple_choice,36,"Ընտրիր "հավատարիմ"-ի թարգմանությունը","Choose the meaning of "loyal"","Выбери перевод "верный""
w1_l9,w1_l9_v11,translate,37,"Թարգմանիր՝ "հավատարիմ"","Translate: "հավատարիմ"","Переведи: "հավատարիմ""
w1_l9,w1_l9_v11_mc_answer,multiple_choice,38,"Ընտրիր "հետաքրքիր"-ի թարգմանությունը","Choose the meaning of "interesting"","Выбери перевод "интересный""
w1_l9,w1_l9_v11_mc_prompt,multiple_choice,42,"Ընտրիր "հանգիստ"-ի թարգմանությունը","Choose the meaning of "calm"","Выбери перевод "спокойный""
w1_l9,w1_l9_v11_tr_answer,translate,43,"Թարգմանիր՝ "հանգիստ"","Translate: "հանգիստ"","Переведи: "հանգիստ""
w1_l9,w1_l9_v11_tr_prompt,translate,47,"Թարգմանիր՝ "ընկերություն"","Translate: "ընկերություն"","Переведи: "ընկերություն""
w1_l9,w1_l9_v12,multiple_choice,48,"Ընտրիր "հանդիպում"-ի թարգմանությունը","Choose the meaning of "meeting"","Выбери перевод "встреча""
w1_l9,w1_l9_v12_mc_answer,translate,49,"Թարգմանիր՝ "հանդիպում"","Translate: "հանդիպում"","Переведи: "հանդիպում""
w2_l1,w2_l1_match_prompt,translate,3,"Թարգմանիր՝ "բնակարան"","Translate: "բնակարան"","Переведи: "բնակարան""
w2_l1,w2_l1_v0,multiple_choice,4,"Ընտրիր "սենյակ"-ի թարգմանությունը","Choose the meaning of "room"","Выбери перевод "комната""
w2_l1,w2_l1_v0_mc_answer,translate,5,"Թարգմանիր՝ "սենյակ"","Translate: "սենյակ"","Переведи: "սենյակ""
w2_l1,w2_l1_v0_mc_prompt,translate,9,"Թարգմանիր՝ "ննջարան"","Translate: "ննջարան"","Переведи: "ննջարան""
w2_l1,w2_l1_v0_tr_answer,multiple_choice,10,"Ընտրիր "հյուրասենյակ"-ի թարգմանությունը","Choose the meaning of "living room"","Выбери перевод "гостиная""
w2_l1,w2_l1_v0_tr_prompt,multiple_choice,14,"Ընտրիր "պատշգամբ"-ի թարգմանությունը","Choose the meaning of "balcony"","Выбери перевод "балкон""
w2_l1,w2_l1_v1,translate,15,"Թարգմանիր՝ "պատշգամբ"","Translate: "պատշգամբ"","Переведи: "պատշգամբ""
w2_l1,w2_l1_v1_mc_answer,multiple_choice,16,"Ընտրիր "միջանցք"-ի թարգմանությունը","Choose the meaning of "hallway"","Выбери перевод "коридор""
w2_l1,w2_l1_v1_mc_prompt,multiple_choice,20,"Ընտրիր "պատուհան"-ի թարգմանությունը","Choose the meaning of "window"","Выбери перевод "окно""
w2_l1,w2_l1_v1_tr_answer,translate,21,"Թարգմանիր՝ "պատուհան"","Translate: "պատուհան"","Переведи: "պատուհան""
w2_l1,w2_l1_v1_tr_prompt,translate,25,"Թարգմանիր՝ "առաստաղ"","Translate: "առաստաղ"","Переведи: "առաստաղ""
w2_l1,w2_l1_v10,multiple_choice,26,"Ընտրիր "պատ"-ի թարգմանությունը","Choose the meaning of "wall"","Выбери перевод "стена""
w2_l1,w2_l1_v10_mc_answer,translate,27,"Թարգմանիր՝ "պատ"","Translate: "պատ"","Переведи: "պատ""
w2_l1,w2_l1_v10_mc_prompt,translate,31,"Թարգմանիր՝ "աստիճան"","Translate: "աստիճան"","Переведи: "աստիճան""
w2_l1,w2_l1_v10_tr_answer,multiple_choice,32,"Ընտրիր "բակ"-ի թարգմանությունը","Choose the meaning of "yard"","Выбери перевод "двор""
w2_l1,w2_l1_v10_tr_prompt,multiple_choice,36,"Ընտրիր "հարկ"-ի թարգմանությունը","Choose the meaning of "floor (level)"","Выбери перевод "этаж""
w2_l1,w2_l1_v11,translate,37,"Թարգմանիր՝ "հարկ"","Translate: "հարկ"","Переведи: "հարկ""
w2_l1,w2_l1_v11_mc_answer,multiple_choice,38,"Ընտրիր "մուտք"-ի թարգմանությունը","Choose the meaning of "entrance"","Выбери перевод "вход""
w2_l1,w2_l1_v11_mc_prompt,multiple_choice,42,"Ընտրիր "կողպեք"-ի թարգմանությունը","Choose the meaning of "lock"","Выбери перевод "замок""
w2_l1,w2_l1_v11_tr_answer,translate,43,"Թարգմանիր՝ "կողպեք"","Translate: "կողպեք"","Переведи: "կողպեք""
w2_l1,w2_l1_v11_tr_prompt,translate,47,"Թարգմանիր՝ "մաքուր"","Translate: "մաքուր"","Переведи: "մաքուր""
w2_l1,w2_l1_v12,multiple_choice,48,"Ընտրիր "լուսավոր"-ի թարգմանությունը","Choose the meaning of "bright"","Выбери перевод "светлый""
w2_l1,w2_l1_v12_mc_answer,translate,49,"Թարգմանիր՝ "լուսավոր"","Translate: "լուսավոր"","Переведи: "լուսավոր""
w2_l10,w2_l10_match_prompt,translate,3,"Թարգմանիր՝ "րոպե"","Translate: "րոպե"","Переведи: "րոպե""
w2_l10,w2_l10_v0,multiple_choice,4,"Ընտրիր "վայրկյան"-ի թարգմանությունը","Choose the meaning of "second"","Выбери перевод "секунда""
w2_l10,w2_l10_v0_mc_answer,translate,5,"Թարգմանիր՝ "վայրկյան"","Translate: "վայրկյան"","Переведи: "վայրկյան""
w2_l10,w2_l10_v0_mc_prompt,translate,9,"Թարգմանիր՝ "շաբաթ"","Translate: "շաբաթ"","Переведи: "շաբաթ""
w2_l10,w2_l10_v0_tr_answer,multiple_choice,10,"Ընտրիր "ամիս"-ի թարգմանությունը","Choose the meaning of "month"","Выбери перевод "месяц""
w2_l10,w2_l10_v0_tr_prompt,multiple_choice,14,"Ընտրիր "այսօր"-ի թարգմանությունը","Choose the meaning of "today"","Выбери перевод "сегодня""
w2_l10,w2_l10_v1,translate,15,"Թարգմանիր՝ "այսօր"","Translate: "այսօր"","Переведи: "այսօր""
w2_l10,w2_l10_v1_mc_answer,multiple_choice,16,"Ընտրիր "վաղը"-ի թարգմանությունը","Choose the meaning of "tomorrow"","Выбери перевод "завтра""
w2_l10,w2_l10_v1_mc_prompt,multiple_choice,20,"Ընտրիր "հիմա"-ի թարգմանությունը","Choose the meaning of "now"","Выбери перевод "сейчас""
w2_l10,w2_l10_v1_tr_answer,translate,21,"Թարգմանիր՝ "հիմա"","Translate: "հիմա"","Переведи: "հիմա""
w2_l10,w2_l10_v1_tr_prompt,translate,25,"Թարգմանիր՝ "առավոտ"","Translate: "առավոտ"","Переведи: "առավոտ""
w2_l10,w2_l10_v10,multiple_choice,26,"Ընտրիր "կեսօր"-ի թարգմանությունը","Choose the meaning of "noon"","Выбери перевод "полдень""
w2_l10,w2_l10_v10_mc_answer,translate,27,"Թարգմանիր՝ "կեսօր"","Translate: "կեսօր"","Переведи: "կեսօր""
w2_l10,w2_l10_v10_mc_prompt,translate,31,"Թարգմանիր՝ "գիշեր"","Translate: "գիշեր"","Переведи: "գիշեր""
w2_l10,w2_l10_v10_tr_answer,multiple_choice,32,"Ընտրիր "երկուշաբթի"-ի թարգմանությունը","Choose the meaning of "Monday"","Выбери перевод "понедельник""
w2_l10,w2_l10_v10_tr_prompt,multiple_choice,36,"Ընտրիր "չորեքշաբթի"-ի թարգմանությունը","Choose the meaning of "Wednesday"","Выбери перевод "среда""
w2_l10,w2_l10_v11,translate,37,"Թարգմանիր՝ "չորեքշաբթի"","Translate: "չորեքշաբթի"","Переведи: "չորեքշաբթի""
w2_l10,w2_l10_v11_mc_answer,multiple_choice,38,"Ընտրիր "հինգշաբթի"-ի թարգմանությունը","Choose the meaning of "Thursday"","Выбери перевод "четверг""
w2_l10,w2_l10_v11_mc_prompt,multiple_choice,42,"Ընտրիր "շաբաթ"-ի թարգմանությունը","Choose the meaning of "Saturday"","Выбери перевод "суббота""
w2_l10,w2_l10_v11_tr_answer,translate,43,"Թարգմանիր՝ "շաբաթ"","Translate: "շաբաթ"","Переведи: "շաբաթ""
w2_l10,w2_l10_v11_tr_prompt,translate,47,"Թարգմանիր՝ "ժամացույց"","Translate: "ժամացույց"","Переведи: "ժամացույց""
w2_l10,w2_l10_v12,multiple_choice,48,"Ընտրիր "օրացույց"-ի թարգմանությունը","Choose the meaning of "calendar"","Выбери перевод "календарь""
w2_l10,w2_l10_v12_mc_answer,translate,49,"Թարգմանիր՝ "օրացույց"","Translate: "օրացույց"","Переведи: "օրացույց""
w2_l2,w2_l2_match_prompt,translate,3,"Թարգմանիր՝ "ննջարան"","Translate: "ննջարան"","Переведи: "ննջարան""
w2_l2,w2_l2_v0,multiple_choice,4,"Ընտրիր "հյուրասենյակ"-ի թարգմանությունը","Choose the meaning of "living room"","Выбери перевод "гостиная""
w2_l2,w2_l2_v0_mc_answer,translate,5,"Թարգմանիր՝ "հյուրասենյակ"","Translate: "հյուրասենյակ"","Переведи: "հյուրասենյակ""
w2_l2,w2_l2_v0_mc_prompt,translate,9,"Թարգմանիր՝ "զուգարան"","Translate: "զուգարան"","Переведи: "զուգարան""
w2_l2,w2_l2_v0_tr_answer,multiple_choice,10,"Ընտրիր "աշխատասենյակ"-ի թարգմանությունը","Choose the meaning of "study"","Выбери перевод "кабинет""
w2_l2,w2_l2_v0_tr_prompt,multiple_choice,14,"Ընտրիր "նկուղ"-ի թարգմանությունը","Choose the meaning of "basement"","Выбери перевод "подвал""
w2_l2,w2_l2_v1,translate,15,"Թարգմանիր՝ "նկուղ"","Translate: "նկուղ"","Переведи: "նկուղ""
w2_l2,w2_l2_v1_mc_answer,multiple_choice,16,"Ընտրիր "ձեղնահարկ"-ի թարգմանությունը","Choose the meaning of "attic"","Выбери перевод "чердак""
w2_l2,w2_l2_v1_mc_prompt,multiple_choice,20,"Ընտրիր "մանկական"-ի թարգմանությունը","Choose the meaning of "nursery"","Выбери перевод "детская""
w2_l2,w2_l2_v1_tr_answer,translate,21,"Թարգմանիր՝ "մանկական"","Translate: "մանկական"","Переведи: "մանկական""
w2_l2,w2_l2_v1_tr_prompt,translate,25,"Թարգմանիր՝ "դարան"","Translate: "դարան"","Переведи: "դարան""
w2_l2,w2_l2_v10,multiple_choice,26,"Ընտրիր "դարակ"-ի թարգմանությունը","Choose the meaning of "shelf"","Выбери перевод "полка""
w2_l2,w2_l2_v10_mc_answer,translate,27,"Թարգմանիր՝ "դարակ"","Translate: "դարակ"","Переведи: "դարակ""
w2_l2,w2_l2_v10_mc_prompt,translate,31,"Թարգմանիր՝ "կենտրոն"","Translate: "կենտրոն"","Переведи: "կենտրոն""
w2_l2,w2_l2_v10_tr_answer,multiple_choice,32,"Ընտրիր "մուտք"-ի թարգմանությունը","Choose the meaning of "entrance"","Выбери перевод "вход""
w2_l2,w2_l2_v10_tr_prompt,multiple_choice,36,"Ընտրիր "մեծ"-ի թարգմանությունը","Choose the meaning of "big"","Выбери перевод "большой""
w2_l2,w2_l2_v11,translate,37,"Թարգմանիր՝ "մեծ"","Translate: "մեծ"","Переведи: "մեծ""
w2_l2,w2_l2_v11_mc_answer,multiple_choice,38,"Ընտրիր "փոքր"-ի թարգմանությունը","Choose the meaning of "small"","Выбери перевод "маленький""
w2_l2,w2_l2_v11_mc_prompt,multiple_choice,42,"Ընտրիր "նեղ"-ի թարգմանությունը","Choose the meaning of "narrow"","Выбери перевод "узкий""
w2_l2,w2_l2_v11_tr_answer,translate,43,"Թարգմանիր՝ "նեղ"","Translate: "նեղ"","Переведи: "նեղ""
w2_l2,w2_l2_v11_tr_prompt,translate,47,"Թարգմանիր՝ "ցածր"","Translate: "ցածր"","Переведи: "ցածր""
w2_l2,w2_l2_v12,multiple_choice,48,"Ընտրիր "տաք"-ի թարգմանությունը","Choose the meaning of "warm"","Выбери перевод "тёплый""
w2_l2,w2_l2_v12_mc_answer,translate,49,"Թարգմանիր՝ "տաք"","Translate: "տաք"","Переведи: "տաք""
w2_l3,w2_l3_match_prompt,translate,3,"Թարգմանիր՝ "սեղան"","Translate: "սեղան"","Переведи: "սեղան""
w2_l3,w2_l3_v0,multiple_choice,4,"Ընտրիր "մահճակալ"-ի թարգմանությունը","Choose the meaning of "bed"","Выбери перевод "кровать""
w2_l3,w2_l3_v0_mc_answer,translate,5,"Թարգմանիր՝ "մահճակալ"","Translate: "մահճակալ"","Переведи: "մահճակալ""
w2_l3,w2_l3_v0_mc_prompt,translate,9,"Թարգմանիր՝ "բազկաթոռ"","Translate: "բազկաթոռ"","Переведи: "բազկաթոռ""
w2_l3,w2_l3_v0_tr_answer,multiple_choice,10,"Ընտրիր "դարան"-ի թարգմանությունը","Choose the meaning of "wardrobe"","Выбери перевод "шкаф""
w2_l3,w2_l3_v0_tr_prompt,multiple_choice,14,"Ընտրիր "գրապահարան"-ի թարգմանությունը","Choose the meaning of "bookcase"","Выбери перевод "книжный шкаф""
w2_l3,w2_l3_v1,translate,15,"Թարգմանիր՝ "գրապահարան"","Translate: "գրապահարան"","Переведи: "գրապահարան""
w2_l3,w2_l3_v1_mc_answer,multiple_choice,16,"Ընտրիր "հայելի"-ի թարգմանությունը","Choose the meaning of "mirror"","Выбери перевод "зеркало""
w2_l3,w2_l3_v1_mc_prompt,multiple_choice,20,"Ընտրիր "գորգ"-ի թարգմանությունը","Choose the meaning of "carpet"","Выбери перевод "ковёр""
w2_l3,w2_l3_v1_tr_answer,translate,21,"Թարգմանիր՝ "գորգ"","Translate: "գորգ"","Переведи: "գորգ""
w2_l3,w2_l3_v1_tr_prompt,translate,25,"Թարգմանիր՝ "բարձ"","Translate: "բարձ"","Переведи: "բարձ""
w2_l3,w2_l3_v10,multiple_choice,26,"Ընտրիր "վերմակ"-ի թարգմանությունը","Choose the meaning of "blanket"","Выбери перевод "одеяло""
w2_l3,w2_l3_v10_mc_answer,translate,27,"Թարգմանիր՝ "վերմակ"","Translate: "վերմակ"","Переведи: "վերմակ""
w2_l3,w2_l3_v10_mc_prompt,translate,31,"Թարգմանիր՝ "սառնարան"","Translate: "սառնարան"","Переведи: "սառնարան""
w2_l3,w2_l3_v10_tr_answer,multiple_choice,32,"Ընտրիր "վառարան"-ի թարգմանությունը","Choose the meaning of "stove"","Выбери перевод "плита""
w2_l3,w2_l3_v10_tr_prompt,multiple_choice,36,"Ընտրիր "հեռուստացույց"-ի թարգմանությունը","Choose the meaning of "television"","Выбери перевод "телевизор""
w2_l3,w2_l3_v11,translate,37,"Թարգմանիր՝ "հեռուստացույց"","Translate: "հեռուստացույց"","Переведи: "հեռուստացույց""
w2_l3,w2_l3_v11_mc_answer,multiple_choice,38,"Ընտրիր "համակարգիչ"-ի թարգմանությունը","Choose the meaning of "computer"","Выбери перевод "компьютер""
w2_l3,w2_l3_v11_mc_prompt,multiple_choice,42,"Ընտրիր "նկար"-ի թարգմանությունը","Choose the meaning of "picture"","Выбери перевод "картина""
w2_l3,w2_l3_v11_tr_answer,translate,43,"Թարգմանիր՝ "նկար"","Translate: "նկար"","Переведи: "նկար""
w2_l3,w2_l3_v11_tr_prompt,translate,47,"Թարգմանիր՝ "մոմ"","Translate: "մոմ"","Переведи: "մոմ""
w2_l3,w2_l3_v12,multiple_choice,48,"Ընտրիր "գիրք"-ի թարգմանությունը","Choose the meaning of "book"","Выбери перевод "книга""
w2_l3,w2_l3_v12_mc_answer,translate,49,"Թարգմանիր՝ "գիրք"","Translate: "գիրք"","Переведи: "գիրք""
w2_l4,w2_l4_match_prompt,translate,3,"Թարգմանիր՝ "պանիր"","Translate: "պանիր"","Переведи: "պանիր""
w2_l4,w2_l4_v0,multiple_choice,4,"Ընտրիր "կարագ"-ի թարգմանությունը","Choose the meaning of "butter"","Выбери перевод "масло""
w2_l4,w2_l4_v0_mc_answer,translate,5,"Թարգմանիր՝ "կարագ"","Translate: "կարագ"","Переведи: "կարագ""
w2_l4,w2_l4_v0_mc_prompt,translate,9,"Թարգմանիր՝ "կաթ"","Translate: "կաթ"","Переведи: "կաթ""
w2_l4,w2_l4_v0_tr_answer,multiple_choice,10,"Ընտրիր "մածուն"-ի թարգմանությունը","Choose the meaning of "yogurt"","Выбери перевод "мацун""
w2_l4,w2_l4_v0_tr_prompt,multiple_choice,14,"Ընտրիր "հավ"-ի թարգմանությունը","Choose the meaning of "chicken"","Выбери перевод "курица""
w2_l4,w2_l4_v1,translate,15,"Թարգմանիր՝ "հավ"","Translate: "հավ"","Переведи: "հավ""
w2_l4,w2_l4_v1_mc_answer,multiple_choice,16,"Ընտրիր "ձուկ"-ի թարգմանությունը","Choose the meaning of "fish"","Выбери перевод "рыба""
w2_l4,w2_l4_v1_mc_prompt,multiple_choice,20,"Ընտրիր "կարտոֆիլ"-ի թարգմանությունը","Choose the meaning of "potato"","Выбери перевод "картофель""
w2_l4,w2_l4_v1_tr_answer,translate,21,"Թարգմանիր՝ "կարտոֆիլ"","Translate: "կարտոֆիլ"","Переведи: "կարտոֆիլ""
w2_l4,w2_l4_v1_tr_prompt,translate,25,"Թարգմանիր՝ "վարունգ"","Translate: "վարունգ"","Переведи: "վարունգ""
w2_l4,w2_l4_v10,multiple_choice,26,"Ընտրիր "սոխ"-ի թարգմանությունը","Choose the meaning of "onion"","Выбери перевод "лук""
w2_l4,w2_l4_v10_mc_answer,translate,27,"Թարգմանիր՝ "սոխ"","Translate: "սոխ"","Переведи: "սոխ""
w2_l4,w2_l4_v10_mc_prompt,translate,31,"Թարգմանիր՝ "խնձոր"","Translate: "խնձոր"","Переведи: "խնձոր""
w2_l4,w2_l4_v10_tr_answer,multiple_choice,32,"Ընտրիր "բանան"-ի թարգմանությունը","Choose the meaning of "banana"","Выбери перевод "банан""
w2_l4,w2_l4_v10_tr_prompt,multiple_choice,36,"Ընտրիր "խաղող"-ի թարգմանությունը","Choose the meaning of "grape"","Выбери перевод "виноград""
w2_l4,w2_l4_v11,translate,37,"Թարգմանիր՝ "խաղող"","Translate: "խաղող"","Переведи: "խաղող""
w2_l4,w2_l4_v11_mc_answer,multiple_choice,38,"Ընտրիր "ձմերուկ"-ի թարգմանությունը","Choose the meaning of "watermelon"","Выбери перевод "арбуз""
w2_l4,w2_l4_v11_mc_prompt,multiple_choice,42,"Ընտրիր "պղպեղ"-ի թարգմանությունը","Choose the meaning of "pepper"","Выбери перевод "перец""
w2_l4,w2_l4_v11_tr_answer,translate,43,"Թարգմանիր՝ "պղպեղ"","Translate: "պղպեղ"","Переведи: "պղպեղ""
w2_l4,w2_l4_v11_tr_prompt,translate,47,"Թարգմանիր՝ "մեղր"","Translate: "մեղր"","Переведи: "մեղր""
w2_l4,w2_l4_v12,multiple_choice,48,"Ընտրիր "ապուր"-ի թարգմանությունը","Choose the meaning of "soup"","Выбери перевод "суп""
w2_l4,w2_l4_v12_mc_answer,translate,49,"Թարգմանիր՝ "ապուր"","Translate: "ապուր"","Переведи: "ապուր""
w2_l5,w2_l5_match_prompt,translate,3,"Թարգմանիր՝ "թեյ"","Translate: "թեյ"","Переведи: "թեյ""
w2_l5,w2_l5_v0,multiple_choice,4,"Ընտրիր "սուրճ"-ի թարգմանությունը","Choose the meaning of "coffee"","Выбери перевод "кофе""
w2_l5,w2_l5_v0_mc_answer,translate,5,"Թարգմանիր՝ "սուրճ"","Translate: "սուրճ"","Переведи: "սուրճ""
w2_l5,w2_l5_v0_mc_prompt,translate,9,"Թարգմանիր՝ "հյութ"","Translate: "հյութ"","Переведи: "հյութ""
w2_l5,w2_l5_v0_tr_answer,multiple_choice,10,"Ընտրիր "գարեջուր"-ի թարգմանությունը","Choose the meaning of "beer"","Выбери перевод "пиво""
w2_l5,w2_l5_v0_tr_prompt,multiple_choice,14,"Ընտրիր "կոնյակ"-ի թարգմանությունը","Choose the meaning of "cognac"","Выбери перевод "коньяк""
w2_l5,w2_l5_v1,translate,15,"Թարգմանիր՝ "կոնյակ"","Translate: "կոնյակ"","Переведи: "կոնյակ""
w2_l5,w2_l5_v1_mc_answer,multiple_choice,16,"Ընտրիր "օղի"-ի թարգմանությունը","Choose the meaning of "vodka"","Выбери перевод "водка""
w2_l5,w2_l5_v1_mc_prompt,multiple_choice,20,"Ընտրիր "կոկակոլա"-ի թարգմանությունը","Choose the meaning of "Coca-Cola"","Выбери перевод "кока-кола""
w2_l5,w2_l5_v1_tr_answer,translate,21,"Թարգմանիր՝ "կոկակոլա"","Translate: "կոկակոլա"","Переведи: "կոկակոլա""
w2_l5,w2_l5_v1_tr_prompt,translate,25,"Թարգմանիր՝ "տաք"","Translate: "տաք"","Переведи: "տաք""
w2_l5,w2_l5_v10,multiple_choice,26,"Ընտրիր "սառը"-ի թարգմանությունը","Choose the meaning of "cold"","Выбери перевод "холодный""
w2_l5,w2_l5_v10_mc_answer,translate,27,"Թարգմանիր՝ "սառը"","Translate: "սառը"","Переведи: "սառը""
w2_l5,w2_l5_v10_mc_prompt,translate,31,"Թարգմանիր՝ "դառը"","Translate: "դառը"","Переведи: "դառը""
w2_l5,w2_l5_v10_tr_answer,multiple_choice,32,"Ընտրիր "թթու"-ի թարգմանությունը","Choose the meaning of "sour"","Выбери перевод "кислый""
w2_l5,w2_l5_v10_tr_prompt,multiple_choice,36,"Ընտրիր "գավաթ"-ի թարգմանությունը","Choose the meaning of "mug"","Выбери перевод "кружка""
w2_l5,w2_l5_v11,translate,37,"Թարգմանիր՝ "գավաթ"","Translate: "գավաթ"","Переведи: "գավաթ""
w2_l5,w2_l5_v11_mc_answer,multiple_choice,38,"Ընտրիր "շիշ"-ի թարգմանությունը","Choose the meaning of "bottle"","Выбери перевод "бутылка""
w2_l5,w2_l5_v11_mc_prompt,multiple_choice,42,"Ընտրիր "խմել"-ի թարգմանությունը","Choose the meaning of "to drink"","Выбери перевод "пить""
w2_l5,w2_l5_v11_tr_answer,translate,43,"Թարգմանիր՝ "խմել"","Translate: "խմել"","Переведи: "խմել""
w2_l5,w2_l5_v11_tr_prompt,translate,47,"Թարգմանիր՝ "պատվիրել"","Translate: "պատվիրել"","Переведи: "պատվիրել""
w2_l5,w2_l5_v12,multiple_choice,48,"Ընտրիր "ծարավ"-ի թարգմանությունը","Choose the meaning of "thirsty"","Выбери перевод "жажда""
w2_l5,w2_l5_v12_mc_answer,translate,49,"Թարգմանիր՝ "ծարավ"","Translate: "ծարավ"","Переведи: "ծարավ""
w2_l6,w2_l6_match_prompt,translate,3,"Թարգմանիր՝ "սրճարան"","Translate: "սրճարան"","Переведи: "սրճարան""
w2_l6,w2_l6_v0,multiple_choice,4,"Ընտրիր "մատուցող"-ի թարգմանությունը","Choose the meaning of "waiter"","Выбери перевод "официант""
w2_l6,w2_l6_v0_mc_answer,translate,5,"Թարգմանիր՝ "մատուցող"","Translate: "մատուցող"","Переведи: "մատուցող""
w2_l6,w2_l6_v0_mc_prompt,translate,9,"Թարգմանիր՝ "պատվեր"","Translate: "պատվեր"","Переведи: "պատվեր""
w2_l6,w2_l6_v0_tr_answer,multiple_choice,10,"Ընտրիր "հաշիվ"-ի թարգմանությունը","Choose the meaning of "bill"","Выбери перевод "счёт""
w2_l6,w2_l6_v0_tr_prompt,multiple_choice,14,"Ընտրիր "սեղան"-ի թարգմանությունը","Choose the meaning of "table"","Выбери перевод "стол""
w2_l6,w2_l6_v1,translate,15,"Թարգմանիր՝ "սեղան"","Translate: "սեղան"","Переведи: "սեղան""
w2_l6,w2_l6_v1_mc_answer,multiple_choice,16,"Ընտրիր "ամրագրում"-ի թարգմանությունը","Choose the meaning of "reservation"","Выбери перевод "бронь""
w2_l6,w2_l6_v1_mc_prompt,multiple_choice,20,"Ընտրիր "աղցան"-ի թարգմանությունը","Choose the meaning of "salad"","Выбери перевод "салат""
w2_l6,w2_l6_v1_tr_answer,translate,21,"Թարգմանիր՝ "աղցան"","Translate: "աղցան"","Переведи: "աղցան""
w2_l6,w2_l6_v1_tr_prompt,translate,25,"Թարգմանիր՝ "գլխավոր ճաշատեսակ"","Translate: "գլխավոր ճաշատեսակ"","Переведи: "գլխավոր ճաշատեսակ""
w2_l6,w2_l6_v10,multiple_choice,26,"Ընտրիր "աղանդեր"-ի թարգմանությունը","Choose the meaning of "dessert"","Выбери перевод "десерт""
w2_l6,w2_l6_v10_mc_answer,translate,27,"Թարգմանիր՝ "աղանդեր"","Translate: "աղանդեր"","Переведи: "աղանդեր""
w2_l6,w2_l6_v10_mc_prompt,translate,31,"Թարգմանիր՝ "տորթ"","Translate: "տորթ"","Переведи: "տորթ""
w2_l6,w2_l6_v10_tr_answer,multiple_choice,32,"Ընտրիր "պատառաքաղ"-ի թարգմանությունը","Choose the meaning of "fork"","Выбери перевод "вилка""
w2_l6,w2_l6_v10_tr_prompt,multiple_choice,36,"Ընտրիր "դանակ"-ի թարգմանությունը","Choose the meaning of "knife"","Выбери перевод "нож""
w2_l6,w2_l6_v11,translate,37,"Թարգմանիր՝ "դանակ"","Translate: "դանակ"","Переведи: "դանակ""
w2_l6,w2_l6_v11_mc_answer,multiple_choice,38,"Ընտրիր "ափսե"-ի թարգմանությունը","Choose the meaning of "plate"","Выбери перевод "тарелка""
w2_l6,w2_l6_v11_mc_prompt,multiple_choice,42,"Ընտրիր "անձեռոցիկ"-ի թարգմանությունը","Choose the meaning of "napkin"","Выбери перевод "салфетка""
w2_l6,w2_l6_v11_tr_answer,translate,43,"Թարգմանիր՝ "անձեռոցիկ"","Translate: "անձեռոցիկ"","Переведи: "անձեռոցիկ""
w2_l6,w2_l6_v11_tr_prompt,translate,47,"Թարգմանիր՝ "թարմ"","Translate: "թարմ"","Переведи: "թարմ""
w2_l6,w2_l6_v12,multiple_choice,48,"Ընտրիր "պատվիրել"-ի թարգմանությունը","Choose the meaning of "to order"","Выбери перевод "заказать""
w2_l6,w2_l6_v12_mc_answer,translate,49,"Թարգմանիր՝ "պատվիրել"","Translate: "պատվիրել"","Переведи: "պատվիրել""
w2_l7,w2_l7_match_prompt,translate,3,"Թարգմանիր՝ "շուկա"","Translate: "շուկա"","Переведи: "շուկա""
w2_l7,w2_l7_v0,multiple_choice,4,"Ընտրիր "գին"-ի թարգմանությունը","Choose the meaning of "price"","Выбери перевод "цена""
w2_l7,w2_l7_v0_mc_answer,translate,5,"Թարգմանիր՝ "գին"","Translate: "գին"","Переведи: "գին""
w2_l7,w2_l7_v0_mc_prompt,translate,9,"Թարգմանիր՝ "վաճառք"","Translate: "վաճառք"","Переведи: "վաճառք""
w2_l7,w2_l7_v0_tr_answer,multiple_choice,10,"Ընտրիր "գնել"-ի թարգմանությունը","Choose the meaning of "to buy"","Выбери перевод "купить""
w2_l7,w2_l7_v0_tr_prompt,multiple_choice,14,"Ընտրիր "վճարել"-ի թարգմանությունը","Choose the meaning of "to pay"","Выбери перевод "платить""
w2_l7,w2_l7_v1,translate,15,"Թարգմանիր՝ "վճարել"","Translate: "վճարել"","Переведи: "վճարել""
w2_l7,w2_l7_v1_mc_answer,multiple_choice,16,"Ընտրիր "կանխիկ"-ի թարգմանությունը","Choose the meaning of "cash"","Выбери перевод "наличные""
w2_l7,w2_l7_v1_mc_prompt,multiple_choice,20,"Ընտրիր "ստուգում"-ի թարգմանությունը","Choose the meaning of "receipt"","Выбери перевод "чек""
w2_l7,w2_l7_v1_tr_answer,translate,21,"Թարգմանիր՝ "ստուգում"","Translate: "ստուգում"","Переведи: "ստուգում""
w2_l7,w2_l7_v1_tr_prompt,translate,25,"Թարգմանիր՝ "վերադարձ"","Translate: "վերադարձ"","Переведи: "վերադարձ""
w2_l7,w2_l7_v10,multiple_choice,26,"Ընտրիր "հաճախորդ"-ի թարգմանությունը","Choose the meaning of "customer"","Выбери перевод "клиент""
w2_l7,w2_l7_v10_mc_answer,translate,27,"Թարգմանիր՝ "հաճախորդ"","Translate: "հաճախորդ"","Переведи: "հաճախորդ""
w2_l7,w2_l7_v10_mc_prompt,translate,31,"Թարգմանիր՝ "պայուսակ"","Translate: "պայուսակ"","Переведи: "պայուսակ""
w2_l7,w2_l7_v10_tr_answer,multiple_choice,32,"Ընտրիր "էժան"-ի թարգմանությունը","Choose the meaning of "cheap"","Выбери перевод "дешёвый""
w2_l7,w2_l7_v10_tr_prompt,multiple_choice,36,"Ընտրիր "որակյալ"-ի թարգմանությունը","Choose the meaning of "quality"","Выбери перевод "качественный""
w2_l7,w2_l7_v11,translate,37,"Թարգմանիր՝ "որակյալ"","Translate: "որակյալ"","Переведи: "որակյալ""
w2_l7,w2_l7_v11_mc_answer,multiple_choice,38,"Ընտրիր "չափ"-ի թարգմանությունը","Choose the meaning of "size"","Выбери перевод "размер""
w2_l7,w2_l7_v11_mc_prompt,multiple_choice,42,"Ընտրիր "մեծ"-ի թարգմանությունը","Choose the meaning of "big"","Выбери перевод "большой""
w2_l7,w2_l7_v11_tr_answer,translate,43,"Թարգմանիր՝ "մեծ"","Translate: "մեծ"","Переведи: "մեծ""
w2_l7,w2_l7_v11_tr_prompt,translate,47,"Թարգմանիր՝ "նոր"","Translate: "նոր"","Переведи: "նոր""
w2_l7,w2_l7_v12,multiple_choice,48,"Ընտրիր "հին"-ի թարգմանությունը","Choose the meaning of "old"","Выбери перевод "старый""
w2_l7,w2_l7_v12_mc_answer,translate,49,"Թարգմանիր՝ "հին"","Translate: "հին"","Переведи: "հին""
w2_l8,w2_l8_match_prompt,translate,3,"Թարգմանիր՝ "տաբատ"","Translate: "տաբատ"","Переведи: "տաբատ""
w2_l8,w2_l8_v0,multiple_choice,4,"Ընտրիր "զգեստ"-ի թարգմանությունը","Choose the meaning of "dress"","Выбери перевод "платье""
w2_l8,w2_l8_v0_mc_answer,translate,5,"Թարգմանիր՝ "զգեստ"","Translate: "զգեստ"","Переведи: "զգեստ""
w2_l8,w2_l8_v0_mc_prompt,translate,9,"Թարգմանիր՝ "բաճկոն"","Translate: "բաճկոն"","Переведи: "բաճկոն""
w2_l8,w2_l8_v0_tr_answer,multiple_choice,10,"Ընտրիր "վերարկու"-ի թարգմանությունը","Choose the meaning of "coat"","Выбери перевод "пальто""
w2_l8,w2_l8_v0_tr_prompt,multiple_choice,14,"Ընտրիր "կոշիկներ"-ի թարգմանությունը","Choose the meaning of "shoes"","Выбери перевод "обувь""
w2_l8,w2_l8_v1,translate,15,"Թարգմանիր՝ "կոշիկներ"","Translate: "կոշիկներ"","Переведи: "կոշիկներ""
w2_l8,w2_l8_v1_mc_answer,multiple_choice,16,"Ընտրիր "գլխարկ"-ի թարգմանությունը","Choose the meaning of "hat"","Выбери перевод "шляпа""
w2_l8,w2_l8_v1_mc_prompt,multiple_choice,20,"Ընտրիր "ձեռնոցներ"-ի թարգմանությունը","Choose the meaning of "gloves"","Выбери перевод "перчатки""
w2_l8,w2_l8_v1_tr_answer,translate,21,"Թարգմանիր՝ "ձեռնոցներ"","Translate: "ձեռնոցներ"","Переведи: "ձեռնոցներ""
w2_l8,w2_l8_v1_tr_prompt,translate,25,"Թարգմանիր՝ "փողկապ"","Translate: "փողկապ"","Переведи: "փողկապ""
w2_l8,w2_l8_v10,multiple_choice,26,"Ընտրիր "պայուսակ"-ի թարգմանությունը","Choose the meaning of "bag"","Выбери перевод "сумка""
w2_l8,w2_l8_v10_mc_answer,translate,27,"Թարգմանիր՝ "պայուսակ"","Translate: "պայուսակ"","Переведи: "պայուսակ""
w2_l8,w2_l8_v10_mc_prompt,translate,31,"Թարգմանիր՝ "ակնոց"","Translate: "ակնոց"","Переведи: "ակնոց""
w2_l8,w2_l8_v10_tr_answer,multiple_choice,32,"Ընտրիր "ժամացույց"-ի թարգմանությունը","Choose the meaning of "watch"","Выбери перевод "часы""
w2_l8,w2_l8_v10_tr_prompt,multiple_choice,36,"Ընտրիր "վզնոց"-ի թարգմանությունը","Choose the meaning of "necklace"","Выбери перевод "ожерелье""
w2_l8,w2_l8_v11,translate,37,"Թարգմանիր՝ "վզնոց"","Translate: "վզնոց"","Переведи: "վզնոց""
w2_l8,w2_l8_v11_mc_answer,multiple_choice,38,"Ընտրիր "հագնել"-ի թարգմանությունը","Choose the meaning of "to wear"","Выбери перевод "носить""
w2_l8,w2_l8_v11_mc_prompt,multiple_choice,42,"Ընտրիր "փոխել"-ի թարգմանությունը","Choose the meaning of "to change"","Выбери перевод "менять""
w2_l8,w2_l8_v11_tr_answer,translate,43,"Թարգմանիր՝ "փոխել"","Translate: "փոխել"","Переведи: "փոխել""
w2_l8,w2_l8_v11_tr_prompt,translate,47,"Թարգմանիր՝ "չափ"","Translate: "չափ"","Переведи: "չափ""
w2_l8,w2_l8_v12,multiple_choice,48,"Ընտրիր "գույն"-ի թարգմանությունը","Choose the meaning of "color"","Выбери перевод "цвет""
w2_l8,w2_l8_v12_mc_answer,translate,49,"Թարգմանիր՝ "գույն"","Translate: "գույն"","Переведи: "գույն""
w2_l9,w2_l9_match_prompt,translate,3,"Թարգմանիր՝ "ամպ"","Translate: "ամպ"","Переведи: "ամպ""
w2_l9,w2_l9_v0,multiple_choice,4,"Ընտրիր "անձրև"-ի թարգմանությունը","Choose the meaning of "rain"","Выбери перевод "дождь""
w2_l9,w2_l9_v0_mc_answer,translate,5,"Թարգմանիր՝ "անձրև"","Translate: "անձրև"","Переведи: "անձրև""
w2_l9,w2_l9_v0_mc_prompt,translate,9,"Թարգմանիր՝ "քամի"","Translate: "քամի"","Переведи: "քամի""
w2_l9,w2_l9_v0_tr_answer,multiple_choice,10,"Ընտրիր "փոթորիկ"-ի թարգմանությունը","Choose the meaning of "storm"","Выбери перевод "буря""
w2_l9,w2_l9_v0_tr_prompt,multiple_choice,14,"Ընտրիր "կայծակ"-ի թարգմանությունը","Choose the meaning of "lightning"","Выбери перевод "молния""
w2_l9,w2_l9_v1,translate,15,"Թարգմանիր՝ "կայծակ"","Translate: "կայծակ"","Переведи: "կայծակ""
w2_l9,w2_l9_v1_mc_answer,multiple_choice,16,"Ընտրիր "մառախուղ"-ի թարգմանությունը","Choose the meaning of "fog"","Выбери перевод "туман""
w2_l9,w2_l9_v1_mc_prompt,multiple_choice,20,"Ընտրիր "տաք"-ի թարգմանությունը","Choose the meaning of "warm"","Выбери перевод "тёплый""
w2_l9,w2_l9_v1_tr_answer,translate,21,"Թարգմանիր՝ "տաք"","Translate: "տաք"","Переведи: "տաք""
w2_l9,w2_l9_v1_tr_prompt,translate,25,"Թարգմանիր՝ "սառը"","Translate: "սառը"","Переведи: "սառը""
w2_l9,w2_l9_v10,multiple_choice,26,"Ընտրիր "ցուրտ"-ի թարգմանությունը","Choose the meaning of "freezing"","Выбери перевод "морозный""
w2_l9,w2_l9_v10_mc_answer,translate,27,"Թարգմանիր՝ "ցուրտ"","Translate: "ցուրտ"","Переведи: "ցուրտ""
w2_l9,w2_l9_v10_mc_prompt,translate,31,"Թարգմանիր՝ "արևոտ"","Translate: "արևոտ"","Переведи: "արևոտ""
w2_l9,w2_l9_v10_tr_answer,multiple_choice,32,"Ընտրիր "ամպամած"-ի թարգմանությունը","Choose the meaning of "cloudy"","Выбери перевод "облачно""
w2_l9,w2_l9_v10_tr_prompt,multiple_choice,36,"Ընտրիր "ձյունոտ"-ի թարգմանությունը","Choose the meaning of "snowy"","Выбери перевод "снежно""
w2_l9,w2_l9_v11,translate,37,"Թարգմանիր՝ "ձյունոտ"","Translate: "ձյունոտ"","Переведи: "ձյունոտ""
w2_l9,w2_l9_v11_mc_answer,multiple_choice,38,"Ընտրիր "քամոտ"-ի թարգմանությունը","Choose the meaning of "windy"","Выбери перевод "ветрено""
w2_l9,w2_l9_v11_mc_prompt,multiple_choice,42,"Ընտրիր "ամառ"-ի թարգմանությունը","Choose the meaning of "summer"","Выбери перевод "лето""
w2_l9,w2_l9_v11_tr_answer,translate,43,"Թարգմանիր՝ "ամառ"","Translate: "ամառ"","Переведи: "ամառ""
w2_l9,w2_l9_v11_tr_prompt,translate,47,"Թարգմանիր՝ "ձմեռ"","Translate: "ձմեռ"","Переведи: "ձմեռ""
w2_l9,w2_l9_v12,multiple_choice,48,"Ընտրիր "աստիճան"-ի թարգմանությունը","Choose the meaning of "degree"","Выбери перевод "градус""
w2_l9,w2_l9_v12_mc_answer,translate,49,"Թարգմանիր՝ "աստիճան"","Translate: "աստիճան"","Переведи: "աստիճան""
w3_l1,w3_l1_match_prompt,translate,3,"Թարգմանիր՝ "ինքնաթիռ"","Translate: "ինքնաթիռ"","Переведи: "ինքնաթիռ""
w3_l1,w3_l1_v0,multiple_choice,4,"Ընտրիր "տոմս"-ի թարգմանությունը","Choose the meaning of "ticket"","Выбери перевод "билет""
w3_l1,w3_l1_v0_mc_answer,translate,5,"Թարգմանիր՝ "տոմս"","Translate: "տոմս"","Переведи: "տոմս""
w3_l1,w3_l1_v0_mc_prompt,translate,9,"Թարգմանիր՝ "վիզա"","Translate: "վիզա"","Переведи: "վիզա""
w3_l1,w3_l1_v0_tr_answer,multiple_choice,10,"Ընտրիր "ուղեբեռ"-ի թարգմանությունը","Choose the meaning of "luggage"","Выбери перевод "багаж""
w3_l1,w3_l1_v0_tr_prompt,multiple_choice,14,"Ընտրիր "ուշացում"-ի թարգմանությունը","Choose the meaning of "delay"","Выбери перевод "задержка""
w3_l1,w3_l1_v1,translate,15,"Թարգմանիր՝ "ուշացում"","Translate: "ուշացում"","Переведи: "ուշացում""
w3_l1,w3_l1_v1_mc_answer,multiple_choice,16,"Ընտրիր "ուղևոր"-ի թարգմանությունը","Choose the meaning of "passenger"","Выбери перевод "пассажир""
w3_l1,w3_l1_v1_mc_prompt,multiple_choice,20,"Ընտրիր "գրանցում"-ի թարգմանությունը","Choose the meaning of "check-in"","Выбери перевод "регистрация""
w3_l1,w3_l1_v1_tr_answer,translate,21,"Թարգմանիր՝ "գրանցում"","Translate: "գրանցում"","Переведи: "գրանցում""
w3_l1,w3_l1_v1_tr_prompt,translate,25,"Թարգմանիր՝ "մաքսային"","Translate: "մաքսային"","Переведи: "մաքսային""
w3_l1,w3_l1_v10,multiple_choice,26,"Ընտրիր "անվտանգություն"-ի թարգմանությունը","Choose the meaning of "security"","Выбери перевод "безопасность""
w3_l1,w3_l1_v10_mc_answer,translate,27,"Թարգմանիր՝ "անվտանգություն"","Translate: "անվտանգություն"","Переведи: "անվտանգություն""
w3_l1,w3_l1_v10_mc_prompt,translate,31,"Թարգմանիր՝ "դարպաս"","Translate: "դարպաս"","Переведи: "դարպաս""
w3_l1,w3_l1_v10_tr_answer,multiple_choice,32,"Ընտրիր "նստեցում"-ի թարգմանությունը","Choose the meaning of "boarding"","Выбери перевод "посадка""
w3_l1,w3_l1_v10_tr_prompt,multiple_choice,36,"Ընտրիր "թռիչք"-ի թարգմանությունը","Choose the meaning of "takeoff"","Выбери перевод "взлёт""
w3_l1,w3_l1_v11,translate,37,"Թարգմանիր՝ "թռիչք"","Translate: "թռիչք"","Переведи: "թռիչք""
w3_l1,w3_l1_v11_mc_answer,multiple_choice,38,"Ընտրիր "կոնտրոլ"-ի թարգմանությունը","Choose the meaning of "control"","Выбери перевод "контроль""
w3_l1,w3_l1_v11_mc_prompt,multiple_choice,42,"Ընտրիր "չեղարկում"-ի թարգմանությունը","Choose the meaning of "cancellation"","Выбери перевод "отмена""
w3_l1,w3_l1_v11_tr_answer,translate,43,"Թարգմանիր՝ "չեղարկում"","Translate: "չեղարկում"","Переведи: "չեղարկում""
w3_l1,w3_l1_v11_tr_prompt,translate,47,"Թարգմանիր՝ "դույլ"","Translate: "դույլ"","Переведи: "դույլ""
w3_l1,w3_l1_v12,multiple_choice,48,"Ընտրիր "պայուսակ"-ի թարգմանությունը","Choose the meaning of "bag"","Выбери перевод "сумка""
w3_l1,w3_l1_v12_mc_answer,translate,49,"Թարգմանիր՝ "պայուսակ"","Translate: "պայուսակ"","Переведи: "պայուսակ""
w3_l2,w3_l2_match_prompt,translate,3,"Թարգմանիր՝ "վարորդ"","Translate: "վարորդ"","Переведи: "վարորդ""
w3_l2,w3_l2_v0,multiple_choice,4,"Ընտրիր "հասցե"-ի թարգմանությունը","Choose the meaning of "address"","Выбери перевод "адрес""
w3_l2,w3_l2_v0_mc_answer,translate,5,"Թարգմանիր՝ "հասցե"","Translate: "հասցե"","Переведи: "հասցե""
w3_l2,w3_l2_v0_mc_prompt,translate,9,"Թարգմանիր՝ "գին"","Translate: "գին"","Переведи: "գին""
w3_l2,w3_l2_v0_tr_answer,multiple_choice,10,"Ընտրիր "կանգառ"-ի թարգմանությունը","Choose the meaning of "stop"","Выбери перевод "остановка""
w3_l2,w3_l2_v0_tr_prompt,multiple_choice,14,"Ընտրիր "պողոտա"-ի թարգմանությունը","Choose the meaning of "avenue"","Выбери перевод "проспект""
w3_l2,w3_l2_v1,translate,15,"Թարգմանիր՝ "պողոտա"","Translate: "պողոտա"","Переведи: "պողոտա""
w3_l2,w3_l2_v1_mc_answer,multiple_choice,16,"Ընտրիր "քառուղի"-ի թարգմանությունը","Choose the meaning of "intersection"","Выбери перевод "перекрёсток""
w3_l2,w3_l2_v1_mc_prompt,multiple_choice,20,"Ընտրիր "աջ"-ի թարգմանությունը","Choose the meaning of "right"","Выбери перевод "право""
w3_l2,w3_l2_v1_tr_answer,translate,21,"Թարգմանիր՝ "աջ"","Translate: "աջ"","Переведи: "աջ""
w3_l2,w3_l2_v1_tr_prompt,translate,25,"Թարգմանիր՝ "ուղիղ"","Translate: "ուղիղ"","Переведи: "ուղիղ""
w3_l2,w3_l2_v10,multiple_choice,26,"Ընտրիր "հետ"-ի թարգմանությունը","Choose the meaning of "back"","Выбери перевод "назад""
w3_l2,w3_l2_v10_mc_answer,translate,27,"Թարգմանիր՝ "հետ"","Translate: "հետ"","Переведи: "հետ""
w3_l2,w3_l2_v10_mc_prompt,translate,31,"Թարգմանիր՝ "դանդաղ"","Translate: "դանդաղ"","Переведи: "դանդաղ""
w3_l2,w3_l2_v10_tr_answer,multiple_choice,32,"Ընտրիր "կանգնել"-ի թարգմանությունը","Choose the meaning of "to stop"","Выбери перевод "остановиться""
w3_l2,w3_l2_v10_tr_prompt,multiple_choice,36,"Ընտրիր "շրջել"-ի թարգմանությունը","Choose the meaning of "to turn"","Выбери перевод "повернуть""
w3_l2,w3_l2_v11,translate,37,"Թարգմանիր՝ "շրջել"","Translate: "շրջել"","Переведи: "շրջել""
w3_l2,w3_l2_v11_mc_answer,multiple_choice,38,"Ընտրիր "կամուրջ"-ի թարգմանությունը","Choose the meaning of "bridge"","Выбери перевод "мост""
w3_l2,w3_l2_v11_mc_prompt,multiple_choice,42,"Ընտրիր "քարտեզ"-ի թարգմանությունը","Choose the meaning of "map"","Выбери перевод "карта""
w3_l2,w3_l2_v11_tr_answer,translate,43,"Թարգմանիր՝ "քարտեզ"","Translate: "քարտեզ"","Переведи: "քարտեզ""
w3_l2,w3_l2_v11_tr_prompt,translate,47,"Թարգմանիր՝ "կողքին"","Translate: "կողքին"","Переведи: "կողքին""
w3_l2,w3_l2_v12,multiple_choice,48,"Ընտրիր "մոտ"-ի թարգմանությունը","Choose the meaning of "near"","Выбери перевод "близко""
w3_l2,w3_l2_v12_mc_answer,translate,49,"Թարգմանիր՝ "մոտ"","Translate: "մոտ"","Переведи: "մոտ""
w3_l3,w3_l3_match_prompt,translate,3,"Թարգմանիր՝ "համար"","Translate: "համար"","Переведи: "համար""
w3_l3,w3_l3_v0,multiple_choice,4,"Ընտրիր "ընդունարան"-ի թարգմանությունը","Choose the meaning of "reception"","Выбери перевод "ресепшн""
w3_l3,w3_l3_v0_mc_answer,translate,5,"Թարգմանիր՝ "ընդունարան"","Translate: "ընդունարան"","Переведи: "ընդունարան""
w3_l3,w3_l3_v0_mc_prompt,translate,9,"Թարգմանիր՝ "հարկ"","Translate: "հարկ"","Переведи: "հարկ""
w3_l3,w3_l3_v0_tr_answer,multiple_choice,10,"Ընտրիր "վերելակ"-ի թարգմանությունը","Choose the meaning of "elevator"","Выбери перевод "лифт""
w3_l3,w3_l3_v0_tr_prompt,multiple_choice,14,"Ընտրիր "անկողին"-ի թարգմանությունը","Choose the meaning of "bed"","Выбери перевод "кровать""
w3_l3,w3_l3_v1,translate,15,"Թարգմանիր՝ "անկողին"","Translate: "անկողին"","Переведи: "անկողին""
w3_l3,w3_l3_v1_mc_answer,multiple_choice,16,"Ընտրիր "լոգարան"-ի թարգմանությունը","Choose the meaning of "bathroom"","Выбери перевод "ванная""
w3_l3,w3_l3_v1_mc_prompt,multiple_choice,20,"Ընտրիր "օճառ"-ի թարգմանությունը","Choose the meaning of "soap"","Выбери перевод "мыло""
w3_l3,w3_l3_v1_tr_answer,translate,21,"Թարգմանիր՝ "օճառ"","Translate: "օճառ"","Переведи: "օճառ""
w3_l3,w3_l3_v1_tr_prompt,translate,25,"Թարգմանիր՝ "նախաճաշ"","Translate: "նախաճաշ"","Переведи: "նախաճաշ""
w3_l3,w3_l3_v10,multiple_choice,26,"Ընտրիր "ճաշ"-ի թարգմանությունը","Choose the meaning of "lunch"","Выбери перевод "обед""
w3_l3,w3_l3_v10_mc_answer,translate,27,"Թարգմանիր՝ "ճաշ"","Translate: "ճաշ"","Переведи: "ճաշ""
w3_l3,w3_l3_v10_mc_prompt,translate,31,"Թարգմանիր՝ "wifi"","Translate: "wifi"","Переведи: "wifi""
w3_l3,w3_l3_v10_tr_answer,multiple_choice,32,"Ընտրիր "կլիմայատար"-ի թարգմանությունը","Choose the meaning of "air conditioner"","Выбери перевод "кондиционер""
w3_l3,w3_l3_v10_tr_prompt,multiple_choice,36,"Ընտրիր "պատուհան"-ի թարգմանությունը","Choose the meaning of "window"","Выбери перевод "окно""
w3_l3,w3_l3_v11,translate,37,"Թարգմանիր՝ "պատուհան"","Translate: "պատուհան"","Переведи: "պատուհան""
w3_l3,w3_l3_v11_mc_answer,multiple_choice,38,"Ընտրիր "հանգիստ"-ի թարգմանությունը","Choose the meaning of "quiet"","Выбери перевод "тихий""
w3_l3,w3_l3_v11_mc_prompt,multiple_choice,42,"Ընտրիր "մաքուր"-ի թարգմանությունը","Choose the meaning of "clean"","Выбери перевод "чистый""
w3_l3,w3_l3_v11_tr_answer,translate,43,"Թարգմանիր՝ "մաքուր"","Translate: "մաքուր"","Переведи: "մաքուր""
w3_l3,w3_l3_v11_tr_prompt,translate,47,"Թարգմանիր՝ "ամրագրում"","Translate: "ամրագրում"","Переведи: "ամրագրում""
w3_l3,w3_l3_v12,multiple_choice,48,"Ընտրիր "հաշիվ"-ի թարգմանությունը","Choose the meaning of "bill"","Выбери перевод "счёт""
w3_l3,w3_l3_v12_mc_answer,translate,49,"Թարգմանիր՝ "հաշիվ"","Translate: "հաշիվ"","Переведи: "հաշիվ""
w3_l4,w3_l4_match_prompt,translate,3,"Թարգմանիր՝ "ձախ"","Translate: "ձախ"","Переведи: "ձախ""
w3_l4,w3_l4_v0,multiple_choice,4,"Ընտրիր "ուղիղ"-ի թարգմանությունը","Choose the meaning of "straight"","Выбери перевод "прямо""
w3_l4,w3_l4_v0_mc_answer,translate,5,"Թարգմանիր՝ "ուղիղ"","Translate: "ուղիղ"","Переведи: "ուղիղ""
w3_l4,w3_l4_v0_mc_prompt,translate,9,"Թարգմանիր՝ "հյուսիս"","Translate: "հյուսիս"","Переведи: "հյուսիս""
w3_l4,w3_l4_v0_tr_answer,multiple_choice,10,"Ընտրիր "հարավ"-ի թարգմանությունը","Choose the meaning of "south"","Выбери перевод "юг""
w3_l4,w3_l4_v0_tr_prompt,multiple_choice,14,"Ընտրիր "արևմուտք"-ի թարգմանությունը","Choose the meaning of "west"","Выбери перевод "запад""
w3_l4,w3_l4_v1,translate,15,"Թարգմանիր՝ "արևմուտք"","Translate: "արևմուտք"","Переведи: "արևմուտք""
w3_l4,w3_l4_v1_mc_answer,multiple_choice,16,"Ընտրիր "կողքին"-ի թարգմանությունը","Choose the meaning of "next to"","Выбери перевод "рядом""
w3_l4,w3_l4_v1_mc_prompt,multiple_choice,20,"Ընտրիր "հետևում"-ի թարգմանությունը","Choose the meaning of "behind"","Выбери перевод "сзади""
w3_l4,w3_l4_v1_tr_answer,translate,21,"Թարգմանիր՝ "հետևում"","Translate: "հետևում"","Переведи: "հետևում""
w3_l4,w3_l4_v1_tr_prompt,translate,25,"Թարգմանիր՝ "վրա"","Translate: "վրա"","Переведи: "վրա""
w3_l4,w3_l4_v10,multiple_choice,26,"Ընտրիր "տակ"-ի թարգմանությունը","Choose the meaning of "under"","Выбери перевод "под""
w3_l4,w3_l4_v10_mc_answer,translate,27,"Թարգմանիր՝ "տակ"","Translate: "տակ"","Переведи: "տակ""
w3_l4,w3_l4_v10_mc_prompt,translate,31,"Թարգմանիր՝ "հեռու"","Translate: "հեռու"","Переведи: "հեռու""
w3_l4,w3_l4_v10_tr_answer,multiple_choice,32,"Ընտրիր "խաչմերուկ"-ի թարգմանությունը","Choose the meaning of "crossroads"","Выбери перевод "перекрёсток""
w3_l4,w3_l4_v10_tr_prompt,multiple_choice,36,"Ընտրիր "պողոտա"-ի թարգմանությունը","Choose the meaning of "avenue"","Выбери перевод "проспект""
w3_l4,w3_l4_v11,translate,37,"Թարգմանիր՝ "պողոտա"","Translate: "պողոտա"","Переведи: "պողոտա""
w3_l4,w3_l4_v11_mc_answer,multiple_choice,38,"Ընտրիր "փողոց"-ի թարգմանությունը","Choose the meaning of "street"","Выбери перевод "улица""
w3_l4,w3_l4_v11_mc_prompt,multiple_choice,42,"Ընտրիր "կողմնացույց"-ի թարգմանությունը","Choose the meaning of "compass"","Выбери перевод "компас""
w3_l4,w3_l4_v11_tr_answer,translate,43,"Թարգմանիր՝ "կողմնացույց"","Translate: "կողմնացույց"","Переведи: "կողմնացույց""
w3_l4,w3_l4_v11_tr_prompt,translate,47,"Թարգմանիր՝ "գնալ"","Translate: "գնալ"","Переведи: "գնալ""
w3_l4,w3_l4_v12,multiple_choice,48,"Ընտրիր "անցնել"-ի թարգմանությունը","Choose the meaning of "to cross"","Выбери перевод "переходить""
w3_l4,w3_l4_v12_mc_answer,translate,49,"Թարգմանիր՝ "անցնել"","Translate: "անցնել"","Переведи: "անցնել""
w3_l5,w3_l5_match_prompt,translate,3,"Թարգմանիր՝ "կայարան"","Translate: "կայարան"","Переведи: "կայարան""
w3_l5,w3_l5_v0,multiple_choice,4,"Ընտրիր "հարթակ"-ի թարգմանությունը","Choose the meaning of "platform"","Выбери перевод "платформа""
w3_l5,w3_l5_v0_mc_answer,translate,5,"Թարգմանիր՝ "հարթակ"","Translate: "հարթակ"","Переведи: "հարթակ""
w3_l5,w3_l5_v0_mc_prompt,translate,9,"Թարգմանիր՝ "վագոն"","Translate: "վագոն"","Переведи: "վագոն""
w3_l5,w3_l5_v0_tr_answer,multiple_choice,10,"Ընտրիր "տեղ"-ի թարգմանությունը","Choose the meaning of "seat"","Выбери перевод "место""
w3_l5,w3_l5_v0_tr_prompt,multiple_choice,14,"Ընտրիր "մեկնում"-ի թարգմանությունը","Choose the meaning of "departure"","Выбери перевод "отправление""
w3_l5,w3_l5_v1,translate,15,"Թարգմանիր՝ "մեկնում"","Translate: "մեկնում"","Переведи: "մեկնում""
w3_l5,w3_l5_v1_mc_answer,multiple_choice,16,"Ընտրիր "ժամանում"-ի թարգմանությունը","Choose the meaning of "arrival"","Выбери перевод "прибытие""
w3_l5,w3_l5_v1_mc_prompt,multiple_choice,20,"Ընտրիր "անցում"-ի թարգմանությունը","Choose the meaning of "transfer"","Выбери перевод "пересадка""
w3_l5,w3_l5_v1_tr_answer,translate,21,"Թարգմանիր՝ "անցում"","Translate: "անցում"","Переведи: "անցում""
w3_l5,w3_l5_v1_tr_prompt,translate,25,"Թարգմանիր՝ "ցերեկային"","Translate: "ցերեկային"","Переведи: "ցերեկային""
w3_l5,w3_l5_v10,multiple_choice,26,"Ընտրիր "դանդաղ"-ի թարգմանությունը","Choose the meaning of "slow"","Выбери перевод "медленный""
w3_l5,w3_l5_v10_mc_answer,translate,27,"Թարգմանիր՝ "դանդաղ"","Translate: "դանդաղ"","Переведи: "դանդաղ""
w3_l5,w3_l5_v10_mc_prompt,translate,31,"Թարգմանիր՝ "մետրո"","Translate: "մետրո"","Переведи: "մետրո""
w3_l5,w3_l5_v10_tr_answer,multiple_choice,32,"Ընտրիր "էլեկտրագնացք"-ի թարգմանությունը","Choose the meaning of "electric train"","Выбери перевод "электричка""
w3_l5,w3_l5_v10_tr_prompt,multiple_choice,36,"Ընտրիր "հատատորեն"-ի թարգմանությունը","Choose the meaning of "specifically"","Выбери перевод "конкретно""
w3_l5,w3_l5_v11,translate,37,"Թարգմանիր՝ "հատատորեն"","Translate: "հատատորեն"","Переведи: "հատատորեն""
w3_l5,w3_l5_v11_mc_answer,multiple_choice,38,"Ընտրիր "ուղևոր"-ի թարգմանությունը","Choose the meaning of "passenger"","Выбери перевод "пассажир""
w3_l5,w3_l5_v11_mc_prompt,multiple_choice,42,"Ընտրիր "պատուհան"-ի թարգմանությունը","Choose the meaning of "window"","Выбери перевод "окно""
w3_l5,w3_l5_v11_tr_answer,translate,43,"Թարգմանիր՝ "պատուհան"","Translate: "պատուհան"","Переведи: "պատուհան""
w3_l5,w3_l5_v11_tr_prompt,translate,47,"Թարգմանիր՝ "փակել"","Translate: "փակել"","Переведи: "փակել""
w3_l5,w3_l5_v12,multiple_choice,48,"Ընտրիր "նստել"-ի թարգմանությունը","Choose the meaning of "to sit"","Выбери перевод "сесть""
w3_l5,w3_l5_v12_mc_answer,translate,49,"Թարգմանիր՝ "նստել"","Translate: "նստել"","Переведи: "նստել""
w3_l6,w3_l6_match_prompt,translate,3,"Թարգմանիր՝ "կանգառ"","Translate: "կանգառ"","Переведи: "կանգառ""
w3_l6,w3_l6_v0,multiple_choice,4,"Ընտրիր "երթուղի"-ի թարգմանությունը","Choose the meaning of "route"","Выбери перевод "маршрут""
w3_l6,w3_l6_v0_mc_answer,translate,5,"Թարգմանիր՝ "երթուղի"","Translate: "երթուղի"","Переведи: "երթուղի""
w3_l6,w3_l6_v0_mc_prompt,translate,9,"Թարգմանիր՝ "վարորդ"","Translate: "վարորդ"","Переведи: "վարորդ""
w3_l6,w3_l6_v0_tr_answer,multiple_choice,10,"Ընտրիր "տոմս"-ի թարգմանությունը","Choose the meaning of "ticket"","Выбери перевод "билет""
w3_l6,w3_l6_v0_tr_prompt,multiple_choice,14,"Ընտրիր "կանգնել"-ի թարգմանությունը","Choose the meaning of "to stop"","Выбери перевод "остановиться""
w3_l6,w3_l6_v1,translate,15,"Թարգմանիր՝ "կանգնել"","Translate: "կանգնել"","Переведи: "կանգնել""
w3_l6,w3_l6_v1_mc_answer,multiple_choice,16,"Ընտրիր "հաջորդ"-ի թարգմանությունը","Choose the meaning of "next"","Выбери перевод "следующий""
w3_l6,w3_l6_v1_mc_prompt,multiple_choice,20,"Ընտրիր "մարդաշատ"-ի թարգմանությունը","Choose the meaning of "crowded"","Выбери перевод "переполненный""
w3_l6,w3_l6_v1_tr_answer,translate,21,"Թարգմանիր՝ "մարդաշատ"","Translate: "մարդաշատ"","Переведи: "մարդաշատ""
w3_l6,w3_l6_v1_tr_prompt,translate,25,"Թարգմանիր՝ "նստել"","Translate: "նստել"","Переведи: "նստել""
w3_l6,w3_l6_v10,multiple_choice,26,"Ընտրիր "կանգնել"-ի թարգմանությունը","Choose the meaning of "to stand"","Выбери перевод "стоять""
w3_l6,w3_l6_v10_mc_answer,translate,27,"Թարգմանիր՝ "կանգնել"","Translate: "կանգնել"","Переведи: "կանգնել""
w3_l6,w3_l6_v10_mc_prompt,translate,31,"Թարգմանիր՝ "բարձրանալ"","Translate: "բարձրանալ"","Переведи: "բարձրանալ""
w3_l6,w3_l6_v10_tr_answer,multiple_choice,32,"Ընտրիր "կենտրոն"-ի թարգմանությունը","Choose the meaning of "center"","Выбери перевод "центр""
w3_l6,w3_l6_v10_tr_prompt,multiple_choice,36,"Ընտրիր "տրանսպորտ"-ի թարգմանությունը","Choose the meaning of "transport"","Выбери перевод "транспорт""
w3_l6,w3_l6_v11,translate,37,"Թարգմանիր՝ "տրանսպորտ"","Translate: "տրանսպորտ"","Переведи: "տրանսպորտ""
w3_l6,w3_l6_v11_mc_answer,multiple_choice,38,"Ընտրիր "հանրային"-ի թարգմանությունը","Choose the meaning of "public"","Выбери перевод "общественный""
w3_l6,w3_l6_v11_mc_prompt,multiple_choice,42,"Ընտրիր "տրոլեյբուս"-ի թարգմանությունը","Choose the meaning of "trolleybus"","Выбери перевод "троллейбус""
w3_l6,w3_l6_v11_tr_answer,translate,43,"Թարգմանիր՝ "տրոլեյբուս"","Translate: "տրոլեյբուս"","Переведи: "տրոլեյբուս""
w3_l6,w3_l6_v11_tr_prompt,translate,47,"Թարգմանիր՝ "քարտ"","Translate: "քարտ"","Переведи: "քարտ""
w3_l6,w3_l6_v12,multiple_choice,48,"Ընտրիր "փոխվճար"-ի թարգմանությունը","Choose the meaning of "transfer"","Выбери перевод "пересадка""
w3_l6,w3_l6_v12_mc_answer,translate,49,"Թարգմանիր՝ "փոխվճար"","Translate: "փոխվճար"","Переведи: "փոխվճար""
w3_l7,w3_l7_match_prompt,translate,3,"Թարգմանիր՝ "զբոսաշրջություն"","Translate: "զբոսաշրջություն"","Переведи: "զբոսաշրջություն""
w3_l7,w3_l7_v0,multiple_choice,4,"Ընտրիր "թանգարան"-ի թարգմանությունը","Choose the meaning of "museum"","Выбери перевод "музей""
w3_l7,w3_l7_v0_mc_answer,translate,5,"Թարգմանիր՝ "թանգարան"","Translate: "թանգարան"","Переведи: "թանգարան""
w3_l7,w3_l7_v0_mc_prompt,translate,9,"Թարգմանիր՝ "վանք"","Translate: "վանք"","Переведи: "վանք""
w3_l7,w3_l7_v0_tr_answer,multiple_choice,10,"Ընտրիր "բերդ"-ի թարգմանությունը","Choose the meaning of "fortress"","Выбери перевод "крепость""
w3_l7,w3_l7_v0_tr_prompt,multiple_choice,14,"Ընտրիր "հուշարձան"-ի թարգմանությունը","Choose the meaning of "monument"","Выбери перевод "памятник""
w3_l7,w3_l7_v1,translate,15,"Թարգմանիր՝ "հուշարձան"","Translate: "հուշարձան"","Переведи: "հուշարձան""
w3_l7,w3_l7_v1_mc_answer,multiple_choice,16,"Ընտրիր "այգի"-ի թարգմանությունը","Choose the meaning of "park"","Выбери перевод "парк""
w3_l7,w3_l7_v1_mc_prompt,multiple_choice,20,"Ընտրիր "էքսկուրսիա"-ի թարգմանությունը","Choose the meaning of "tour"","Выбери перевод "экскурсия""
w3_l7,w3_l7_v1_tr_answer,translate,21,"Թարգմանիր՝ "էքսկուրսիա"","Translate: "էքսկուրսիա"","Переведи: "էքսկուրսիա""
w3_l7,w3_l7_v1_tr_prompt,translate,25,"Թարգմանիր՝ "տոմս"","Translate: "տոմս"","Переведи: "տոմս""
w3_l7,w3_l7_v10,multiple_choice,26,"Ընտրիր "լուսանկար"-ի թարգմանությունը","Choose the meaning of "photo"","Выбери перевод "фото""
w3_l7,w3_l7_v10_mc_answer,translate,27,"Թարգմանիր՝ "լուսանկար"","Translate: "լուսանկար"","Переведи: "լուսանկար""
w3_l7,w3_l7_v10_mc_prompt,translate,31,"Թարգմանիր՝ "պատմություն"","Translate: "պատմություն"","Переведи: "պատմություն""
w3_l7,w3_l7_v10_tr_answer,multiple_choice,32,"Ընտրիր "մշակույթ"-ի թարգմանությունը","Choose the meaning of "culture"","Выбери перевод "культура""
w3_l7,w3_l7_v10_tr_prompt,multiple_choice,36,"Ընտրիր "հին"-ի թարգմանությունը","Choose the meaning of "ancient"","Выбери перевод "древний""
w3_l7,w3_l7_v11,translate,37,"Թարգմանիր՝ "հին"","Translate: "հին"","Переведи: "հին""
w3_l7,w3_l7_v11_mc_answer,multiple_choice,38,"Ընտրիր "գեղեցիկ"-ի թարգմանությունը","Choose the meaning of "beautiful"","Выбери перевод "красивый""
w3_l7,w3_l7_v11_mc_prompt,multiple_choice,42,"Ընտրիր "հանրահայտ"-ի թարգմանությունը","Choose the meaning of "famous"","Выбери перевод "знаменитый""
w3_l7,w3_l7_v11_tr_answer,translate,43,"Թարգմանիր՝ "հանրահայտ"","Translate: "հանրահայտ"","Переведи: "հանրահայտ""
w3_l7,w3_l7_v11_tr_prompt,translate,47,"Թարգմանիր՝ "տեսնել"","Translate: "տեսնել"","Переведи: "տեսնել""
w3_l7,w3_l7_v12,multiple_choice,48,"Ընտրիր "լուսանկարել"-ի թարգմանությունը","Choose the meaning of "to photograph"","Выбери перевод "фотографировать""
w3_l7,w3_l7_v12_mc_answer,translate,49,"Թարգմանիր՝ "լուսանկարել"","Translate: "լուսանկարել"","Переведи: "լուսանկարել""
w3_l8,w3_l8_match_prompt,translate,3,"Թարգմանիր՝ "օգնություն"","Translate: "օգնություն"","Переведи: "օգնություն""
w3_l8,w3_l8_v0,multiple_choice,4,"Ընտրիր "ոստիկանություն"-ի թարգմանությունը","Choose the meaning of "police"","Выбери перевод "полиция""
w3_l8,w3_l8_v0_mc_answer,translate,5,"Թարգմանիր՝ "ոստիկանություն"","Translate: "ոստիկանություն"","Переведи: "ոստիկանություն""
w3_l8,w3_l8_v0_mc_prompt,translate,9,"Թարգմանիր՝ "հրշեջ"","Translate: "հրշեջ"","Переведи: "հրշեջ""
w3_l8,w3_l8_v0_tr_answer,multiple_choice,10,"Ընտրիր "հիվանդանոց"-ի թարգմանությունը","Choose the meaning of "hospital"","Выбери перевод "больница""
w3_l8,w3_l8_v0_tr_prompt,multiple_choice,14,"Ընտրիր "դեղատուն"-ի թարգմանությունը","Choose the meaning of "pharmacy"","Выбери перевод "аптека""
w3_l8,w3_l8_v1,translate,15,"Թարգմանիր՝ "դեղատուն"","Translate: "դեղատուն"","Переведи: "դեղատուն""
w3_l8,w3_l8_v1_mc_answer,multiple_choice,16,"Ընտրիր "վթար"-ի թարգմանությունը","Choose the meaning of "accident"","Выбери перевод "авария""
w3_l8,w3_l8_v1_mc_prompt,multiple_choice,20,"Ընտրիր "գող"-ի թարգմանությունը","Choose the meaning of "thief"","Выбери перевод "вор""
w3_l8,w3_l8_v1_tr_answer,translate,21,"Թարգմանիր՝ "գող"","Translate: "գող"","Переведи: "գող""
w3_l8,w3_l8_v1_tr_prompt,translate,25,"Թարգմանիր՝ "վնասված"","Translate: "վնասված"","Переведи: "վնասված""
w3_l8,w3_l8_v10,multiple_choice,26,"Ընտրիր "հիվանդ"-ի թարգմանությունը","Choose the meaning of "sick"","Выбери перевод "больной""
w3_l8,w3_l8_v10_mc_answer,translate,27,"Թարգմանիր՝ "հիվանդ"","Translate: "հիվանդ"","Переведи: "հիվանդ""
w3_l8,w3_l8_v10_mc_prompt,translate,31,"Թարգմանիր՝ "արյուն"","Translate: "արյուն"","Переведи: "արյուն""
w3_l8,w3_l8_v10_tr_answer,multiple_choice,32,"Ընտրիր "դեղ"-ի թարգմանությունը","Choose the meaning of "medicine"","Выбери перевод "лекарство""
w3_l8,w3_l8_v10_tr_prompt,multiple_choice,36,"Ընտրիր "զանգել"-ի թարգմանությունը","Choose the meaning of "to call"","Выбери перевод "звонить""
w3_l8,w3_l8_v11,translate,37,"Թարգմանիր՝ "զանգել"","Translate: "զանգել"","Переведи: "զանգել""
w3_l8,w3_l8_v11_mc_answer,multiple_choice,38,"Ընտրիր "օգնել"-ի թարգմանությունը","Choose the meaning of "to help"","Выбери перевод "помогать""
w3_l8,w3_l8_v11_mc_prompt,multiple_choice,42,"Ընտրիր "վտանգ"-ի թարգմանությունը","Choose the meaning of "danger"","Выбери перевод "опасность""
w3_l8,w3_l8_v11_tr_answer,translate,43,"Թարգմանիր՝ "վտանգ"","Translate: "վտանգ"","Переведи: "վտանգ""
w3_l8,w3_l8_v11_tr_prompt,translate,47,"Թարգմանիր՝ "արագ"","Translate: "արագ"","Переведи: "արագ""
w3_l8,w3_l8_v12,multiple_choice,48,"Ընտրիր "խնդիր"-ի թարգմանությունը","Choose the meaning of "problem"","Выбери перевод "проблема""
w3_l8,w3_l8_v12_mc_answer,translate,49,"Թարգմանիր՝ "խնդիր"","Translate: "խնդիր"","Переведи: "խնդիր""
w4_l1,w4_l1_match_prompt,translate,3,"Թարգմանիր՝ "աշակերտ"","Translate: "աշակերտ"","Переведи: "աշակերտ""
w4_l1,w4_l1_v0,multiple_choice,4,"Ընտրիր "ուսուցիչ"-ի թարգմանությունը","Choose the meaning of "teacher"","Выбери перевод "учитель""
w4_l1,w4_l1_v0_mc_answer,translate,5,"Թարգմանիր՝ "ուսուցիչ"","Translate: "ուսուցիչ"","Переведи: "ուսուցիչ""
w4_l1,w4_l1_v0_mc_prompt,translate,9,"Թարգմանիր՝ "դասարան"","Translate: "դասարան"","Переведи: "դասարան""
w4_l1,w4_l1_v0_tr_answer,multiple_choice,10,"Ընտրիր "տնային"-ի թարգմանությունը","Choose the meaning of "homework"","Выбери перевод "домашка""
w4_l1,w4_l1_v0_tr_prompt,multiple_choice,14,"Ընտրիր "գնահատական"-ի թարգմանությունը","Choose the meaning of "grade"","Выбери перевод "оценка""
w4_l1,w4_l1_v1,translate,15,"Թարգմանիր՝ "գնահատական"","Translate: "գնահատական"","Переведи: "գնահատական""
w4_l1,w4_l1_v1_mc_answer,multiple_choice,16,"Ընտրիր "գիրք"-ի թարգմանությունը","Choose the meaning of "book"","Выбери перевод "книга""
w4_l1,w4_l1_v1_mc_prompt,multiple_choice,20,"Ընտրիր "գրիչ"-ի թարգմանությունը","Choose the meaning of "pen"","Выбери перевод "ручка""
w4_l1,w4_l1_v1_tr_answer,translate,21,"Թարգմանիր՝ "գրիչ"","Translate: "գրիչ"","Переведи: "գրիչ""
w4_l1,w4_l1_v1_tr_prompt,translate,25,"Թարգմանիր՝ "գրատախտակ"","Translate: "գրատախտակ"","Переведи: "գրատախտակ""
w4_l1,w4_l1_v10,multiple_choice,26,"Ընտրիր "կավիճ"-ի թարգմանությունը","Choose the meaning of "chalk"","Выбери перевод "мел""
w4_l1,w4_l1_v10_mc_answer,translate,27,"Թարգմանիր՝ "կավիճ"","Translate: "կավիճ"","Переведи: "կավիճ""
w4_l1,w4_l1_v10_mc_prompt,translate,31,"Թարգմանիր՝ "ընդմիջում"","Translate: "ընդմիջում"","Переведи: "ընդմիջում""
w4_l1,w4_l1_v10_tr_answer,multiple_choice,32,"Ընտրիր "մաթեմատիկա"-ի թարգմանությունը","Choose the meaning of "mathematics"","Выбери перевод "математика""
w4_l1,w4_l1_v10_tr_prompt,multiple_choice,36,"Ընտրիր "աշխարհագրություն"-ի թարգմանությունը","Choose the meaning of "geography"","Выбери перевод "география""
w4_l1,w4_l1_v11,translate,37,"Թարգմանիր՝ "աշխարհագրություն"","Translate: "աշխարհագրություն"","Переведи: "աշխարհագրություն""
w4_l1,w4_l1_v11_mc_answer,multiple_choice,38,"Ընտրիր "ֆիզիկա"-ի թարգմանությունը","Choose the meaning of "physics"","Выбери перевод "физика""
w4_l1,w4_l1_v11_mc_prompt,multiple_choice,42,"Ընտրիր "լեզու"-ի թարգմանությունը","Choose the meaning of "language"","Выбери перевод "язык""
w4_l1,w4_l1_v11_tr_answer,translate,43,"Թարգմանիր՝ "լեզու"","Translate: "լեզու"","Переведи: "լեզու""
w4_l1,w4_l1_v11_tr_prompt,translate,47,"Թարգմանիր՝ "սպորտ"","Translate: "սպորտ"","Переведи: "սպորտ""
w4_l1,w4_l1_v12,multiple_choice,48,"Ընտրիր "արվեստ"-ի թարգմանությունը","Choose the meaning of "art"","Выбери перевод "искусство""
w4_l1,w4_l1_v12_mc_answer,translate,49,"Թարգմանիր՝ "արվեստ"","Translate: "արվեստ"","Переведи: "արվեստ""
w4_l2,w4_l2_match_prompt,translate,3,"Թարգմանիր՝ "ուսանող"","Translate: "ուսանող"","Переведи: "ուսանող""
w4_l2,w4_l2_v0,multiple_choice,4,"Ընտրիր "դասախոս"-ի թարգմանությունը","Choose the meaning of "lecturer"","Выбери перевод "лектор""
w4_l2,w4_l2_v0_mc_answer,translate,5,"Թարգմանիր՝ "դասախոս"","Translate: "դասախոս"","Переведи: "դասախոս""
w4_l2,w4_l2_v0_mc_prompt,translate,9,"Թարգմանիր՝ "ֆակուլտետ"","Translate: "ֆակուլտետ"","Переведи: "ֆակուլտետ""
w4_l2,w4_l2_v0_tr_answer,multiple_choice,10,"Ընտրիր "մասնագիտություն"-ի թարգմանությունը","Choose the meaning of "major"","Выбери перевод "специальность""
w4_l2,w4_l2_v0_tr_prompt,multiple_choice,14,"Ընտրիր "սեմեստր"-ի թարգմանությունը","Choose the meaning of "semester"","Выбери перевод "семестр""
w4_l2,w4_l2_v1,translate,15,"Թարգմանիր՝ "սեմեստր"","Translate: "սեմեստր"","Переведи: "սեմեստր""
w4_l2,w4_l2_v1_mc_answer,multiple_choice,16,"Ընտրիր "լեկցիա"-ի թարգմանությունը","Choose the meaning of "lecture"","Выбери перевод "лекция""
w4_l2,w4_l2_v1_mc_prompt,multiple_choice,20,"Ընտրիր "քննություն"-ի թարգմանությունը","Choose the meaning of "exam"","Выбери перевод "экзамен""
w4_l2,w4_l2_v1_tr_answer,translate,21,"Թարգմանիր՝ "քննություն"","Translate: "քննություն"","Переведи: "քննություն""
w4_l2,w4_l2_v1_tr_prompt,translate,25,"Թարգմանիր՝ "դիպլոմ"","Translate: "դիպլոմ"","Переведи: "դիպլոմ""
w4_l2,w4_l2_v10,multiple_choice,26,"Ընտրիր "գիտություն"-ի թարգմանությունը","Choose the meaning of "science"","Выбери перевод "наука""
w4_l2,w4_l2_v10_mc_answer,translate,27,"Թարգմանիր՝ "գիտություն"","Translate: "գիտություն"","Переведи: "գիտություն""
w4_l2,w4_l2_v10_mc_prompt,translate,31,"Թարգմանիր՝ "գրադարան"","Translate: "գրադարան"","Переведи: "գրադարան""
w4_l2,w4_l2_v10_tr_answer,multiple_choice,32,"Ընտրիր "լաբորատորիա"-ի թարգմանությունը","Choose the meaning of "lab"","Выбери перевод "лаборатория""
w4_l2,w4_l2_v10_tr_prompt,multiple_choice,36,"Ընտրիր "կրթաթոշակ"-ի թարգմանությունը","Choose the meaning of "scholarship"","Выбери перевод "стипендия""
w4_l2,w4_l2_v11,translate,37,"Թարգմանիր՝ "կրթաթոշակ"","Translate: "կրթաթոշակ"","Переведи: "կրթաթոշակ""
w4_l2,w4_l2_v11_mc_answer,multiple_choice,38,"Ընտրիր "մագիստրատուրա"-ի թարգմանությունը","Choose the meaning of "master's"","Выбери перевод "магистратура""
w4_l2,w4_l2_v11_mc_prompt,multiple_choice,42,"Ընտրիր "ասպիրանտուրա"-ի թարգմանությունը","Choose the meaning of "PhD program"","Выбери перевод "аспирантура""
w4_l2,w4_l2_v11_tr_answer,translate,43,"Թարգմանիր՝ "ասպիրանտուրա"","Translate: "ասպիրանտուրա"","Переведи: "ասպիրանտուրա""
w4_l2,w4_l2_v11_tr_prompt,translate,47,"Թարգմանիր՝ "հոդված"","Translate: "հոդված"","Переведи: "հոդված""
w4_l2,w4_l2_v12,multiple_choice,48,"Ընտրիր "թեզ"-ի թարգմանությունը","Choose the meaning of "thesis"","Выбери перевод "диссертация""
w4_l2,w4_l2_v12_mc_answer,translate,49,"Թարգմանիր՝ "թեզ"","Translate: "թեզ"","Переведи: "թեզ""
w4_l3,w4_l3_match_prompt,translate,3,"Թարգմանիր՝ "աշխատակից"","Translate: "աշխատակից"","Переведи: "աշխատակից""
w4_l3,w4_l3_v0,multiple_choice,4,"Ընտրիր "գործընկեր"-ի թարգմանությունը","Choose the meaning of "colleague"","Выбери перевод "коллега""
w4_l3,w4_l3_v0_mc_answer,translate,5,"Թարգմանիր՝ "գործընկեր"","Translate: "գործընկեր"","Переведи: "գործընկեր""
w4_l3,w4_l3_v0_mc_prompt,translate,9,"Թարգմանիր՝ "տնօրեն"","Translate: "տնօրեն"","Переведи: "տնօրեն""
w4_l3,w4_l3_v0_tr_answer,multiple_choice,10,"Ընտրիր "փոխտնօրեն"-ի թարգմանությունը","Choose the meaning of "deputy director"","Выбери перевод "замдиректора""
w4_l3,w4_l3_v0_tr_prompt,multiple_choice,14,"Ընտրիր "պայմանագիր"-ի թարգմանությունը","Choose the meaning of "contract"","Выбери перевод "контракт""
w4_l3,w4_l3_v1,translate,15,"Թարգմանիր՝ "պայմանագիր"","Translate: "պայմանագիր"","Переведи: "պայմանագիր""
w4_l3,w4_l3_v1_mc_answer,multiple_choice,16,"Ընտրիր "աշխատավարձ"-ի թարգմանությունը","Choose the meaning of "salary"","Выбери перевод "зарплата""
w4_l3,w4_l3_v1_mc_prompt,multiple_choice,20,"Ընտրիր "հանդիպում"-ի թարգմանությունը","Choose the meaning of "meeting"","Выбери перевод "встреча""
w4_l3,w4_l3_v1_tr_answer,translate,21,"Թարգմանիր՝ "հանդիպում"","Translate: "հանդիպում"","Переведи: "հանդիպում""
w4_l3,w4_l3_v1_tr_prompt,translate,25,"Թարգմանիր՝ "նախագիծ"","Translate: "նախագիծ"","Переведи: "նախագիծ""
w4_l3,w4_l3_v10,multiple_choice,26,"Ընտրիր "խնդիր"-ի թարգմանությունը","Choose the meaning of "task"","Выбери перевод "задача""
w4_l3,w4_l3_v10_mc_answer,translate,27,"Թարգմանիր՝ "խնդիր"","Translate: "խնդիր"","Переведи: "խնդիր""
w4_l3,w4_l3_v10_mc_prompt,translate,31,"Թարգմանիր՝ "զանգ"","Translate: "զանգ"","Переведи: "զանգ""
w4_l3,w4_l3_v10_tr_answer,multiple_choice,32,"Ընտրիր "էլեկտրոնային փոստ"-ի թարգմանությունը","Choose the meaning of "email"","Выбери перевод "электронная почта""
w4_l3,w4_l3_v10_tr_prompt,multiple_choice,36,"Ընտրիր "տպիչ"-ի թարգմանությունը","Choose the meaning of "printer"","Выбери перевод "принтер""
w4_l3,w4_l3_v11,translate,37,"Թարգմանիր՝ "տպիչ"","Translate: "տպիչ"","Переведи: "տպիչ""
w4_l3,w4_l3_v11_mc_answer,multiple_choice,38,"Ընտրիր "ֆայլ"-ի թարգմանությունը","Choose the meaning of "file"","Выбери перевод "файл""
w4_l3,w4_l3_v11_mc_prompt,multiple_choice,42,"Ընտրիր "ստորագրություն"-ի թարգմանությունը","Choose the meaning of "signature"","Выбери перевод "подпись""
w4_l3,w4_l3_v11_tr_answer,translate,43,"Թարգմանիր՝ "ստորագրություն"","Translate: "ստորագրություն"","Переведи: "ստորագրություն""
w4_l3,w4_l3_v11_tr_prompt,translate,47,"Թարգմանիր՝ "հաճախորդ"","Translate: "հաճախորդ"","Переведи: "հաճախորդ""
w4_l3,w4_l3_v12,multiple_choice,48,"Ընտրիր "ընկերություն"-ի թարգմանությունը","Choose the meaning of "company"","Выбери перевод "компания""
w4_l3,w4_l3_v12_mc_answer,translate,49,"Թարգմանիր՝ "ընկերություն"","Translate: "ընկերություն"","Переведи: "ընկերություն""
w4_l4,w4_l4_match_prompt,translate,3,"Թարգմանիր՝ "ուսուցիչ"","Translate: "ուսուցիչ"","Переведи: "ուսուցիչ""
w4_l4,w4_l4_v0,multiple_choice,4,"Ընտրիր "ինժեներ"-ի թարգմանությունը","Choose the meaning of "engineer"","Выбери перевод "инженер""
w4_l4,w4_l4_v0_mc_answer,translate,5,"Թարգմանիր՝ "ինժեներ"","Translate: "ինժեներ"","Переведи: "ինժեներ""
w4_l4,w4_l4_v0_mc_prompt,translate,9,"Թարգմանիր՝ "լրագրող"","Translate: "լրագրող"","Переведи: "լրագրող""
w4_l4,w4_l4_v0_tr_answer,multiple_choice,10,"Ընտրիր "իրավաբան"-ի թարգմանությունը","Choose the meaning of "lawyer"","Выбери перевод "юрист""
w4_l4,w4_l4_v0_tr_prompt,multiple_choice,14,"Ընտրիր "երաժիշտ"-ի թարգմանությունը","Choose the meaning of "musician"","Выбери перевод "музыкант""
w4_l4,w4_l4_v1,translate,15,"Թարգմանիր՝ "երաժիշտ"","Translate: "երաժիշտ"","Переведи: "երաժիշտ""
w4_l4,w4_l4_v1_mc_answer,multiple_choice,16,"Ընտրիր "խոհարար"-ի թարգմանությունը","Choose the meaning of "chef"","Выбери перевод "повар""
w4_l4,w4_l4_v1_mc_prompt,multiple_choice,20,"Ընտրիր "վարորդ"-ի թարգմանությունը","Choose the meaning of "driver"","Выбери перевод "водитель""
w4_l4,w4_l4_v1_tr_answer,translate,21,"Թարգմանիր՝ "վարորդ"","Translate: "վարորդ"","Переведи: "վարորդ""
w4_l4,w4_l4_v1_tr_prompt,translate,25,"Թարգմանիր՝ "քարտուղար"","Translate: "քարտուղար"","Переведи: "քարտուղար""
w4_l4,w4_l4_v10,multiple_choice,26,"Ընտրիր "մենեջեր"-ի թարգմանությունը","Choose the meaning of "manager"","Выбери перевод "менеджер""
w4_l4,w4_l4_v10_mc_answer,translate,27,"Թարգմանիր՝ "մենեջեր"","Translate: "մենեջեր"","Переведи: "մենեջեր""
w4_l4,w4_l4_v10_mc_prompt,translate,31,"Թարգմանիր՝ "գիտնական"","Translate: "գիտնական"","Переведи: "գիտնական""
w4_l4,w4_l4_v10_tr_answer,multiple_choice,32,"Ընտրիր "բուժքույր"-ի թարգմանությունը","Choose the meaning of "nurse"","Выбери перевод "медсестра""
w4_l4,w4_l4_v10_tr_prompt,multiple_choice,36,"Ընտրիր "լուսանկարիչ"-ի թարգմանությունը","Choose the meaning of "photographer"","Выбери перевод "фотограф""
w4_l4,w4_l4_v11,translate,37,"Թարգմանիր՝ "լուսանկարիչ"","Translate: "լուսանկարիչ"","Переведи: "լուսանկարիչ""
w4_l4,w4_l4_v11_mc_answer,multiple_choice,38,"Ընտրիր "դիզայներ"-ի թարգմանությունը","Choose the meaning of "designer"","Выбери перевод "дизайнер""
w4_l4,w4_l4_v11_mc_prompt,multiple_choice,42,"Ընտրիր "բանվոր"-ի թարգմանությունը","Choose the meaning of "worker"","Выбери перевод "рабочий""
w4_l4,w4_l4_v11_tr_answer,translate,43,"Թարգմանիր՝ "բանվոր"","Translate: "բանվոր"","Переведи: "բանվոր""
w4_l4,w4_l4_v11_tr_prompt,translate,47,"Թարգմանիր՝ "զինվոր"","Translate: "զինվոր"","Переведи: "զինվոր""
w4_l4,w4_l4_v12,multiple_choice,48,"Ընտրիր "հոգևորական"-ի թարգմանությունը","Choose the meaning of "priest"","Выбери перевод "священник""
w4_l4,w4_l4_v12_mc_answer,translate,49,"Թարգմանիր՝ "հոգևորական"","Translate: "հոգևորական"","Переведи: "հոգևորական""
w4_l5,w4_l5_match_prompt,translate,3,"Թարգմանիր՝ "քննարկում"","Translate: "քննարկում"","Переведи: "քննարկում""
w4_l5,w4_l5_v0,multiple_choice,4,"Ընտրիր "որոշում"-ի թարգմանությունը","Choose the meaning of "decision"","Выбери перевод "решение""
w4_l5,w4_l5_v0_mc_answer,translate,5,"Թարգմանիր՝ "որոշում"","Translate: "որոշում"","Переведи: "որոշում""
w4_l5,w4_l5_v0_mc_prompt,translate,9,"Թարգմանիր՝ "նիստ"","Translate: "նիստ"","Переведи: "նիստ""
w4_l5,w4_l5_v0_tr_answer,multiple_choice,10,"Ընտրիր "մասնակից"-ի թարգմանությունը","Choose the meaning of "participant"","Выбери перевод "участник""
w4_l5,w4_l5_v0_tr_prompt,multiple_choice,14,"Ընտրիր "քարտուղար"-ի թարգմանությունը","Choose the meaning of "secretary"","Выбери перевод "секретарь""
w4_l5,w4_l5_v1,translate,15,"Թարգմանիր՝ "քարտուղար"","Translate: "քարտուղար"","Переведи: "քարտուղար""
w4_l5,w4_l5_v1_mc_answer,multiple_choice,16,"Ընտրիր "զեկույց"-ի թարգմանությունը","Choose the meaning of "report"","Выбери перевод "доклад""
w4_l5,w4_l5_v1_mc_prompt,multiple_choice,20,"Ընտրիր "հարց"-ի թարգմանությունը","Choose the meaning of "question"","Выбери перевод "вопрос""
w4_l5,w4_l5_v1_tr_answer,translate,21,"Թարգմանիր՝ "հարց"","Translate: "հարց"","Переведи: "հարց""
w4_l5,w4_l5_v1_tr_prompt,translate,25,"Թարգմանիր՝ "կարծիք"","Translate: "կարծիք"","Переведи: "կարծիք""
w4_l5,w4_l5_v10,multiple_choice,26,"Ընտրիր "առաջարկ"-ի թարգմանությունը","Choose the meaning of "proposal"","Выбери перевод "предложение""
w4_l5,w4_l5_v10_mc_answer,translate,27,"Թարգմանիր՝ "առաջարկ"","Translate: "առաջարկ"","Переведи: "առաջարկ""
w4_l5,w4_l5_v10_mc_prompt,translate,31,"Թարգմանիր՝ "համաձայնություն"","Translate: "համաձայնություն"","Переведи: "համաձայնություն""
w4_l5,w4_l5_v10_tr_answer,multiple_choice,32,"Ընտրիր "դեմ"-ի թարգմանությունը","Choose the meaning of "against"","Выбери перевод "против""
w4_l5,w4_l5_v10_tr_prompt,multiple_choice,36,"Ընտրիր "ձեռնպահ"-ի թարգմանությունը","Choose the meaning of "abstain"","Выбери перевод "воздержался""
w4_l5,w4_l5_v11,translate,37,"Թարգմանիր՝ "ձեռնպահ"","Translate: "ձեռնպահ"","Переведи: "ձեռնպահ""
w4_l5,w4_l5_v11_mc_answer,multiple_choice,38,"Ընտրիր "արձանագրություն"-ի թարգմանությունը","Choose the meaning of "minutes"","Выбери перевод "протокол""
w4_l5,w4_l5_v11_mc_prompt,multiple_choice,42,"Ընտրիր "ոչ պաշտոնական"-ի թարգմանությունը","Choose the meaning of "informal"","Выбери перевод "неформальный""
w4_l5,w4_l5_v11_tr_answer,translate,43,"Թարգմանիր՝ "ոչ պաշտոնական"","Translate: "ոչ պաշտոնական"","Переведи: "ոչ պաշտոնական""
w4_l5,w4_l5_v11_tr_prompt,translate,47,"Թարգմանիր՝ "տեսազանգ"","Translate: "տեսազանգ"","Переведи: "տեսազանգ""
w4_l5,w4_l5_v12,multiple_choice,48,"Ընտրիր "ընդմիջում"-ի թարգմանությունը","Choose the meaning of "break"","Выбери перевод "перерыв""
w4_l5,w4_l5_v12_mc_answer,translate,49,"Թարգմանիր՝ "ընդմիջում"","Translate: "ընդմիջում"","Переведи: "ընդմիջում""
w4_l6,w4_l6_match_prompt,translate,3,"Թարգմանիր՝ "նոութբուք"","Translate: "նոութբուք"","Переведи: "նոութբուք""
w4_l6,w4_l6_v0,multiple_choice,4,"Ընտրիր "հեռախոս"-ի թարգմանությունը","Choose the meaning of "phone"","Выбери перевод "телефон""
w4_l6,w4_l6_v0_mc_answer,translate,5,"Թարգմանիր՝ "հեռախոս"","Translate: "հեռախոս"","Переведи: "հեռախոս""
w4_l6,w4_l6_v0_mc_prompt,translate,9,"Թարգմանիր՝ "էկրան"","Translate: "էկրան"","Переведи: "էկրան""
w4_l6,w4_l6_v0_tr_answer,multiple_choice,10,"Ընտրիր "ստեղնաշար"-ի թարգմանությունը","Choose the meaning of "keyboard"","Выбери перевод "клавиатура""
w4_l6,w4_l6_v0_tr_prompt,multiple_choice,14,"Ընտրիր "ֆայլ"-ի թարգմանությունը","Choose the meaning of "file"","Выбери перевод "файл""
w4_l6,w4_l6_v1,translate,15,"Թարգմանիր՝ "ֆայլ"","Translate: "ֆայլ"","Переведи: "ֆայլ""
w4_l6,w4_l6_v1_mc_answer,multiple_choice,16,"Ընտրիր "թղթապանակ"-ի թարգմանությունը","Choose the meaning of "folder"","Выбери перевод "папка""
w4_l6,w4_l6_v1_mc_prompt,multiple_choice,20,"Ընտրիր "հավելված"-ի թարգմանությունը","Choose the meaning of "app"","Выбери перевод "приложение""
w4_l6,w4_l6_v1_tr_answer,translate,21,"Թարգմանիր՝ "հավելված"","Translate: "հավելված"","Переведи: "հավելված""
w4_l6,w4_l6_v1_tr_prompt,translate,25,"Թարգմանիր՝ "էջ"","Translate: "էջ"","Переведи: "էջ""
w4_l6,w4_l6_v10,multiple_choice,26,"Ընտրիր "հղում"-ի թարգմանությունը","Choose the meaning of "link"","Выбери перевод "ссылка""
w4_l6,w4_l6_v10_mc_answer,translate,27,"Թարգմանիր՝ "հղում"","Translate: "հղում"","Переведи: "հղում""
w4_l6,w4_l6_v10_mc_prompt,translate,31,"Թարգմանիր՝ "օգտանուն"","Translate: "օգտանուն"","Переведи: "օգտանուն""
w4_l6,w4_l6_v10_tr_answer,multiple_choice,32,"Ընտրիր "հաշիվ"-ի թարգմանությունը","Choose the meaning of "account"","Выбери перевод "аккаунт""
w4_l6,w4_l6_v10_tr_prompt,multiple_choice,36,"Ընտրիր "wifi"-ի թարգմանությունը","Choose the meaning of "wifi"","Выбери перевод "wifi""
w4_l6,w4_l6_v11,translate,37,"Թարգմանիր՝ "wifi"","Translate: "wifi"","Переведи: "wifi""
w4_l6,w4_l6_v11_mc_answer,multiple_choice,38,"Ընտրիր "ցանց"-ի թարգմանությունը","Choose the meaning of "network"","Выбери перевод "сеть""
w4_l6,w4_l6_v11_mc_prompt,multiple_choice,42,"Ընտրիր "կրկնօրինակ"-ի թարգմանությունը","Choose the meaning of "backup"","Выбери перевод "резервная копия""
w4_l6,w4_l6_v11_tr_answer,translate,43,"Թարգմանիր՝ "կրկնօրինակ"","Translate: "կրկնօրինակ"","Переведи: "կրկնօրինակ""
w4_l6,w4_l6_v11_tr_prompt,translate,47,"Թարգմանիր՝ "սխալ"","Translate: "սխալ"","Переведи: "սխալ""
w4_l6,w4_l6_v12,multiple_choice,48,"Ընտրիր "վիրուս"-ի թարգմանությունը","Choose the meaning of "virus"","Выбери перевод "вирус""
w4_l6,w4_l6_v12_mc_answer,translate,49,"Թարգմանիր՝ "վիրուս"","Translate: "վիրուս"","Переведи: "վիրուս""
w5_l1,w5_l1_match_prompt,translate,3,"Թարգմանիր՝ "տեսակետ"","Translate: "տեսակետ"","Переведи: "տեսակետ""
w5_l1,w5_l1_v0,multiple_choice,4,"Ընտրիր "համաձայն"-ի թարգմանությունը","Choose the meaning of "agree"","Выбери перевод "согласен""
w5_l1,w5_l1_v0_mc_answer,translate,5,"Թարգմանիր՝ "համաձայն"","Translate: "համաձայն"","Переведи: "համաձայն""
w5_l1,w5_l1_v0_mc_prompt,translate,9,"Թարգմանիր՝ "քննարկում"","Translate: "քննարկում"","Переведи: "քննարկում""
w5_l1,w5_l1_v0_tr_answer,multiple_choice,10,"Ընտրիր "փաստարկ"-ի թարգմանությունը","Choose the meaning of "argument"","Выбери перевод "аргумент""
w5_l1,w5_l1_v0_tr_prompt,multiple_choice,14,"Ընտրիր "փաստ"-ի թարգմանությունը","Choose the meaning of "fact"","Выбери перевод "факт""
w5_l1,w5_l1_v1,translate,15,"Թարգմանիր՝ "փաստ"","Translate: "փաստ"","Переведи: "փաստ""
w5_l1,w5_l1_v1_mc_answer,multiple_choice,16,"Ընտրիր "կարծել"-ի թարգմանությունը","Choose the meaning of "to think"","Выбери перевод "думать""
w5_l1,w5_l1_v1_mc_prompt,multiple_choice,20,"Ընտրիր "մտածել"-ի թարգմանությունը","Choose the meaning of "to consider"","Выбери перевод "размышлять""
w5_l1,w5_l1_v1_tr_answer,translate,21,"Թարգմանիր՝ "մտածել"","Translate: "մտածել"","Переведи: "մտածել""
w5_l1,w5_l1_v1_tr_prompt,translate,25,"Թարգմանիր՝ "համոզմունք"","Translate: "համոզմունք"","Переведи: "համոզմունք""
w5_l1,w5_l1_v10,multiple_choice,26,"Ընտրիր "կասկած"-ի թարգմանությունը","Choose the meaning of "doubt"","Выбери перевод "сомнение""
w5_l1,w5_l1_v10_mc_answer,translate,27,"Թարգմանիր՝ "կասկած"","Translate: "կասկած"","Переведи: "կասկած""
w5_l1,w5_l1_v10_mc_prompt,translate,31,"Թարգմանիր՝ "հակասական"","Translate: "հակասական"","Переведи: "հակասական""
w5_l1,w5_l1_v10_tr_answer,multiple_choice,32,"Ընտրիր "ուժեղ"-ի թարգմանությունը","Choose the meaning of "strong"","Выбери перевод "сильный""
w5_l1,w5_l1_v10_tr_prompt,multiple_choice,36,"Ընտրիր "խելամիտ"-ի թարգմանությունը","Choose the meaning of "reasonable"","Выбери перевод "разумный""
w5_l1,w5_l1_v11,translate,37,"Թարգմանիր՝ "խելամիտ"","Translate: "խելամիտ"","Переведи: "խելամիտ""
w5_l1,w5_l1_v11_mc_answer,multiple_choice,38,"Ընտրիր "անհիմն"-ի թարգմանությունը","Choose the meaning of "groundless"","Выбери перевод "необоснованный""
w5_l1,w5_l1_v11_mc_prompt,multiple_choice,42,"Ընտրիր "հիմնավորել"-ի թարգմանությունը","Choose the meaning of "to justify"","Выбери перевод "обосновать""
w5_l1,w5_l1_v11_tr_answer,translate,43,"Թարգմանիր՝ "հիմնավորել"","Translate: "հիմնավորել"","Переведи: "հիմնավորել""
w5_l1,w5_l1_v11_tr_prompt,translate,47,"Թարգմանիր՝ "հակառակորդ"","Translate: "հակառակորդ"","Переведи: "հակառակորդ""
w5_l1,w5_l1_v12,multiple_choice,48,"Ընտրիր "համախոհ"-ի թարգմանությունը","Choose the meaning of "supporter"","Выбери перевод "сторонник""
w5_l1,w5_l1_v12_mc_answer,translate,49,"Թարգմանիր՝ "համախոհ"","Translate: "համախոհ"","Переведи: "համախոհ""
w5_l2,w5_l2_match_prompt,translate,3,"Թարգմանիր՝ "տխուր"","Translate: "տխուր"","Переведи: "տխուր""
w5_l2,w5_l2_v0,multiple_choice,4,"Ընտրիր "զայրացած"-ի թարգմանությունը","Choose the meaning of "angry"","Выбери перевод "злой""
w5_l2,w5_l2_v0_mc_answer,translate,5,"Թարգմանիր՝ "զայրացած"","Translate: "զայրացած"","Переведи: "զայրացած""
w5_l2,w5_l2_v0_mc_prompt,translate,9,"Թարգմանիր՝ "վախեցած"","Translate: "վախեցած"","Переведи: "վախեցած""
w5_l2,w5_l2_v0_tr_answer,multiple_choice,10,"Ընտրիր "հոգնած"-ի թարգմանությունը","Choose the meaning of "tired"","Выбери перевод "уставший""
w5_l2,w5_l2_v0_tr_prompt,multiple_choice,14,"Ընտրիր "անհանգիստ"-ի թարգմանությունը","Choose the meaning of "anxious"","Выбери перевод "тревожный""
w5_l2,w5_l2_v1,translate,15,"Թարգմանիր՝ "անհանգիստ"","Translate: "անհանգիստ"","Переведи: "անհանգիստ""
w5_l2,w5_l2_v1_mc_answer,multiple_choice,16,"Ընտրիր "հուզված"-ի թարգմանությունը","Choose the meaning of "excited"","Выбери перевод "взволнованный""
w5_l2,w5_l2_v1_mc_prompt,multiple_choice,20,"Ընտրիր "հպարտ"-ի թարգմանությունը","Choose the meaning of "proud"","Выбери перевод "гордый""
w5_l2,w5_l2_v1_tr_answer,translate,21,"Թարգմանիր՝ "հպարտ"","Translate: "հպարտ"","Переведи: "հպարտ""
w5_l2,w5_l2_v1_tr_prompt,translate,25,"Թարգմանիր՝ "սիրահարված"","Translate: "սիրահարված"","Переведи: "սիրահարված""
w5_l2,w5_l2_v10,multiple_choice,26,"Ընտրիր "ատելի"-ի թարգմանությունը","Choose the meaning of "hateful"","Выбери перевод "ненавистный""
w5_l2,w5_l2_v10_mc_answer,translate,27,"Թարգմանիր՝ "ատելի"","Translate: "ատելի"","Переведи: "ատելի""
w5_l2,w5_l2_v10_mc_prompt,translate,31,"Թարգմանիր՝ "հիասթափված"","Translate: "հիասթափված"","Переведи: "հիասթափված""
w5_l2,w5_l2_v10_tr_answer,multiple_choice,32,"Ընտրիր "շփոթված"-ի թարգմանությունը","Choose the meaning of "confused"","Выбери перевод "растерянный""
w5_l2,w5_l2_v10_tr_prompt,multiple_choice,36,"Ընտրիր "անհամբեր"-ի թարգմանությունը","Choose the meaning of "impatient"","Выбери перевод "нетерпеливый""
w5_l2,w5_l2_v11,translate,37,"Թարգմանիր՝ "անհամբեր"","Translate: "անհամբեր"","Переведи: "անհամբեր""
w5_l2,w5_l2_v11_mc_answer,multiple_choice,38,"Ընտրիր "ընկճված"-ի թարգմանությունը","Choose the meaning of "depressed"","Выбери перевод "подавленный""
w5_l2,w5_l2_v11_mc_prompt,multiple_choice,42,"Ընտրիր "տրամադրություն"-ի թարգմանությունը","Choose the meaning of "mood"","Выбери перевод "настроение""
w5_l2,w5_l2_v11_tr_answer,translate,43,"Թարգմանիր՝ "տրամադրություն"","Translate: "տրամադրություն"","Переведи: "տրամադրություն""
w5_l2,w5_l2_v11_tr_prompt,translate,47,"Թարգմանիր՝ "ծիծաղ"","Translate: "ծիծաղ"","Переведи: "ծիծաղ""
w5_l2,w5_l2_v12,multiple_choice,48,"Ընտրիր "ժպիտ"-ի թարգմանությունը","Choose the meaning of "smile"","Выбери перевод "улыбка""
w5_l2,w5_l2_v12_mc_answer,translate,49,"Թարգմանիր՝ "ժպիտ"","Translate: "ժպիտ"","Переведи: "ժպիտ""
w5_l3,w5_l3_match_prompt,translate,3,"Թարգմանիր՝ "հեքիաթ"","Translate: "հեքիաթ"","Переведи: "հեքիաթ""
w5_l3,w5_l3_v0,multiple_choice,4,"Ընտրիր "հերոս"-ի թարգմանությունը","Choose the meaning of "hero"","Выбери перевод "герой""
w5_l3,w5_l3_v0_mc_answer,translate,5,"Թարգմանիր՝ "հերոս"","Translate: "հերոս"","Переведи: "հերոս""
w5_l3,w5_l3_v0_mc_prompt,translate,9,"Թարգմանիր՝ "չարագործ"","Translate: "չարագործ"","Переведи: "չարագործ""
w5_l3,w5_l3_v0_tr_answer,multiple_choice,10,"Ընտրիր "սկիզբ"-ի թարգմանությունը","Choose the meaning of "beginning"","Выбери перевод "начало""
w5_l3,w5_l3_v0_tr_prompt,multiple_choice,14,"Ընտրիր "վերջ"-ի թարգմանությունը","Choose the meaning of "end"","Выбери перевод "конец""
w5_l3,w5_l3_v1,translate,15,"Թարգմանիր՝ "վերջ"","Translate: "վերջ"","Переведи: "վերջ""
w5_l3,w5_l3_v1_mc_answer,multiple_choice,16,"Ընտրիր "կերպար"-ի թարգմանությունը","Choose the meaning of "character"","Выбери перевод "персонаж""
w5_l3,w5_l3_v1_mc_prompt,multiple_choice,20,"Ընտրիր "իրադարձություն"-ի թարգմանությունը","Choose the meaning of "event"","Выбери перевод "событие""
w5_l3,w5_l3_v1_tr_answer,translate,21,"Թարգմանիր՝ "իրադարձություն"","Translate: "իրադարձություն"","Переведи: "իրադարձություն""
w5_l3,w5_l3_v1_tr_prompt,translate,25,"Թարգմանիր՝ "ժամանակ"","Translate: "ժամանակ"","Переведи: "ժամանակ""
w5_l3,w5_l3_v10,multiple_choice,26,"Ընտրիր "արկած"-ի թարգմանությունը","Choose the meaning of "adventure"","Выбери перевод "приключение""
w5_l3,w5_l3_v10_mc_answer,translate,27,"Թարգմանիր՝ "արկած"","Translate: "արկած"","Переведи: "արկած""
w5_l3,w5_l3_v10_mc_prompt,translate,31,"Թարգմանիր՝ "հրաշք"","Translate: "հրաշք"","Переведи: "հրաշք""
w5_l3,w5_l3_v10_tr_answer,multiple_choice,32,"Ընտրիր "պատահել"-ի թարգմանությունը","Choose the meaning of "to happen"","Выбери перевод "случиться""
w5_l3,w5_l3_v10_tr_prompt,multiple_choice,36,"Ընտրիր "հիշել"-ի թարգմանությունը","Choose the meaning of "to remember"","Выбери перевод "помнить""
w5_l3,w5_l3_v11,translate,37,"Թարգմանիր՝ "հիշել"","Translate: "հիշել"","Переведи: "հիշել""
w5_l3,w5_l3_v11_mc_answer,multiple_choice,38,"Ընտրիր "մոռանալ"-ի թարգմանությունը","Choose the meaning of "to forget"","Выбери перевод "забыть""
w5_l3,w5_l3_v11_mc_prompt,multiple_choice,42,"Ընտրիր "հանկարծ"-ի թարգմանությունը","Choose the meaning of "suddenly"","Выбери перевод "вдруг""
w5_l3,w5_l3_v11_tr_answer,translate,43,"Թարգմանիր՝ "հանկարծ"","Translate: "հանկարծ"","Переведи: "հանկարծ""
w5_l3,w5_l3_v11_tr_prompt,translate,47,"Թարգմանիր՝ "հետո"","Translate: "հետո"","Переведи: "հետո""
w5_l3,w5_l3_v12,multiple_choice,48,"Ընտրիր "մինչդեռ"-ի թարգմանությունը","Choose the meaning of "meanwhile"","Выбери перевод "тем временем""
w5_l3,w5_l3_v12_mc_answer,translate,49,"Թարգմանիր՝ "մինչդեռ"","Translate: "մինչդեռ"","Переведи: "մինչդեռ""
w5_l4,w5_l4_match_prompt,translate,3,"Թարգմանիր՝ "լուծում"","Translate: "լուծում"","Переведи: "լուծում""
w5_l4,w5_l4_v0,multiple_choice,4,"Ընտրիր "պատճառ"-ի թարգմանությունը","Choose the meaning of "cause"","Выбери перевод "причина""
w5_l4,w5_l4_v0_mc_answer,translate,5,"Թարգմանիր՝ "պատճառ"","Translate: "պատճառ"","Переведи: "պատճառ""
w5_l4,w5_l4_v0_mc_prompt,translate,9,"Թարգմանիր՝ "վերլուծել"","Translate: "վերլուծել"","Переведи: "վերլուծել""
w5_l4,w5_l4_v0_tr_answer,multiple_choice,10,"Ընտրիր "որոշել"-ի թարգմանությունը","Choose the meaning of "to decide"","Выбери перевод "решать""
w5_l4,w5_l4_v0_tr_prompt,multiple_choice,14,"Ընտրիր "փորձել"-ի թարգմանությունը","Choose the meaning of "to try"","Выбери перевод "пробовать""
w5_l4,w5_l4_v1,translate,15,"Թարգմանիր՝ "փորձել"","Translate: "փորձել"","Переведи: "փորձել""
w5_l4,w5_l4_v1_mc_answer,multiple_choice,16,"Ընտրիր "հաջողվել"-ի թարգմանությունը","Choose the meaning of "to succeed"","Выбери перевод "удаваться""
w5_l4,w5_l4_v1_mc_prompt,multiple_choice,20,"Ընտրիր "քայլ"-ի թարգմանությունը","Choose the meaning of "step"","Выбери перевод "шаг""
w5_l4,w5_l4_v1_tr_answer,translate,21,"Թարգմանիր՝ "քայլ"","Translate: "քայլ"","Переведи: "քայլ""
w5_l4,w5_l4_v1_tr_prompt,translate,25,"Թարգմանիր՝ "ընտրություն"","Translate: "ընտրություն"","Переведи: "ընտրություն""
w5_l4,w5_l4_v10,multiple_choice,26,"Ընտրիր "որոշում"-ի թարգմանությունը","Choose the meaning of "decision"","Выбери перевод "решение""
w5_l4,w5_l4_v10_mc_answer,translate,27,"Թարգմանիր՝ "որոշում"","Translate: "որոշում"","Переведи: "որոշում""
w5_l4,w5_l4_v10_mc_prompt,translate,31,"Թարգմանիր՝ "հաջողություն"","Translate: "հաջողություն"","Переведи: "հաջողություն""
w5_l4,w5_l4_v10_tr_answer,multiple_choice,32,"Ընտրիր "ձախողում"-ի թարգմանությունը","Choose the meaning of "failure"","Выбери перевод "провал""
w5_l4,w5_l4_v10_tr_prompt,multiple_choice,36,"Ընտրիր "լավագույն"-ի թարգմանությունը","Choose the meaning of "best"","Выбери перевод "лучший""
w5_l4,w5_l4_v11,translate,37,"Թարգմանիր՝ "լավագույն"","Translate: "լավագույն"","Переведи: "լավագույն""
w5_l4,w5_l4_v11_mc_answer,multiple_choice,38,"Ընտրիր "արագ"-ի թարգմանությունը","Choose the meaning of "fast"","Выбери перевод "быстрый""
w5_l4,w5_l4_v11_mc_prompt,multiple_choice,42,"Ընտրիր "համբերություն"-ի թարգմանությունը","Choose the meaning of "patience"","Выбери перевод "терпение""
w5_l4,w5_l4_v11_tr_answer,translate,43,"Թարգմանիր՝ "համբերություն"","Translate: "համբերություն"","Переведи: "համբերություն""
w5_l4,w5_l4_v11_tr_prompt,translate,47,"Թարգմանիր՝ "պլան"","Translate: "պլան"","Переведи: "պլան""
w5_l4,w5_l4_v12,multiple_choice,48,"Ընտրիր "հանգստություն"-ի թարգմանությունը","Choose the meaning of "calmness"","Выбери перевод "спокойствие""
w5_l4,w5_l4_v12_mc_answer,translate,49,"Թարգմանիր՝ "հանգստություն"","Translate: "հանգստություն"","Переведи: "հանգստություն""
w5_l5,w5_l5_match_prompt,translate,3,"Թարգմանիր՝ "համաձայնագիր"","Translate: "համաձայնագիր"","Переведи: "համաձայնագիր""
w5_l5,w5_l5_v0,multiple_choice,4,"Ընտրիր "պայմաններ"-ի թարգմանությունը","Choose the meaning of "terms"","Выбери перевод "условия""
w5_l5,w5_l5_v0_mc_answer,translate,5,"Թարգմանիր՝ "պայմաններ"","Translate: "պայմաններ"","Переведи: "պայմաններ""
w5_l5,w5_l5_v0_mc_prompt,translate,9,"Թարգմանիր՝ "զեղչ"","Translate: "զեղչ"","Переведи: "զեղչ""
w5_l5,w5_l5_v0_tr_answer,multiple_choice,10,"Ընտրիր "առաջարկ"-ի թարգմանությունը","Choose the meaning of "offer"","Выбери перевод "предложение""
w5_l5,w5_l5_v0_tr_prompt,multiple_choice,14,"Ընտրիր "համաձայն"-ի թարգմանությունը","Choose the meaning of "agreed"","Выбери перевод "согласовано""
w5_l5,w5_l5_v1,translate,15,"Թարգմանիր՝ "համաձայն"","Translate: "համաձայն"","Переведи: "համաձայն""
w5_l5,w5_l5_v1_mc_answer,multiple_choice,16,"Ընտրիր "մերժել"-ի թարգմանությունը","Choose the meaning of "to reject"","Выбери перевод "отклонить""
w5_l5,w5_l5_v1_mc_prompt,multiple_choice,20,"Ընտրիր "քննարկել"-ի թարգմանությունը","Choose the meaning of "to discuss"","Выбери перевод "обсуждать""
w5_l5,w5_l5_v1_tr_answer,translate,21,"Թարգմանիր՝ "քննարկել"","Translate: "քննարկել"","Переведи: "քննարկել""
w5_l5,w5_l5_v1_tr_prompt,translate,25,"Թարգմանիր՝ "զիջել"","Translate: "զիջել"","Переведи: "զիջել""
w5_l5,w5_l5_v10,multiple_choice,26,"Ընտրիր "պահանջել"-ի թարգմանությունը","Choose the meaning of "to demand"","Выбери перевод "требовать""
w5_l5,w5_l5_v10_mc_answer,translate,27,"Թարգմանիր՝ "պահանջել"","Translate: "պահանջել"","Переведи: "պահանջել""
w5_l5,w5_l5_v10_mc_prompt,translate,31,"Թարգմանիր՝ "շահ"","Translate: "շահ"","Переведи: "շահ""
w5_l5,w5_l5_v10_tr_answer,multiple_choice,32,"Ընտրիր "պարտություն"-ի թարգմանությունը","Choose the meaning of "loss"","Выбери перевод "потеря""
w5_l5,w5_l5_v10_tr_prompt,multiple_choice,36,"Ընտրիր "հնարավորություն"-ի թարգմանությունը","Choose the meaning of "opportunity"","Выбери перевод "возможность""
w5_l5,w5_l5_v11,translate,37,"Թարգմանիր՝ "հնարավորություն"","Translate: "հնարավորություն"","Переведи: "հնարավորություն""
w5_l5,w5_l5_v11_mc_answer,multiple_choice,38,"Ընտրիր "պայման"-ի թարգմանությունը","Choose the meaning of "condition"","Выбери перевод "условие""
w5_l5,w5_l5_v11_mc_prompt,multiple_choice,42,"Ընտրիր "հեղինակություն"-ի թարգմանությունը","Choose the meaning of "authority"","Выбери перевод "полномочие""
w5_l5,w5_l5_v11_tr_answer,translate,43,"Թարգմանիր՝ "հեղինակություն"","Translate: "հեղինակություն"","Переведи: "հեղինակություն""
w5_l5,w5_l5_v11_tr_prompt,translate,47,"Թարգմանիր՝ "հաճախորդ"","Translate: "հաճախորդ"","Переведи: "հաճախորդ""
w5_l5,w5_l5_v12,multiple_choice,48,"Ընտրիր "մատակարար"-ի թարգմանությունը","Choose the meaning of "supplier"","Выбери перевод "поставщик""
w5_l5,w5_l5_v12_mc_answer,translate,49,"Թարգմանիր՝ "մատակարար"","Translate: "մատակարար"","Переведи: "մատակարար""
w5_l6,w5_l6_match_prompt,translate,3,"Թարգմանիր՝ "ավանդույթ"","Translate: "ավանդույթ"","Переведи: "ավանդույթ""
w5_l6,w5_l6_v0,multiple_choice,4,"Ընտրիր "սովորույթ"-ի թարգմանությունը","Choose the meaning of "custom"","Выбери перевод "обычай""
w5_l6,w5_l6_v0_mc_answer,translate,5,"Թարգմանիր՝ "սովորույթ"","Translate: "սովորույթ"","Переведи: "սովորույթ""
w5_l6,w5_l6_v0_mc_prompt,translate,9,"Թարգմանիր՝ "կրոն"","Translate: "կրոն"","Переведи: "կրոն""
w5_l6,w5_l6_v0_tr_answer,multiple_choice,10,"Ընտրիր "արվեստ"-ի թարգմանությունը","Choose the meaning of "art"","Выбери перевод "искусство""
w5_l6,w5_l6_v0_tr_prompt,multiple_choice,14,"Ընտրիր "պար"-ի թարգմանությունը","Choose the meaning of "dance"","Выбери перевод "танец""
w5_l6,w5_l6_v1,translate,15,"Թարգմանիր՝ "պար"","Translate: "պար"","Переведи: "պար""
w5_l6,w5_l6_v1_mc_answer,multiple_choice,16,"Ընտրիր "խոհանոց"-ի թարգմանությունը","Choose the meaning of "cuisine"","Выбери перевод "кухня""
w5_l6,w5_l6_v1_mc_prompt,multiple_choice,20,"Ընտրիր "գրականություն"-ի թարգմանությունը","Choose the meaning of "literature"","Выбери перевод "литература""
w5_l6,w5_l6_v1_tr_answer,translate,21,"Թարգմանիր՝ "գրականություն"","Translate: "գրականություն"","Переведи: "գրականություն""
w5_l6,w5_l6_v1_tr_prompt,translate,25,"Թարգմանիր՝ "պատմություն"","Translate: "պատմություն"","Переведи: "պատմություն""
w5_l6,w5_l6_v10,multiple_choice,26,"Ընտրիր "ժողովուրդ"-ի թարգմանությունը","Choose the meaning of "people"","Выбери перевод "народ""
w5_l6,w5_l6_v10_mc_answer,translate,27,"Թարգմանիր՝ "ժողովուրդ"","Translate: "ժողովուրդ"","Переведи: "ժողովուրդ""
w5_l6,w5_l6_v10_mc_prompt,translate,31,"Թարգմանիր՝ "հայրենիք"","Translate: "հայրենիք"","Переведи: "հայրենիք""
w5_l6,w5_l6_v10_tr_answer,multiple_choice,32,"Ընտրիր "արմատներ"-ի թարգմանությունը","Choose the meaning of "roots"","Выбери перевод "корни""
w5_l6,w5_l6_v10_tr_prompt,multiple_choice,36,"Ընտրիր "արժեքներ"-ի թարգմանությունը","Choose the meaning of "values"","Выбери перевод "ценности""
w5_l6,w5_l6_v11,translate,37,"Թարգմանիր՝ "արժեքներ"","Translate: "արժեքներ"","Переведи: "արժեքներ""
w5_l6,w5_l6_v11_mc_answer,multiple_choice,38,"Ընտրիր "հարգանք"-ի թարգմանությունը","Choose the meaning of "respect"","Выбери перевод "уважение""
w5_l6,w5_l6_v11_mc_prompt,multiple_choice,42,"Ընտրիր "բազմազանություն"-ի թարգմանությունը","Choose the meaning of "diversity"","Выбери перевод "разнообразие""
w5_l6,w5_l6_v11_tr_answer,translate,43,"Թարգմանիր՝ "բազմազանություն"","Translate: "բազմազանություն"","Переведи: "բազմազանություն""
w5_l6,w5_l6_v11_tr_prompt,translate,47,"Թարգմանիր՝ "համատեղ"","Translate: "համատեղ"","Переведи: "համատեղ""
w5_l6,w5_l6_v12,multiple_choice,48,"Ընտրիր "հպարտություն"-ի թարգմանությունը","Choose the meaning of "pride"","Выбери перевод "гордость""
w5_l6,w5_l6_v12_mc_answer,translate,49,"Թարգմանիր՝ "հպարտություն"","Translate: "հպարտություն"","Переведи: "հպարտություն""
w6_l1,w6_l1_match_prompt,translate,3,"Թարգմանիր՝ "ազատ ժամանակ"","Translate: "ազատ ժամանակ"","Переведи: "ազատ ժամանակ""
w6_l1,w6_l1_v0,multiple_choice,4,"Ընտրիր "հետաքրքրություն"-ի թարգմանությունը","Choose the meaning of "interest"","Выбери перевод "интерес""
w6_l1,w6_l1_v0_mc_answer,translate,5,"Թարգմանիր՝ "հետաքրքրություն"","Translate: "հետաքրքրություն"","Переведи: "հետաքրքրություն""
w6_l1,w6_l1_v0_mc_prompt,translate,9,"Թարգմանիր՝ "վայելել"","Translate: "վայելել"","Переведи: "վայելել""
w6_l1,w6_l1_v0_tr_answer,multiple_choice,10,"Ընտրիր "զբաղվել"-ի թարգմանությունը","Choose the meaning of "to practice"","Выбери перевод "заниматься""
w6_l1,w6_l1_v0_tr_prompt,multiple_choice,14,"Ընտրիր "պարապմունք"-ի թարգմանությունը","Choose the meaning of "practice"","Выбери перевод "тренировка""
w6_l1,w6_l1_v1,translate,15,"Թարգմանիր՝ "պարապմունք"","Translate: "պարապմունք"","Переведи: "պարապմունք""
w6_l1,w6_l1_v1_mc_answer,multiple_choice,16,"Ընտրիր "ակումբ"-ի թարգմանությունը","Choose the meaning of "club"","Выбери перевод "клуб""
w6_l1,w6_l1_v1_mc_prompt,multiple_choice,20,"Ընտրիր "ընկերներ"-ի թարգմանությունը","Choose the meaning of "friends"","Выбери перевод "друзья""
w6_l1,w6_l1_v1_tr_answer,translate,21,"Թարգմանիր՝ "ընկերներ"","Translate: "ընկերներ"","Переведи: "ընկերներ""
w6_l1,w6_l1_v1_tr_prompt,translate,25,"Թարգմանիր՝ "հանգիստ"","Translate: "հանգիստ"","Переведи: "հանգիստ""
w6_l1,w6_l1_v10,multiple_choice,26,"Ընտրիր "առողջություն"-ի թարգմանությունը","Choose the meaning of "health"","Выбери перевод "здоровье""
w6_l1,w6_l1_v10_mc_answer,translate,27,"Թարգմանիր՝ "առողջություն"","Translate: "առողջություն"","Переведи: "առողջություն""
w6_l1,w6_l1_v10_mc_prompt,translate,31,"Թարգմանիր՝ "ծախս"","Translate: "ծախս"","Переведи: "ծախս""
w6_l1,w6_l1_v10_tr_answer,multiple_choice,32,"Ընտրիր "ժամանակացույց"-ի թարգմանությունը","Choose the meaning of "schedule"","Выбери перевод "расписание""
w6_l1,w6_l1_v10_tr_prompt,multiple_choice,36,"Ընտրիր "սիրողական"-ի թարգմանությունը","Choose the meaning of "amateur"","Выбери перевод "любительский""
w6_l1,w6_l1_v11,translate,37,"Թարգմանիր՝ "սիրողական"","Translate: "սիրողական"","Переведи: "սիրողական""
w6_l1,w6_l1_v11_mc_answer,multiple_choice,38,"Ընտրիր "պրոֆեսիոնալ"-ի թարգմանությունը","Choose the meaning of "professional"","Выбери перевод "профессиональный""
w6_l1,w6_l1_v11_mc_prompt,multiple_choice,42,"Ընտրիր "հաջողություն"-ի թարգմանությունը","Choose the meaning of "success"","Выбери перевод "успех""
w6_l1,w6_l1_v11_tr_answer,translate,43,"Թարգմանիր՝ "հաջողություն"","Translate: "հաջողություն"","Переведи: "հաջողություն""
w6_l1,w6_l1_v11_tr_prompt,translate,47,"Թարգմանիր՝ "բարելավել"","Translate: "բարելավել"","Переведи: "բարելավել""
w6_l1,w6_l1_v12,multiple_choice,48,"Ընտրիր "հանգստանալ"-ի թարգմանությունը","Choose the meaning of "to relax"","Выбери перевод "расслабляться""
w6_l1,w6_l1_v12_mc_answer,translate,49,"Թարգմանիր՝ "հանգստանալ"","Translate: "հանգստանալ"","Переведи: "հանգստանալ""
w6_l10,w6_l10_match_prompt,translate,3,"Թարգմանիր՝ "ազատ ժամանակ"","Translate: "ազատ ժամանակ"","Переведи: "ազատ ժամանակ""
w6_l10,w6_l10_v0,multiple_choice,4,"Ընտրիր "հետաքրքրություն"-ի թարգմանությունը","Choose the meaning of "interest"","Выбери перевод "интерес""
w6_l10,w6_l10_v0_mc_answer,translate,5,"Թարգմանիր՝ "հետաքրքրություն"","Translate: "հետաքրքրություն"","Переведи: "հետաքրքրություն""
w6_l10,w6_l10_v0_mc_prompt,translate,9,"Թարգմանիր՝ "վայելել"","Translate: "վայելել"","Переведи: "վայելել""
w6_l10,w6_l10_v0_tr_answer,multiple_choice,10,"Ընտրիր "զբաղվել"-ի թարգմանությունը","Choose the meaning of "to practice"","Выбери перевод "заниматься""
w6_l10,w6_l10_v0_tr_prompt,multiple_choice,14,"Ընտրիր "պարապմունք"-ի թարգմանությունը","Choose the meaning of "practice"","Выбери перевод "тренировка""
w6_l10,w6_l10_v1,translate,15,"Թարգմանիր՝ "պարապմունք"","Translate: "պարապմունք"","Переведи: "պարապմունք""
w6_l10,w6_l10_v1_mc_answer,multiple_choice,16,"Ընտրիր "ակումբ"-ի թարգմանությունը","Choose the meaning of "club"","Выбери перевод "клуб""
w6_l10,w6_l10_v1_mc_prompt,multiple_choice,20,"Ընտրիր "ընկերներ"-ի թարգմանությունը","Choose the meaning of "friends"","Выбери перевод "друзья""
w6_l10,w6_l10_v1_tr_answer,translate,21,"Թարգմանիր՝ "ընկերներ"","Translate: "ընկերներ"","Переведи: "ընկերներ""
w6_l10,w6_l10_v1_tr_prompt,translate,25,"Թարգմանիր՝ "հանգիստ"","Translate: "հանգիստ"","Переведи: "հանգիստ""
w6_l10,w6_l10_v10,multiple_choice,26,"Ընտրիր "առողջություն"-ի թարգմանությունը","Choose the meaning of "health"","Выбери перевод "здоровье""
w6_l10,w6_l10_v10_mc_answer,translate,27,"Թարգմանիր՝ "առողջություն"","Translate: "առողջություն"","Переведи: "առողջություն""
w6_l10,w6_l10_v10_mc_prompt,translate,31,"Թարգմանիր՝ "ծախս"","Translate: "ծախս"","Переведи: "ծախս""
w6_l10,w6_l10_v10_tr_answer,multiple_choice,32,"Ընտրիր "ժամանակացույց"-ի թարգմանությունը","Choose the meaning of "schedule"","Выбери перевод "расписание""
w6_l10,w6_l10_v10_tr_prompt,multiple_choice,36,"Ընտրիր "սիրողական"-ի թարգմանությունը","Choose the meaning of "amateur"","Выбери перевод "любительский""
w6_l10,w6_l10_v11,translate,37,"Թարգմանիր՝ "սիրողական"","Translate: "սիրողական"","Переведи: "սիրողական""
w6_l10,w6_l10_v11_mc_answer,multiple_choice,38,"Ընտրիր "պրոֆեսիոնալ"-ի թարգմանությունը","Choose the meaning of "professional"","Выбери перевод "профессиональный""
w6_l10,w6_l10_v11_mc_prompt,multiple_choice,42,"Ընտրիր "հաջողություն"-ի թարգմանությունը","Choose the meaning of "success"","Выбери перевод "успех""
w6_l10,w6_l10_v11_tr_answer,translate,43,"Թարգմանիր՝ "հաջողություն"","Translate: "հաջողություն"","Переведи: "հաջողություն""
w6_l10,w6_l10_v11_tr_prompt,translate,47,"Թարգմանիր՝ "բարելավել"","Translate: "բարելավել"","Переведи: "բարելավել""
w6_l10,w6_l10_v12,multiple_choice,48,"Ընտրիր "հանգստանալ"-ի թարգմանությունը","Choose the meaning of "to relax"","Выбери перевод "расслабляться""
w6_l10,w6_l10_v12_mc_answer,translate,49,"Թարգմանիր՝ "հանգստանալ"","Translate: "հանգստանալ"","Переведи: "հանգստանալ""
w6_l2,w6_l2_match_prompt,translate,3,"Թարգմանիր՝ "ազատ ժամանակ"","Translate: "ազատ ժամանակ"","Переведи: "ազատ ժամանակ""
w6_l2,w6_l2_v0,multiple_choice,4,"Ընտրիր "հետաքրքրություն"-ի թարգմանությունը","Choose the meaning of "interest"","Выбери перевод "интерес""
w6_l2,w6_l2_v0_mc_answer,translate,5,"Թարգմանիր՝ "հետաքրքրություն"","Translate: "հետաքրքրություն"","Переведи: "հետաքրքրություն""
w6_l2,w6_l2_v0_mc_prompt,translate,9,"Թարգմանիր՝ "վայելել"","Translate: "վայելել"","Переведи: "վայելել""
w6_l2,w6_l2_v0_tr_answer,multiple_choice,10,"Ընտրիր "զբաղվել"-ի թարգմանությունը","Choose the meaning of "to practice"","Выбери перевод "заниматься""
w6_l2,w6_l2_v0_tr_prompt,multiple_choice,14,"Ընտրիր "պարապմունք"-ի թարգմանությունը","Choose the meaning of "practice"","Выбери перевод "тренировка""
w6_l2,w6_l2_v1,translate,15,"Թարգմանիր՝ "պարապմունք"","Translate: "պարապմունք"","Переведи: "պարապմունք""
w6_l2,w6_l2_v1_mc_answer,multiple_choice,16,"Ընտրիր "ակումբ"-ի թարգմանությունը","Choose the meaning of "club"","Выбери перевод "клуб""
w6_l2,w6_l2_v1_mc_prompt,multiple_choice,20,"Ընտրիր "ընկերներ"-ի թարգմանությունը","Choose the meaning of "friends"","Выбери перевод "друзья""
w6_l2,w6_l2_v1_tr_answer,translate,21,"Թարգմանիր՝ "ընկերներ"","Translate: "ընկերներ"","Переведи: "ընկերներ""
w6_l2,w6_l2_v1_tr_prompt,translate,25,"Թարգմանիր՝ "հանգիստ"","Translate: "հանգիստ"","Переведи: "հանգիստ""
w6_l2,w6_l2_v10,multiple_choice,26,"Ընտրիր "առողջություն"-ի թարգմանությունը","Choose the meaning of "health"","Выбери перевод "здоровье""
w6_l2,w6_l2_v10_mc_answer,translate,27,"Թարգմանիր՝ "առողջություն"","Translate: "առողջություն"","Переведи: "առողջություն""
w6_l2,w6_l2_v10_mc_prompt,translate,31,"Թարգմանիր՝ "ծախս"","Translate: "ծախս"","Переведи: "ծախս""
w6_l2,w6_l2_v10_tr_answer,multiple_choice,32,"Ընտրիր "ժամանակացույց"-ի թարգմանությունը","Choose the meaning of "schedule"","Выбери перевод "расписание""
w6_l2,w6_l2_v10_tr_prompt,multiple_choice,36,"Ընտրիր "սիրողական"-ի թարգմանությունը","Choose the meaning of "amateur"","Выбери перевод "любительский""
w6_l2,w6_l2_v11,translate,37,"Թարգմանիր՝ "սիրողական"","Translate: "սիրողական"","Переведи: "սիրողական""
w6_l2,w6_l2_v11_mc_answer,multiple_choice,38,"Ընտրիր "պրոֆեսիոնալ"-ի թարգմանությունը","Choose the meaning of "professional"","Выбери перевод "профессиональный""
w6_l2,w6_l2_v11_mc_prompt,multiple_choice,42,"Ընտրիր "հաջողություն"-ի թարգմանությունը","Choose the meaning of "success"","Выбери перевод "успех""
w6_l2,w6_l2_v11_tr_answer,translate,43,"Թարգմանիր՝ "հաջողություն"","Translate: "հաջողություն"","Переведи: "հաջողություն""
w6_l2,w6_l2_v11_tr_prompt,translate,47,"Թարգմանիր՝ "բարելավել"","Translate: "բարելավել"","Переведи: "բարելավել""
w6_l2,w6_l2_v12,multiple_choice,48,"Ընտրիր "հանգստանալ"-ի թարգմանությունը","Choose the meaning of "to relax"","Выбери перевод "расслабляться""
w6_l2,w6_l2_v12_mc_answer,translate,49,"Թարգմանիր՝ "հանգստանալ"","Translate: "հանգստանալ"","Переведи: "հանգստանալ""
w6_l3,w6_l3_match_prompt,translate,3,"Թարգմանիր՝ "ազատ ժամանակ"","Translate: "ազատ ժամանակ"","Переведи: "ազատ ժամանակ""
w6_l3,w6_l3_v0,multiple_choice,4,"Ընտրիր "հետաքրքրություն"-ի թարգմանությունը","Choose the meaning of "interest"","Выбери перевод "интерес""
w6_l3,w6_l3_v0_mc_answer,translate,5,"Թարգմանիր՝ "հետաքրքրություն"","Translate: "հետաքրքրություն"","Переведи: "հետաքրքրություն""
w6_l3,w6_l3_v0_mc_prompt,translate,9,"Թարգմանիր՝ "վայելել"","Translate: "վայելել"","Переведи: "վայելել""
w6_l3,w6_l3_v0_tr_answer,multiple_choice,10,"Ընտրիր "զբաղվել"-ի թարգմանությունը","Choose the meaning of "to practice"","Выбери перевод "заниматься""
w6_l3,w6_l3_v0_tr_prompt,multiple_choice,14,"Ընտրիր "պարապմունք"-ի թարգմանությունը","Choose the meaning of "practice"","Выбери перевод "тренировка""
w6_l3,w6_l3_v1,translate,15,"Թարգմանիր՝ "պարապմունք"","Translate: "պարապմունք"","Переведи: "պարապմունք""
w6_l3,w6_l3_v1_mc_answer,multiple_choice,16,"Ընտրիր "ակումբ"-ի թարգմանությունը","Choose the meaning of "club"","Выбери перевод "клуб""
w6_l3,w6_l3_v1_mc_prompt,multiple_choice,20,"Ընտրիր "ընկերներ"-ի թարգմանությունը","Choose the meaning of "friends"","Выбери перевод "друзья""
w6_l3,w6_l3_v1_tr_answer,translate,21,"Թարգմանիր՝ "ընկերներ"","Translate: "ընկերներ"","Переведи: "ընկերներ""
w6_l3,w6_l3_v1_tr_prompt,translate,25,"Թարգմանիր՝ "հանգիստ"","Translate: "հանգիստ"","Переведи: "հանգիստ""
w6_l3,w6_l3_v10,multiple_choice,26,"Ընտրիր "առողջություն"-ի թարգմանությունը","Choose the meaning of "health"","Выбери перевод "здоровье""
w6_l3,w6_l3_v10_mc_answer,translate,27,"Թարգմանիր՝ "առողջություն"","Translate: "առողջություն"","Переведи: "առողջություն""
w6_l3,w6_l3_v10_mc_prompt,translate,31,"Թարգմանիր՝ "ծախս"","Translate: "ծախս"","Переведи: "ծախս""
w6_l3,w6_l3_v10_tr_answer,multiple_choice,32,"Ընտրիր "ժամանակացույց"-ի թարգմանությունը","Choose the meaning of "schedule"","Выбери перевод "расписание""
w6_l3,w6_l3_v10_tr_prompt,multiple_choice,36,"Ընտրիր "սիրողական"-ի թարգմանությունը","Choose the meaning of "amateur"","Выбери перевод "любительский""
w6_l3,w6_l3_v11,translate,37,"Թարգմանիր՝ "սիրողական"","Translate: "սիրողական"","Переведи: "սիրողական""
w6_l3,w6_l3_v11_mc_answer,multiple_choice,38,"Ընտրիր "պրոֆեսիոնալ"-ի թարգմանությունը","Choose the meaning of "professional"","Выбери перевод "профессиональный""
w6_l3,w6_l3_v11_mc_prompt,multiple_choice,42,"Ընտրիր "հաջողություն"-ի թարգմանությունը","Choose the meaning of "success"","Выбери перевод "успех""
w6_l3,w6_l3_v11_tr_answer,translate,43,"Թարգմանիր՝ "հաջողություն"","Translate: "հաջողություն"","Переведи: "հաջողություն""
w6_l3,w6_l3_v11_tr_prompt,translate,47,"Թարգմանիր՝ "բարելավել"","Translate: "բարելավել"","Переведи: "բարելավել""
w6_l3,w6_l3_v12,multiple_choice,48,"Ընտրիր "հանգստանալ"-ի թարգմանությունը","Choose the meaning of "to relax"","Выбери перевод "расслабляться""
w6_l3,w6_l3_v12_mc_answer,translate,49,"Թարգմանիր՝ "հանգստանալ"","Translate: "հանգստանալ"","Переведи: "հանգստանալ""
w6_l4,w6_l4_match_prompt,translate,3,"Թարգմանիր՝ "ազատ ժամանակ"","Translate: "ազատ ժամանակ"","Переведи: "ազատ ժամանակ""
w6_l4,w6_l4_v0,multiple_choice,4,"Ընտրիր "հետաքրքրություն"-ի թարգմանությունը","Choose the meaning of "interest"","Выбери перевод "интерес""
w6_l4,w6_l4_v0_mc_answer,translate,5,"Թարգմանիր՝ "հետաքրքրություն"","Translate: "հետաքրքրություն"","Переведи: "հետաքրքրություն""
w6_l4,w6_l4_v0_mc_prompt,translate,9,"Թարգմանիր՝ "վայելել"","Translate: "վայելել"","Переведи: "վայելել""
w6_l4,w6_l4_v0_tr_answer,multiple_choice,10,"Ընտրիր "զբաղվել"-ի թարգմանությունը","Choose the meaning of "to practice"","Выбери перевод "заниматься""
w6_l4,w6_l4_v0_tr_prompt,multiple_choice,14,"Ընտրիր "պարապմունք"-ի թարգմանությունը","Choose the meaning of "practice"","Выбери перевод "тренировка""
w6_l4,w6_l4_v1,translate,15,"Թարգմանիր՝ "պարապմունք"","Translate: "պարապմունք"","Переведи: "պարապմունք""
w6_l4,w6_l4_v1_mc_answer,multiple_choice,16,"Ընտրիր "ակումբ"-ի թարգմանությունը","Choose the meaning of "club"","Выбери перевод "клуб""
w6_l4,w6_l4_v1_mc_prompt,multiple_choice,20,"Ընտրիր "ընկերներ"-ի թարգմանությունը","Choose the meaning of "friends"","Выбери перевод "друзья""
w6_l4,w6_l4_v1_tr_answer,translate,21,"Թարգմանիր՝ "ընկերներ"","Translate: "ընկերներ"","Переведи: "ընկերներ""
w6_l4,w6_l4_v1_tr_prompt,translate,25,"Թարգմանիր՝ "հանգիստ"","Translate: "հանգիստ"","Переведи: "հանգիստ""
w6_l4,w6_l4_v10,multiple_choice,26,"Ընտրիր "առողջություն"-ի թարգմանությունը","Choose the meaning of "health"","Выбери перевод "здоровье""
w6_l4,w6_l4_v10_mc_answer,translate,27,"Թարգմանիր՝ "առողջություն"","Translate: "առողջություն"","Переведи: "առողջություն""
w6_l4,w6_l4_v10_mc_prompt,translate,31,"Թարգմանիր՝ "ծախս"","Translate: "ծախս"","Переведи: "ծախս""
w6_l4,w6_l4_v10_tr_answer,multiple_choice,32,"Ընտրիր "ժամանակացույց"-ի թարգմանությունը","Choose the meaning of "schedule"","Выбери перевод "расписание""
w6_l4,w6_l4_v10_tr_prompt,multiple_choice,36,"Ընտրիր "սիրողական"-ի թարգմանությունը","Choose the meaning of "amateur"","Выбери перевод "любительский""
w6_l4,w6_l4_v11,translate,37,"Թարգմանիր՝ "սիրողական"","Translate: "սիրողական"","Переведи: "սիրողական""
w6_l4,w6_l4_v11_mc_answer,multiple_choice,38,"Ընտրիր "պրոֆեսիոնալ"-ի թարգմանությունը","Choose the meaning of "professional"","Выбери перевод "профессиональный""
w6_l4,w6_l4_v11_mc_prompt,multiple_choice,42,"Ընտրիր "հաջողություն"-ի թարգմանությունը","Choose the meaning of "success"","Выбери перевод "успех""
w6_l4,w6_l4_v11_tr_answer,translate,43,"Թարգմանիր՝ "հաջողություն"","Translate: "հաջողություն"","Переведи: "հաջողություն""
w6_l4,w6_l4_v11_tr_prompt,translate,47,"Թարգմանիր՝ "բարելավել"","Translate: "բարելավել"","Переведи: "բարելավել""
w6_l4,w6_l4_v12,multiple_choice,48,"Ընտրիր "հանգստանալ"-ի թարգմանությունը","Choose the meaning of "to relax"","Выбери перевод "расслабляться""
w6_l4,w6_l4_v12_mc_answer,translate,49,"Թարգմանիր՝ "հանգստանալ"","Translate: "հանգստանալ"","Переведи: "հանգստանալ""
w6_l5,w6_l5_match_prompt,translate,3,"Թարգմանիր՝ "ազատ ժամանակ"","Translate: "ազատ ժամանակ"","Переведи: "ազատ ժամանակ""
w6_l5,w6_l5_v0,multiple_choice,4,"Ընտրիր "հետաքրքրություն"-ի թարգմանությունը","Choose the meaning of "interest"","Выбери перевод "интерес""
w6_l5,w6_l5_v0_mc_answer,translate,5,"Թարգմանիր՝ "հետաքրքրություն"","Translate: "հետաքրքրություն"","Переведи: "հետաքրքրություն""
w6_l5,w6_l5_v0_mc_prompt,translate,9,"Թարգմանիր՝ "վայելել"","Translate: "վայելել"","Переведи: "վայելել""
w6_l5,w6_l5_v0_tr_answer,multiple_choice,10,"Ընտրիր "զբաղվել"-ի թարգմանությունը","Choose the meaning of "to practice"","Выбери перевод "заниматься""
w6_l5,w6_l5_v0_tr_prompt,multiple_choice,14,"Ընտրիր "պարապմունք"-ի թարգմանությունը","Choose the meaning of "practice"","Выбери перевод "тренировка""
w6_l5,w6_l5_v1,translate,15,"Թարգմանիր՝ "պարապմունք"","Translate: "պարապմունք"","Переведи: "պարապմունք""
w6_l5,w6_l5_v1_mc_answer,multiple_choice,16,"Ընտրիր "ակումբ"-ի թարգմանությունը","Choose the meaning of "club"","Выбери перевод "клуб""
w6_l5,w6_l5_v1_mc_prompt,multiple_choice,20,"Ընտրիր "ընկերներ"-ի թարգմանությունը","Choose the meaning of "friends"","Выбери перевод "друзья""
w6_l5,w6_l5_v1_tr_answer,translate,21,"Թարգմանիր՝ "ընկերներ"","Translate: "ընկերներ"","Переведи: "ընկերներ""
w6_l5,w6_l5_v1_tr_prompt,translate,25,"Թարգմանիր՝ "հանգիստ"","Translate: "հանգիստ"","Переведи: "հանգիստ""
w6_l5,w6_l5_v10,multiple_choice,26,"Ընտրիր "առողջություն"-ի թարգմանությունը","Choose the meaning of "health"","Выбери перевод "здоровье""
w6_l5,w6_l5_v10_mc_answer,translate,27,"Թարգմանիր՝ "առողջություն"","Translate: "առողջություն"","Переведи: "առողջություն""
w6_l5,w6_l5_v10_mc_prompt,translate,31,"Թարգմանիր՝ "ծախս"","Translate: "ծախս"","Переведи: "ծախս""
w6_l5,w6_l5_v10_tr_answer,multiple_choice,32,"Ընտրիր "ժամանակացույց"-ի թարգմանությունը","Choose the meaning of "schedule"","Выбери перевод "расписание""
w6_l5,w6_l5_v10_tr_prompt,multiple_choice,36,"Ընտրիր "սիրողական"-ի թարգմանությունը","Choose the meaning of "amateur"","Выбери перевод "любительский""
w6_l5,w6_l5_v11,translate,37,"Թարգմանիր՝ "սիրողական"","Translate: "սիրողական"","Переведи: "սիրողական""
w6_l5,w6_l5_v11_mc_answer,multiple_choice,38,"Ընտրիր "պրոֆեսիոնալ"-ի թարգմանությունը","Choose the meaning of "professional"","Выбери перевод "профессиональный""
w6_l5,w6_l5_v11_mc_prompt,multiple_choice,42,"Ընտրիր "հաջողություն"-ի թարգմանությունը","Choose the meaning of "success"","Выбери перевод "успех""
w6_l5,w6_l5_v11_tr_answer,translate,43,"Թարգմանիր՝ "հաջողություն"","Translate: "հաջողություն"","Переведи: "հաջողություն""
w6_l5,w6_l5_v11_tr_prompt,translate,47,"Թարգմանիր՝ "բարելավել"","Translate: "բարելավել"","Переведи: "բարելավել""
w6_l5,w6_l5_v12,multiple_choice,48,"Ընտրիր "հանգստանալ"-ի թարգմանությունը","Choose the meaning of "to relax"","Выбери перевод "расслабляться""
w6_l5,w6_l5_v12_mc_answer,translate,49,"Թարգմանիր՝ "հանգստանալ"","Translate: "հանգստանալ"","Переведи: "հանգստանալ""
w6_l6,w6_l6_match_prompt,translate,3,"Թարգմանիր՝ "ազատ ժամանակ"","Translate: "ազատ ժամանակ"","Переведи: "ազատ ժամանակ""
w6_l6,w6_l6_v0,multiple_choice,4,"Ընտրիր "հետաքրքրություն"-ի թարգմանությունը","Choose the meaning of "interest"","Выбери перевод "интерес""
w6_l6,w6_l6_v0_mc_answer,translate,5,"Թարգմանիր՝ "հետաքրքրություն"","Translate: "հետաքրքրություն"","Переведи: "հետաքրքրություն""
w6_l6,w6_l6_v0_mc_prompt,translate,9,"Թարգմանիր՝ "վայելել"","Translate: "վայելել"","Переведи: "վայելել""
w6_l6,w6_l6_v0_tr_answer,multiple_choice,10,"Ընտրիր "զբաղվել"-ի թարգմանությունը","Choose the meaning of "to practice"","Выбери перевод "заниматься""
w6_l6,w6_l6_v0_tr_prompt,multiple_choice,14,"Ընտրիր "պարապմունք"-ի թարգմանությունը","Choose the meaning of "practice"","Выбери перевод "тренировка""
w6_l6,w6_l6_v1,translate,15,"Թարգմանիր՝ "պարապմունք"","Translate: "պարապմունք"","Переведи: "պարապմունք""
w6_l6,w6_l6_v1_mc_answer,multiple_choice,16,"Ընտրիր "ակումբ"-ի թարգմանությունը","Choose the meaning of "club"","Выбери перевод "клуб""
w6_l6,w6_l6_v1_mc_prompt,multiple_choice,20,"Ընտրիր "ընկերներ"-ի թարգմանությունը","Choose the meaning of "friends"","Выбери перевод "друзья""
w6_l6,w6_l6_v1_tr_answer,translate,21,"Թարգմանիր՝ "ընկերներ"","Translate: "ընկերներ"","Переведи: "ընկերներ""
w6_l6,w6_l6_v1_tr_prompt,translate,25,"Թարգմանիր՝ "հանգիստ"","Translate: "հանգիստ"","Переведи: "հանգիստ""
w6_l6,w6_l6_v10,multiple_choice,26,"Ընտրիր "առողջություն"-ի թարգմանությունը","Choose the meaning of "health"","Выбери перевод "здоровье""
w6_l6,w6_l6_v10_mc_answer,translate,27,"Թարգմանիր՝ "առողջություն"","Translate: "առողջություն"","Переведи: "առողջություն""
w6_l6,w6_l6_v10_mc_prompt,translate,31,"Թարգմանիր՝ "ծախս"","Translate: "ծախս"","Переведи: "ծախս""
w6_l6,w6_l6_v10_tr_answer,multiple_choice,32,"Ընտրիր "ժամանակացույց"-ի թարգմանությունը","Choose the meaning of "schedule"","Выбери перевод "расписание""
w6_l6,w6_l6_v10_tr_prompt,multiple_choice,36,"Ընտրիր "սիրողական"-ի թարգմանությունը","Choose the meaning of "amateur"","Выбери перевод "любительский""
w6_l6,w6_l6_v11,translate,37,"Թարգմանիր՝ "սիրողական"","Translate: "սիրողական"","Переведи: "սիրողական""
w6_l6,w6_l6_v11_mc_answer,multiple_choice,38,"Ընտրիր "պրոֆեսիոնալ"-ի թարգմանությունը","Choose the meaning of "professional"","Выбери перевод "профессиональный""
w6_l6,w6_l6_v11_mc_prompt,multiple_choice,42,"Ընտրիր "հաջողություն"-ի թարգմանությունը","Choose the meaning of "success"","Выбери перевод "успех""
w6_l6,w6_l6_v11_tr_answer,translate,43,"Թարգմանիր՝ "հաջողություն"","Translate: "հաջողություն"","Переведи: "հաջողություն""
w6_l6,w6_l6_v11_tr_prompt,translate,47,"Թարգմանիր՝ "բարելավել"","Translate: "բարելավել"","Переведи: "բարելավել""
w6_l6,w6_l6_v12,multiple_choice,48,"Ընտրիր "հանգստանալ"-ի թարգմանությունը","Choose the meaning of "to relax"","Выбери перевод "расслабляться""
w6_l6,w6_l6_v12_mc_answer,translate,49,"Թարգմանիր՝ "հանգստանալ"","Translate: "հանգստանալ"","Переведи: "հանգստանալ""
w6_l7,w6_l7_match_prompt,translate,3,"Թարգմանիր՝ "ազատ ժամանակ"","Translate: "ազատ ժամանակ"","Переведи: "ազատ ժամանակ""
w6_l7,w6_l7_v0,multiple_choice,4,"Ընտրիր "հետաքրքրություն"-ի թարգմանությունը","Choose the meaning of "interest"","Выбери перевод "интерес""
w6_l7,w6_l7_v0_mc_answer,translate,5,"Թարգմանիր՝ "հետաքրքրություն"","Translate: "հետաքրքրություն"","Переведи: "հետաքրքրություն""
w6_l7,w6_l7_v0_mc_prompt,translate,9,"Թարգմանիր՝ "վայելել"","Translate: "վայելել"","Переведи: "վայելել""
w6_l7,w6_l7_v0_tr_answer,multiple_choice,10,"Ընտրիր "զբաղվել"-ի թարգմանությունը","Choose the meaning of "to practice"","Выбери перевод "заниматься""
w6_l7,w6_l7_v0_tr_prompt,multiple_choice,14,"Ընտրիր "պարապմունք"-ի թարգմանությունը","Choose the meaning of "practice"","Выбери перевод "тренировка""
w6_l7,w6_l7_v1,translate,15,"Թարգմանիր՝ "պարապմունք"","Translate: "պարապմունք"","Переведи: "պարապմունք""
w6_l7,w6_l7_v1_mc_answer,multiple_choice,16,"Ընտրիր "ակումբ"-ի թարգմանությունը","Choose the meaning of "club"","Выбери перевод "клуб""
w6_l7,w6_l7_v1_mc_prompt,multiple_choice,20,"Ընտրիր "ընկերներ"-ի թարգմանությունը","Choose the meaning of "friends"","Выбери перевод "друзья""
w6_l7,w6_l7_v1_tr_answer,translate,21,"Թարգմանիր՝ "ընկերներ"","Translate: "ընկերներ"","Переведи: "ընկերներ""
w6_l7,w6_l7_v1_tr_prompt,translate,25,"Թարգմանիր՝ "հանգիստ"","Translate: "հանգիստ"","Переведи: "հանգիստ""
w6_l7,w6_l7_v10,multiple_choice,26,"Ընտրիր "առողջություն"-ի թարգմանությունը","Choose the meaning of "health"","Выбери перевод "здоровье""
w6_l7,w6_l7_v10_mc_answer,translate,27,"Թարգմանիր՝ "առողջություն"","Translate: "առողջություն"","Переведи: "առողջություն""
w6_l7,w6_l7_v10_mc_prompt,translate,31,"Թարգմանիր՝ "ծախս"","Translate: "ծախս"","Переведи: "ծախս""
w6_l7,w6_l7_v10_tr_answer,multiple_choice,32,"Ընտրիր "ժամանակացույց"-ի թարգմանությունը","Choose the meaning of "schedule"","Выбери перевод "расписание""
w6_l7,w6_l7_v10_tr_prompt,multiple_choice,36,"Ընտրիր "սիրողական"-ի թարգմանությունը","Choose the meaning of "amateur"","Выбери перевод "любительский""
w6_l7,w6_l7_v11,translate,37,"Թարգմանիր՝ "սիրողական"","Translate: "սիրողական"","Переведи: "սիրողական""
w6_l7,w6_l7_v11_mc_answer,multiple_choice,38,"Ընտրիր "պրոֆեսիոնալ"-ի թարգմանությունը","Choose the meaning of "professional"","Выбери перевод "профессиональный""
w6_l7,w6_l7_v11_mc_prompt,multiple_choice,42,"Ընտրիր "հաջողություն"-ի թարգմանությունը","Choose the meaning of "success"","Выбери перевод "успех""
w6_l7,w6_l7_v11_tr_answer,translate,43,"Թարգմանիր՝ "հաջողություն"","Translate: "հաջողություն"","Переведи: "հաջողություն""
w6_l7,w6_l7_v11_tr_prompt,translate,47,"Թարգմանիր՝ "բարելավել"","Translate: "բարելավել"","Переведи: "բարելավել""
w6_l7,w6_l7_v12,multiple_choice,48,"Ընտրիր "հանգստանալ"-ի թարգմանությունը","Choose the meaning of "to relax"","Выбери перевод "расслабляться""
w6_l7,w6_l7_v12_mc_answer,translate,49,"Թարգմանիր՝ "հանգստանալ"","Translate: "հանգստանալ"","Переведи: "հանգստանալ""
w6_l8,w6_l8_match_prompt,translate,3,"Թարգմանիր՝ "ազատ ժամանակ"","Translate: "ազատ ժամանակ"","Переведи: "ազատ ժամանակ""
w6_l8,w6_l8_v0,multiple_choice,4,"Ընտրիր "հետաքրքրություն"-ի թարգմանությունը","Choose the meaning of "interest"","Выбери перевод "интерес""
w6_l8,w6_l8_v0_mc_answer,translate,5,"Թարգմանիր՝ "հետաքրքրություն"","Translate: "հետաքրքրություն"","Переведи: "հետաքրքրություն""
w6_l8,w6_l8_v0_mc_prompt,translate,9,"Թարգմանիր՝ "վայելել"","Translate: "վայելել"","Переведи: "վայելել""
w6_l8,w6_l8_v0_tr_answer,multiple_choice,10,"Ընտրիր "զբաղվել"-ի թարգմանությունը","Choose the meaning of "to practice"","Выбери перевод "заниматься""
w6_l8,w6_l8_v0_tr_prompt,multiple_choice,14,"Ընտրիր "պարապմունք"-ի թարգմանությունը","Choose the meaning of "practice"","Выбери перевод "тренировка""
w6_l8,w6_l8_v1,translate,15,"Թարգմանիր՝ "պարապմունք"","Translate: "պարապմունք"","Переведи: "պարապմունք""
w6_l8,w6_l8_v1_mc_answer,multiple_choice,16,"Ընտրիր "ակումբ"-ի թարգմանությունը","Choose the meaning of "club"","Выбери перевод "клуб""
w6_l8,w6_l8_v1_mc_prompt,multiple_choice,20,"Ընտրիր "ընկերներ"-ի թարգմանությունը","Choose the meaning of "friends"","Выбери перевод "друзья""
w6_l8,w6_l8_v1_tr_answer,translate,21,"Թարգմանիր՝ "ընկերներ"","Translate: "ընկերներ"","Переведи: "ընկերներ""
w6_l8,w6_l8_v1_tr_prompt,translate,25,"Թարգմանիր՝ "հանգիստ"","Translate: "հանգիստ"","Переведи: "հանգիստ""
w6_l8,w6_l8_v10,multiple_choice,26,"Ընտրիր "առողջություն"-ի թարգմանությունը","Choose the meaning of "health"","Выбери перевод "здоровье""
w6_l8,w6_l8_v10_mc_answer,translate,27,"Թարգմանիր՝ "առողջություն"","Translate: "առողջություն"","Переведи: "առողջություն""
w6_l8,w6_l8_v10_mc_prompt,translate,31,"Թարգմանիր՝ "ծախս"","Translate: "ծախս"","Переведи: "ծախս""
w6_l8,w6_l8_v10_tr_answer,multiple_choice,32,"Ընտրիր "ժամանակացույց"-ի թարգմանությունը","Choose the meaning of "schedule"","Выбери перевод "расписание""
w6_l8,w6_l8_v10_tr_prompt,multiple_choice,36,"Ընտրիր "սիրողական"-ի թարգմանությունը","Choose the meaning of "amateur"","Выбери перевод "любительский""
w6_l8,w6_l8_v11,translate,37,"Թարգմանիր՝ "սիրողական"","Translate: "սիրողական"","Переведи: "սիրողական""
w6_l8,w6_l8_v11_mc_answer,multiple_choice,38,"Ընտրիր "պրոֆեսիոնալ"-ի թարգմանությունը","Choose the meaning of "professional"","Выбери перевод "профессиональный""
w6_l8,w6_l8_v11_mc_prompt,multiple_choice,42,"Ընտրիր "հաջողություն"-ի թարգմանությունը","Choose the meaning of "success"","Выбери перевод "успех""
w6_l8,w6_l8_v11_tr_answer,translate,43,"Թարգմանիր՝ "հաջողություն"","Translate: "հաջողություն"","Переведи: "հաջողություն""
w6_l8,w6_l8_v11_tr_prompt,translate,47,"Թարգմանիր՝ "բարելավել"","Translate: "բարելավել"","Переведи: "բարելավել""
w6_l8,w6_l8_v12,multiple_choice,48,"Ընտրիր "հանգստանալ"-ի թարգմանությունը","Choose the meaning of "to relax"","Выбери перевод "расслабляться""
w6_l8,w6_l8_v12_mc_answer,translate,49,"Թարգմանիր՝ "հանգստանալ"","Translate: "հանգստանալ"","Переведи: "հանգստանալ""
w6_l9,w6_l9_match_prompt,translate,3,"Թարգմանիր՝ "ազատ ժամանակ"","Translate: "ազատ ժամանակ"","Переведи: "ազատ ժամանակ""
w6_l9,w6_l9_v0,multiple_choice,4,"Ընտրիր "հետաքրքրություն"-ի թարգմանությունը","Choose the meaning of "interest"","Выбери перевод "интерес""
w6_l9,w6_l9_v0_mc_answer,translate,5,"Թարգմանիր՝ "հետաքրքրություն"","Translate: "հետաքրքրություն"","Переведи: "հետաքրքրություն""
w6_l9,w6_l9_v0_mc_prompt,translate,9,"Թարգմանիր՝ "վայելել"","Translate: "վայելել"","Переведи: "վայելել""
w6_l9,w6_l9_v0_tr_answer,multiple_choice,10,"Ընտրիր "զբաղվել"-ի թարգմանությունը","Choose the meaning of "to practice"","Выбери перевод "заниматься""
w6_l9,w6_l9_v0_tr_prompt,multiple_choice,14,"Ընտրիր "պարապմունք"-ի թարգմանությունը","Choose the meaning of "practice"","Выбери перевод "тренировка""
w6_l9,w6_l9_v1,translate,15,"Թարգմանիր՝ "պարապմունք"","Translate: "պարապմունք"","Переведи: "պարապմունք""
w6_l9,w6_l9_v1_mc_answer,multiple_choice,16,"Ընտրիր "ակումբ"-ի թարգմանությունը","Choose the meaning of "club"","Выбери перевод "клуб""
w6_l9,w6_l9_v1_mc_prompt,multiple_choice,20,"Ընտրիր "ընկերներ"-ի թարգմանությունը","Choose the meaning of "friends"","Выбери перевод "друзья""
w6_l9,w6_l9_v1_tr_answer,translate,21,"Թարգմանիր՝ "ընկերներ"","Translate: "ընկերներ"","Переведи: "ընկերներ""
w6_l9,w6_l9_v1_tr_prompt,translate,25,"Թարգմանիր՝ "հանգիստ"","Translate: "հանգիստ"","Переведи: "հանգիստ""
w6_l9,w6_l9_v10,multiple_choice,26,"Ընտրիր "առողջություն"-ի թարգմանությունը","Choose the meaning of "health"","Выбери перевод "здоровье""
w6_l9,w6_l9_v10_mc_answer,translate,27,"Թարգմանիր՝ "առողջություն"","Translate: "առողջություն"","Переведи: "առողջություն""
w6_l9,w6_l9_v10_mc_prompt,translate,31,"Թարգմանիր՝ "ծախս"","Translate: "ծախս"","Переведи: "ծախս""
w6_l9,w6_l9_v10_tr_answer,multiple_choice,32,"Ընտրիր "ժամանակացույց"-ի թարգմանությունը","Choose the meaning of "schedule"","Выбери перевод "расписание""
w6_l9,w6_l9_v10_tr_prompt,multiple_choice,36,"Ընտրիր "սիրողական"-ի թարգմանությունը","Choose the meaning of "amateur"","Выбери перевод "любительский""
w6_l9,w6_l9_v11,translate,37,"Թարգմանիր՝ "սիրողական"","Translate: "սիրողական"","Переведи: "սիրողական""
w6_l9,w6_l9_v11_mc_answer,multiple_choice,38,"Ընտրիր "պրոֆեսիոնալ"-ի թարգմանությունը","Choose the meaning of "professional"","Выбери перевод "профессиональный""
w6_l9,w6_l9_v11_mc_prompt,multiple_choice,42,"Ընտրիր "հաջողություն"-ի թարգմանությունը","Choose the meaning of "success"","Выбери перевод "успех""
w6_l9,w6_l9_v11_tr_answer,translate,43,"Թարգմանիր՝ "հաջողություն"","Translate: "հաջողություն"","Переведи: "հաջողություն""
w6_l9,w6_l9_v11_tr_prompt,translate,47,"Թարգմանիր՝ "բարելավել"","Translate: "բարելավել"","Переведи: "բարելավել""
w6_l9,w6_l9_v12,multiple_choice,48,"Ընտրիր "հանգստանալ"-ի թարգմանությունը","Choose the meaning of "to relax"","Выбери перевод "расслабляться""
w6_l9,w6_l9_v12_mc_answer,translate,49,"Թարգմանիր՝ "հանգստանալ"","Translate: "հանգստանալ"","Переведи: "հանգստանալ""
w7_l1,w7_l1_match_prompt,translate,3,"Թարգմանիր՝ "նոութբուք"","Translate: "նոութբուք"","Переведи: "նոութբուք""
w7_l1,w7_l1_v0,multiple_choice,4,"Ընտրիր "հեռախոս"-ի թարգմանությունը","Choose the meaning of "phone"","Выбери перевод "телефон""
w7_l1,w7_l1_v0_mc_answer,translate,5,"Թարգմանիր՝ "հեռախոս"","Translate: "հեռախոս"","Переведи: "հեռախոս""
w7_l1,w7_l1_v0_mc_prompt,translate,9,"Թարգմանիր՝ "էկրան"","Translate: "էկրան"","Переведи: "էկրան""
w7_l1,w7_l1_v0_tr_answer,multiple_choice,10,"Ընտրիր "ստեղնաշար"-ի թարգմանությունը","Choose the meaning of "keyboard"","Выбери перевод "клавиатура""
w7_l1,w7_l1_v0_tr_prompt,multiple_choice,14,"Ընտրիր "ինտերնետ"-ի թարգմանությունը","Choose the meaning of "internet"","Выбери перевод "интернет""
w7_l1,w7_l1_v1,translate,15,"Թարգմանիր՝ "ինտերնետ"","Translate: "ինտերնետ"","Переведи: "ինտերնետ""
w7_l1,w7_l1_v1_mc_answer,multiple_choice,16,"Ընտրիր "wifi"-ի թարգմանությունը","Choose the meaning of "wifi"","Выбери перевод "wifi""
w7_l1,w7_l1_v1_mc_prompt,multiple_choice,20,"Ընտրիր "հավելված"-ի թարգմանությունը","Choose the meaning of "app"","Выбери перевод "приложение""
w7_l1,w7_l1_v1_tr_answer,translate,21,"Թարգմանիր՝ "հավելված"","Translate: "հավելված"","Переведи: "հավելված""
w7_l1,w7_l1_v1_tr_prompt,translate,25,"Թարգմանիր՝ "գաղտնաբառ"","Translate: "գաղտնաբառ"","Переведи: "գաղտնաբառ""
w7_l1,w7_l1_v10,multiple_choice,26,"Ընտրիր "հաշիվ"-ի թարգմանությունը","Choose the meaning of "account"","Выбери перевод "аккаунт""
w7_l1,w7_l1_v10_mc_answer,translate,27,"Թարգմանիր՝ "հաշիվ"","Translate: "հաշիվ"","Переведи: "հաշիվ""
w7_l1,w7_l1_v10_mc_prompt,translate,31,"Թարգմանիր՝ "ամպ"","Translate: "ամպ"","Переведи: "ամպ""
w7_l1,w7_l1_v10_tr_answer,multiple_choice,32,"Ընտրիր "անվտանգություն"-ի թարգմանությունը","Choose the meaning of "security"","Выбери перевод "безопасность""
w7_l1,w7_l1_v10_tr_prompt,multiple_choice,36,"Ընտրիր "թարմացում"-ի թարգմանությունը","Choose the meaning of "update"","Выбери перевод "обновление""
w7_l1,w7_l1_v11,translate,37,"Թարգմանիր՝ "թարմացում"","Translate: "թարմացում"","Переведи: "թարմացում""
w7_l1,w7_l1_v11_mc_answer,multiple_choice,38,"Ընտրիր "սխալ"-ի թարգմանությունը","Choose the meaning of "error"","Выбери перевод "ошибка""
w7_l1,w7_l1_v11_mc_prompt,multiple_choice,42,"Ընտրիր "արհեստական բանականություն"-ի թարգմանությունը","Choose the meaning of "AI"","Выбери перевод "ИИ""
w7_l1,w7_l1_v11_tr_answer,translate,43,"Թարգմանիր՝ "արհեստական բանականություն"","Translate: "արհեստական բանականություն"","Переведи: "արհեստական բանականություն""
w7_l1,w7_l1_v11_tr_prompt,translate,47,"Թարգմանիր՝ "խելացի"","Translate: "խելացի"","Переведи: "խելացի""
w7_l1,w7_l1_v12,multiple_choice,48,"Ընտրիր "արագ"-ի թարգմանությունը","Choose the meaning of "fast"","Выбери перевод "быстрый""
w7_l1,w7_l1_v12_mc_answer,translate,49,"Թարգմանիր՝ "արագ"","Translate: "արագ"","Переведи: "արագ""
w7_l10,w7_l10_match_prompt,translate,3,"Թարգմանիր՝ "նոութբուք"","Translate: "նոութբուք"","Переведи: "նոութբուք""
w7_l10,w7_l10_v0,multiple_choice,4,"Ընտրիր "հեռախոս"-ի թարգմանությունը","Choose the meaning of "phone"","Выбери перевод "телефон""
w7_l10,w7_l10_v0_mc_answer,translate,5,"Թարգմանիր՝ "հեռախոս"","Translate: "հեռախոս"","Переведи: "հեռախոս""
w7_l10,w7_l10_v0_mc_prompt,translate,9,"Թարգմանիր՝ "էկրան"","Translate: "էկրան"","Переведи: "էկրան""
w7_l10,w7_l10_v0_tr_answer,multiple_choice,10,"Ընտրիր "ստեղնաշար"-ի թարգմանությունը","Choose the meaning of "keyboard"","Выбери перевод "клавиатура""
w7_l10,w7_l10_v0_tr_prompt,multiple_choice,14,"Ընտրիր "ինտերնետ"-ի թարգմանությունը","Choose the meaning of "internet"","Выбери перевод "интернет""
w7_l10,w7_l10_v1,translate,15,"Թարգմանիր՝ "ինտերնետ"","Translate: "ինտերնետ"","Переведи: "ինտերնետ""
w7_l10,w7_l10_v1_mc_answer,multiple_choice,16,"Ընտրիր "wifi"-ի թարգմանությունը","Choose the meaning of "wifi"","Выбери перевод "wifi""
w7_l10,w7_l10_v1_mc_prompt,multiple_choice,20,"Ընտրիր "հավելված"-ի թարգմանությունը","Choose the meaning of "app"","Выбери перевод "приложение""
w7_l10,w7_l10_v1_tr_answer,translate,21,"Թարգմանիր՝ "հավելված"","Translate: "հավելված"","Переведи: "հավելված""
w7_l10,w7_l10_v1_tr_prompt,translate,25,"Թարգմանիր՝ "գաղտնաբառ"","Translate: "գաղտնաբառ"","Переведи: "գաղտնաբառ""
w7_l10,w7_l10_v10,multiple_choice,26,"Ընտրիր "հաշիվ"-ի թարգմանությունը","Choose the meaning of "account"","Выбери перевод "аккаунт""
w7_l10,w7_l10_v10_mc_answer,translate,27,"Թարգմանիր՝ "հաշիվ"","Translate: "հաշիվ"","Переведи: "հաշիվ""
w7_l10,w7_l10_v10_mc_prompt,translate,31,"Թարգմանիր՝ "ամպ"","Translate: "ամպ"","Переведи: "ամպ""
w7_l10,w7_l10_v10_tr_answer,multiple_choice,32,"Ընտրիր "անվտանգություն"-ի թարգմանությունը","Choose the meaning of "security"","Выбери перевод "безопасность""
w7_l10,w7_l10_v10_tr_prompt,multiple_choice,36,"Ընտրիր "թարմացում"-ի թարգմանությունը","Choose the meaning of "update"","Выбери перевод "обновление""
w7_l10,w7_l10_v11,translate,37,"Թարգմանիր՝ "թարմացում"","Translate: "թարմացում"","Переведи: "թարմացում""
w7_l10,w7_l10_v11_mc_answer,multiple_choice,38,"Ընտրիր "սխալ"-ի թարգմանությունը","Choose the meaning of "error"","Выбери перевод "ошибка""
w7_l10,w7_l10_v11_mc_prompt,multiple_choice,42,"Ընտրիր "արհեստական բանականություն"-ի թարգմանությունը","Choose the meaning of "AI"","Выбери перевод "ИИ""
w7_l10,w7_l10_v11_tr_answer,translate,43,"Թարգմանիր՝ "արհեստական բանականություն"","Translate: "արհեստական բանականություն"","Переведи: "արհեստական բանականություն""
w7_l10,w7_l10_v11_tr_prompt,translate,47,"Թարգմանիր՝ "խելացի"","Translate: "խելացի"","Переведи: "խելացի""
w7_l10,w7_l10_v12,multiple_choice,48,"Ընտրիր "արագ"-ի թարգմանությունը","Choose the meaning of "fast"","Выбери перевод "быстрый""
w7_l10,w7_l10_v12_mc_answer,translate,49,"Թարգմանիր՝ "արագ"","Translate: "արագ"","Переведи: "արագ""
w7_l2,w7_l2_match_prompt,translate,3,"Թարգմանիր՝ "նոութբուք"","Translate: "նոութբուք"","Переведи: "նոութբուք""
w7_l2,w7_l2_v0,multiple_choice,4,"Ընտրիր "հեռախոս"-ի թարգմանությունը","Choose the meaning of "phone"","Выбери перевод "телефон""
w7_l2,w7_l2_v0_mc_answer,translate,5,"Թարգմանիր՝ "հեռախոս"","Translate: "հեռախոս"","Переведи: "հեռախոս""
w7_l2,w7_l2_v0_mc_prompt,translate,9,"Թարգմանիր՝ "էկրան"","Translate: "էկրան"","Переведи: "էկրան""
w7_l2,w7_l2_v0_tr_answer,multiple_choice,10,"Ընտրիր "ստեղնաշար"-ի թարգմանությունը","Choose the meaning of "keyboard"","Выбери перевод "клавиатура""
w7_l2,w7_l2_v0_tr_prompt,multiple_choice,14,"Ընտրիր "ինտերնետ"-ի թարգմանությունը","Choose the meaning of "internet"","Выбери перевод "интернет""
w7_l2,w7_l2_v1,translate,15,"Թարգմանիր՝ "ինտերնետ"","Translate: "ինտերնետ"","Переведи: "ինտերնետ""
w7_l2,w7_l2_v1_mc_answer,multiple_choice,16,"Ընտրիր "wifi"-ի թարգմանությունը","Choose the meaning of "wifi"","Выбери перевод "wifi""
w7_l2,w7_l2_v1_mc_prompt,multiple_choice,20,"Ընտրիր "հավելված"-ի թարգմանությունը","Choose the meaning of "app"","Выбери перевод "приложение""
w7_l2,w7_l2_v1_tr_answer,translate,21,"Թարգմանիր՝ "հավելված"","Translate: "հավելված"","Переведи: "հավելված""
w7_l2,w7_l2_v1_tr_prompt,translate,25,"Թարգմանիր՝ "գաղտնաբառ"","Translate: "գաղտնաբառ"","Переведи: "գաղտնաբառ""
w7_l2,w7_l2_v10,multiple_choice,26,"Ընտրիր "հաշիվ"-ի թարգմանությունը","Choose the meaning of "account"","Выбери перевод "аккаунт""
w7_l2,w7_l2_v10_mc_answer,translate,27,"Թարգմանիր՝ "հաշիվ"","Translate: "հաշիվ"","Переведи: "հաշիվ""
w7_l2,w7_l2_v10_mc_prompt,translate,31,"Թարգմանիր՝ "ամպ"","Translate: "ամպ"","Переведи: "ամպ""
w7_l2,w7_l2_v10_tr_answer,multiple_choice,32,"Ընտրիր "անվտանգություն"-ի թարգմանությունը","Choose the meaning of "security"","Выбери перевод "безопасность""
w7_l2,w7_l2_v10_tr_prompt,multiple_choice,36,"Ընտրիր "թարմացում"-ի թարգմանությունը","Choose the meaning of "update"","Выбери перевод "обновление""
w7_l2,w7_l2_v11,translate,37,"Թարգմանիր՝ "թարմացում"","Translate: "թարմացում"","Переведи: "թարմացում""
w7_l2,w7_l2_v11_mc_answer,multiple_choice,38,"Ընտրիր "սխալ"-ի թարգմանությունը","Choose the meaning of "error"","Выбери перевод "ошибка""
w7_l2,w7_l2_v11_mc_prompt,multiple_choice,42,"Ընտրիր "արհեստական բանականություն"-ի թարգմանությունը","Choose the meaning of "AI"","Выбери перевод "ИИ""
w7_l2,w7_l2_v11_tr_answer,translate,43,"Թարգմանիր՝ "արհեստական բանականություն"","Translate: "արհեստական բանականություն"","Переведи: "արհեստական բանականություն""
w7_l2,w7_l2_v11_tr_prompt,translate,47,"Թարգմանիր՝ "խելացի"","Translate: "խելացի"","Переведи: "խելացի""
w7_l2,w7_l2_v12,multiple_choice,48,"Ընտրիր "արագ"-ի թարգմանությունը","Choose the meaning of "fast"","Выбери перевод "быстрый""
w7_l2,w7_l2_v12_mc_answer,translate,49,"Թարգմանիր՝ "արագ"","Translate: "արագ"","Переведи: "արագ""
w7_l3,w7_l3_match_prompt,translate,3,"Թարգմանիր՝ "նոութբուք"","Translate: "նոութբուք"","Переведи: "նոութբուք""
w7_l3,w7_l3_v0,multiple_choice,4,"Ընտրիր "հեռախոս"-ի թարգմանությունը","Choose the meaning of "phone"","Выбери перевод "телефон""
w7_l3,w7_l3_v0_mc_answer,translate,5,"Թարգմանիր՝ "հեռախոս"","Translate: "հեռախոս"","Переведи: "հեռախոս""
w7_l3,w7_l3_v0_mc_prompt,translate,9,"Թարգմանիր՝ "էկրան"","Translate: "էկրան"","Переведи: "էկրան""
w7_l3,w7_l3_v0_tr_answer,multiple_choice,10,"Ընտրիր "ստեղնաշար"-ի թարգմանությունը","Choose the meaning of "keyboard"","Выбери перевод "клавиатура""
w7_l3,w7_l3_v0_tr_prompt,multiple_choice,14,"Ընտրիր "ինտերնետ"-ի թարգմանությունը","Choose the meaning of "internet"","Выбери перевод "интернет""
w7_l3,w7_l3_v1,translate,15,"Թարգմանիր՝ "ինտերնետ"","Translate: "ինտերնետ"","Переведи: "ինտերնետ""
w7_l3,w7_l3_v1_mc_answer,multiple_choice,16,"Ընտրիր "wifi"-ի թարգմանությունը","Choose the meaning of "wifi"","Выбери перевод "wifi""
w7_l3,w7_l3_v1_mc_prompt,multiple_choice,20,"Ընտրիր "հավելված"-ի թարգմանությունը","Choose the meaning of "app"","Выбери перевод "приложение""
w7_l3,w7_l3_v1_tr_answer,translate,21,"Թարգմանիր՝ "հավելված"","Translate: "հավելված"","Переведи: "հավելված""
w7_l3,w7_l3_v1_tr_prompt,translate,25,"Թարգմանիր՝ "գաղտնաբառ"","Translate: "գաղտնաբառ"","Переведи: "գաղտնաբառ""
w7_l3,w7_l3_v10,multiple_choice,26,"Ընտրիր "հաշիվ"-ի թարգմանությունը","Choose the meaning of "account"","Выбери перевод "аккаунт""
w7_l3,w7_l3_v10_mc_answer,translate,27,"Թարգմանիր՝ "հաշիվ"","Translate: "հաշիվ"","Переведи: "հաշիվ""
w7_l3,w7_l3_v10_mc_prompt,translate,31,"Թարգմանիր՝ "ամպ"","Translate: "ամպ"","Переведи: "ամպ""
w7_l3,w7_l3_v10_tr_answer,multiple_choice,32,"Ընտրիր "անվտանգություն"-ի թարգմանությունը","Choose the meaning of "security"","Выбери перевод "безопасность""
w7_l3,w7_l3_v10_tr_prompt,multiple_choice,36,"Ընտրիր "թարմացում"-ի թարգմանությունը","Choose the meaning of "update"","Выбери перевод "обновление""
w7_l3,w7_l3_v11,translate,37,"Թարգմանիր՝ "թարմացում"","Translate: "թարմացում"","Переведи: "թարմացում""
w7_l3,w7_l3_v11_mc_answer,multiple_choice,38,"Ընտրիր "սխալ"-ի թարգմանությունը","Choose the meaning of "error"","Выбери перевод "ошибка""
w7_l3,w7_l3_v11_mc_prompt,multiple_choice,42,"Ընտրիր "արհեստական բանականություն"-ի թարգմանությունը","Choose the meaning of "AI"","Выбери перевод "ИИ""
w7_l3,w7_l3_v11_tr_answer,translate,43,"Թարգմանիր՝ "արհեստական բանականություն"","Translate: "արհեստական բանականություն"","Переведи: "արհեստական բանականություն""
w7_l3,w7_l3_v11_tr_prompt,translate,47,"Թարգմանիր՝ "խելացի"","Translate: "խելացի"","Переведи: "խելացի""
w7_l3,w7_l3_v12,multiple_choice,48,"Ընտրիր "արագ"-ի թարգմանությունը","Choose the meaning of "fast"","Выбери перевод "быстрый""
w7_l3,w7_l3_v12_mc_answer,translate,49,"Թարգմանիր՝ "արագ"","Translate: "արագ"","Переведи: "արագ""
w7_l4,w7_l4_match_prompt,translate,3,"Թարգմանիր՝ "նոութբուք"","Translate: "նոութբուք"","Переведи: "նոութբուք""
w7_l4,w7_l4_v0,multiple_choice,4,"Ընտրիր "հեռախոս"-ի թարգմանությունը","Choose the meaning of "phone"","Выбери перевод "телефон""
w7_l4,w7_l4_v0_mc_answer,translate,5,"Թարգմանիր՝ "հեռախոս"","Translate: "հեռախոս"","Переведи: "հեռախոս""
w7_l4,w7_l4_v0_mc_prompt,translate,9,"Թարգմանիր՝ "էկրան"","Translate: "էկրան"","Переведи: "էկրան""
w7_l4,w7_l4_v0_tr_answer,multiple_choice,10,"Ընտրիր "ստեղնաշար"-ի թարգմանությունը","Choose the meaning of "keyboard"","Выбери перевод "клавиатура""
w7_l4,w7_l4_v0_tr_prompt,multiple_choice,14,"Ընտրիր "ինտերնետ"-ի թարգմանությունը","Choose the meaning of "internet"","Выбери перевод "интернет""
w7_l4,w7_l4_v1,translate,15,"Թարգմանիր՝ "ինտերնետ"","Translate: "ինտերնետ"","Переведи: "ինտերնետ""
w7_l4,w7_l4_v1_mc_answer,multiple_choice,16,"Ընտրիր "wifi"-ի թարգմանությունը","Choose the meaning of "wifi"","Выбери перевод "wifi""
w7_l4,w7_l4_v1_mc_prompt,multiple_choice,20,"Ընտրիր "հավելված"-ի թարգմանությունը","Choose the meaning of "app"","Выбери перевод "приложение""
w7_l4,w7_l4_v1_tr_answer,translate,21,"Թարգմանիր՝ "հավելված"","Translate: "հավելված"","Переведи: "հավելված""
w7_l4,w7_l4_v1_tr_prompt,translate,25,"Թարգմանիր՝ "գաղտնաբառ"","Translate: "գաղտնաբառ"","Переведи: "գաղտնաբառ""
w7_l4,w7_l4_v10,multiple_choice,26,"Ընտրիր "հաշիվ"-ի թարգմանությունը","Choose the meaning of "account"","Выбери перевод "аккаунт""
w7_l4,w7_l4_v10_mc_answer,translate,27,"Թարգմանիր՝ "հաշիվ"","Translate: "հաշիվ"","Переведи: "հաշիվ""
w7_l4,w7_l4_v10_mc_prompt,translate,31,"Թարգմանիր՝ "ամպ"","Translate: "ամպ"","Переведи: "ամպ""
w7_l4,w7_l4_v10_tr_answer,multiple_choice,32,"Ընտրիր "անվտանգություն"-ի թարգմանությունը","Choose the meaning of "security"","Выбери перевод "безопасность""
w7_l4,w7_l4_v10_tr_prompt,multiple_choice,36,"Ընտրիր "թարմացում"-ի թարգմանությունը","Choose the meaning of "update"","Выбери перевод "обновление""
w7_l4,w7_l4_v11,translate,37,"Թարգմանիր՝ "թարմացում"","Translate: "թարմացում"","Переведи: "թարմացում""
w7_l4,w7_l4_v11_mc_answer,multiple_choice,38,"Ընտրիր "սխալ"-ի թարգմանությունը","Choose the meaning of "error"","Выбери перевод "ошибка""
w7_l4,w7_l4_v11_mc_prompt,multiple_choice,42,"Ընտրիր "արհեստական բանականություն"-ի թարգմանությունը","Choose the meaning of "AI"","Выбери перевод "ИИ""
w7_l4,w7_l4_v11_tr_answer,translate,43,"Թարգմանիր՝ "արհեստական բանականություն"","Translate: "արհեստական բանականություն"","Переведи: "արհեստական բանականություն""
w7_l4,w7_l4_v11_tr_prompt,translate,47,"Թարգմանիր՝ "խելացի"","Translate: "խելացի"","Переведи: "խելացի""
w7_l4,w7_l4_v12,multiple_choice,48,"Ընտրիր "արագ"-ի թարգմանությունը","Choose the meaning of "fast"","Выбери перевод "быстрый""
w7_l4,w7_l4_v12_mc_answer,translate,49,"Թարգմանիր՝ "արագ"","Translate: "արագ"","Переведи: "արագ""
w7_l5,w7_l5_match_prompt,translate,3,"Թարգմանիր՝ "նոութբուք"","Translate: "նոութբուք"","Переведи: "նոութբուք""
w7_l5,w7_l5_v0,multiple_choice,4,"Ընտրիր "հեռախոս"-ի թարգմանությունը","Choose the meaning of "phone"","Выбери перевод "телефон""
w7_l5,w7_l5_v0_mc_answer,translate,5,"Թարգմանիր՝ "հեռախոս"","Translate: "հեռախոս"","Переведи: "հեռախոս""
w7_l5,w7_l5_v0_mc_prompt,translate,9,"Թարգմանիր՝ "էկրան"","Translate: "էկրան"","Переведи: "էկրան""
w7_l5,w7_l5_v0_tr_answer,multiple_choice,10,"Ընտրիր "ստեղնաշար"-ի թարգմանությունը","Choose the meaning of "keyboard"","Выбери перевод "клавиатура""
w7_l5,w7_l5_v0_tr_prompt,multiple_choice,14,"Ընտրիր "ինտերնետ"-ի թարգմանությունը","Choose the meaning of "internet"","Выбери перевод "интернет""
w7_l5,w7_l5_v1,translate,15,"Թարգմանիր՝ "ինտերնետ"","Translate: "ինտերնետ"","Переведи: "ինտերնետ""
w7_l5,w7_l5_v1_mc_answer,multiple_choice,16,"Ընտրիր "wifi"-ի թարգմանությունը","Choose the meaning of "wifi"","Выбери перевод "wifi""
w7_l5,w7_l5_v1_mc_prompt,multiple_choice,20,"Ընտրիր "հավելված"-ի թարգմանությունը","Choose the meaning of "app"","Выбери перевод "приложение""
w7_l5,w7_l5_v1_tr_answer,translate,21,"Թարգմանիր՝ "հավելված"","Translate: "հավելված"","Переведи: "հավելված""
w7_l5,w7_l5_v1_tr_prompt,translate,25,"Թարգմանիր՝ "գաղտնաբառ"","Translate: "գաղտնաբառ"","Переведи: "գաղտնաբառ""
w7_l5,w7_l5_v10,multiple_choice,26,"Ընտրիր "հաշիվ"-ի թարգմանությունը","Choose the meaning of "account"","Выбери перевод "аккаунт""
w7_l5,w7_l5_v10_mc_answer,translate,27,"Թարգմանիր՝ "հաշիվ"","Translate: "հաշիվ"","Переведи: "հաշիվ""
w7_l5,w7_l5_v10_mc_prompt,translate,31,"Թարգմանիր՝ "ամպ"","Translate: "ամպ"","Переведи: "ամպ""
w7_l5,w7_l5_v10_tr_answer,multiple_choice,32,"Ընտրիր "անվտանգություն"-ի թարգմանությունը","Choose the meaning of "security"","Выбери перевод "безопасность""
w7_l5,w7_l5_v10_tr_prompt,multiple_choice,36,"Ընտրիր "թարմացում"-ի թարգմանությունը","Choose the meaning of "update"","Выбери перевод "обновление""
w7_l5,w7_l5_v11,translate,37,"Թարգմանիր՝ "թարմացում"","Translate: "թարմացում"","Переведи: "թարմացում""
w7_l5,w7_l5_v11_mc_answer,multiple_choice,38,"Ընտրիր "սխալ"-ի թարգմանությունը","Choose the meaning of "error"","Выбери перевод "ошибка""
w7_l5,w7_l5_v11_mc_prompt,multiple_choice,42,"Ընտրիր "արհեստական բանականություն"-ի թարգմանությունը","Choose the meaning of "AI"","Выбери перевод "ИИ""
w7_l5,w7_l5_v11_tr_answer,translate,43,"Թարգմանիր՝ "արհեստական բանականություն"","Translate: "արհեստական բանականություն"","Переведи: "արհեստական բանականություն""
w7_l5,w7_l5_v11_tr_prompt,translate,47,"Թարգմանիր՝ "խելացի"","Translate: "խելացի"","Переведи: "խելացի""
w7_l5,w7_l5_v12,multiple_choice,48,"Ընտրիր "արագ"-ի թարգմանությունը","Choose the meaning of "fast"","Выбери перевод "быстрый""
w7_l5,w7_l5_v12_mc_answer,translate,49,"Թարգմանիր՝ "արագ"","Translate: "արագ"","Переведи: "արագ""
w7_l6,w7_l6_match_prompt,translate,3,"Թարգմանիր՝ "նոութբուք"","Translate: "նոութբուք"","Переведи: "նոութբուք""
w7_l6,w7_l6_v0,multiple_choice,4,"Ընտրիր "հեռախոս"-ի թարգմանությունը","Choose the meaning of "phone"","Выбери перевод "телефон""
w7_l6,w7_l6_v0_mc_answer,translate,5,"Թարգմանիր՝ "հեռախոս"","Translate: "հեռախոս"","Переведи: "հեռախոս""
w7_l6,w7_l6_v0_mc_prompt,translate,9,"Թարգմանիր՝ "էկրան"","Translate: "էկրան"","Переведи: "էկրան""
w7_l6,w7_l6_v0_tr_answer,multiple_choice,10,"Ընտրիր "ստեղնաշար"-ի թարգմանությունը","Choose the meaning of "keyboard"","Выбери перевод "клавиатура""
w7_l6,w7_l6_v0_tr_prompt,multiple_choice,14,"Ընտրիր "ինտերնետ"-ի թարգմանությունը","Choose the meaning of "internet"","Выбери перевод "интернет""
w7_l6,w7_l6_v1,translate,15,"Թարգմանիր՝ "ինտերնետ"","Translate: "ինտերնետ"","Переведи: "ինտերնետ""
w7_l6,w7_l6_v1_mc_answer,multiple_choice,16,"Ընտրիր "wifi"-ի թարգմանությունը","Choose the meaning of "wifi"","Выбери перевод "wifi""
w7_l6,w7_l6_v1_mc_prompt,multiple_choice,20,"Ընտրիր "հավելված"-ի թարգմանությունը","Choose the meaning of "app"","Выбери перевод "приложение""
w7_l6,w7_l6_v1_tr_answer,translate,21,"Թարգմանիր՝ "հավելված"","Translate: "հավելված"","Переведи: "հավելված""
w7_l6,w7_l6_v1_tr_prompt,translate,25,"Թարգմանիր՝ "գաղտնաբառ"","Translate: "գաղտնաբառ"","Переведи: "գաղտնաբառ""
w7_l6,w7_l6_v10,multiple_choice,26,"Ընտրիր "հաշիվ"-ի թարգմանությունը","Choose the meaning of "account"","Выбери перевод "аккаунт""
w7_l6,w7_l6_v10_mc_answer,translate,27,"Թարգմանիր՝ "հաշիվ"","Translate: "հաշիվ"","Переведи: "հաշիվ""
w7_l6,w7_l6_v10_mc_prompt,translate,31,"Թարգմանիր՝ "ամպ"","Translate: "ամպ"","Переведи: "ամպ""
w7_l6,w7_l6_v10_tr_answer,multiple_choice,32,"Ընտրիր "անվտանգություն"-ի թարգմանությունը","Choose the meaning of "security"","Выбери перевод "безопасность""
w7_l6,w7_l6_v10_tr_prompt,multiple_choice,36,"Ընտրիր "թարմացում"-ի թարգմանությունը","Choose the meaning of "update"","Выбери перевод "обновление""
w7_l6,w7_l6_v11,translate,37,"Թարգմանիր՝ "թարմացում"","Translate: "թարմացում"","Переведи: "թարմացում""
w7_l6,w7_l6_v11_mc_answer,multiple_choice,38,"Ընտրիր "սխալ"-ի թարգմանությունը","Choose the meaning of "error"","Выбери перевод "ошибка""
w7_l6,w7_l6_v11_mc_prompt,multiple_choice,42,"Ընտրիր "արհեստական բանականություն"-ի թարգմանությունը","Choose the meaning of "AI"","Выбери перевод "ИИ""
w7_l6,w7_l6_v11_tr_answer,translate,43,"Թարգմանիր՝ "արհեստական բանականություն"","Translate: "արհեստական բանականություն"","Переведи: "արհեստական բանականություն""
w7_l6,w7_l6_v11_tr_prompt,translate,47,"Թարգմանիր՝ "խելացի"","Translate: "խելացի"","Переведи: "խելացի""
w7_l6,w7_l6_v12,multiple_choice,48,"Ընտրիր "արագ"-ի թարգմանությունը","Choose the meaning of "fast"","Выбери перевод "быстрый""
w7_l6,w7_l6_v12_mc_answer,translate,49,"Թարգմանիր՝ "արագ"","Translate: "արագ"","Переведи: "արագ""
w7_l7,w7_l7_match_prompt,translate,3,"Թարգմանիր՝ "նոութբուք"","Translate: "նոութբուք"","Переведи: "նոութբուք""
w7_l7,w7_l7_v0,multiple_choice,4,"Ընտրիր "հեռախոս"-ի թարգմանությունը","Choose the meaning of "phone"","Выбери перевод "телефон""
w7_l7,w7_l7_v0_mc_answer,translate,5,"Թարգմանիր՝ "հեռախոս"","Translate: "հեռախոս"","Переведи: "հեռախոս""
w7_l7,w7_l7_v0_mc_prompt,translate,9,"Թարգմանիր՝ "էկրան"","Translate: "էկրան"","Переведи: "էկրան""
w7_l7,w7_l7_v0_tr_answer,multiple_choice,10,"Ընտրիր "ստեղնաշար"-ի թարգմանությունը","Choose the meaning of "keyboard"","Выбери перевод "клавиатура""
w7_l7,w7_l7_v0_tr_prompt,multiple_choice,14,"Ընտրիր "ինտերնետ"-ի թարգմանությունը","Choose the meaning of "internet"","Выбери перевод "интернет""
w7_l7,w7_l7_v1,translate,15,"Թարգմանիր՝ "ինտերնետ"","Translate: "ինտերնետ"","Переведи: "ինտերնետ""
w7_l7,w7_l7_v1_mc_answer,multiple_choice,16,"Ընտրիր "wifi"-ի թարգմանությունը","Choose the meaning of "wifi"","Выбери перевод "wifi""
w7_l7,w7_l7_v1_mc_prompt,multiple_choice,20,"Ընտրիր "հավելված"-ի թարգմանությունը","Choose the meaning of "app"","Выбери перевод "приложение""
w7_l7,w7_l7_v1_tr_answer,translate,21,"Թարգմանիր՝ "հավելված"","Translate: "հավելված"","Переведи: "հավելված""
w7_l7,w7_l7_v1_tr_prompt,translate,25,"Թարգմանիր՝ "գաղտնաբառ"","Translate: "գաղտնաբառ"","Переведи: "գաղտնաբառ""
w7_l7,w7_l7_v10,multiple_choice,26,"Ընտրիր "հաշիվ"-ի թարգմանությունը","Choose the meaning of "account"","Выбери перевод "аккаунт""
w7_l7,w7_l7_v10_mc_answer,translate,27,"Թարգմանիր՝ "հաշիվ"","Translate: "հաշիվ"","Переведи: "հաշիվ""
w7_l7,w7_l7_v10_mc_prompt,translate,31,"Թարգմանիր՝ "ամպ"","Translate: "ամպ"","Переведи: "ամպ""
w7_l7,w7_l7_v10_tr_answer,multiple_choice,32,"Ընտրիր "անվտանգություն"-ի թարգմանությունը","Choose the meaning of "security"","Выбери перевод "безопасность""
w7_l7,w7_l7_v10_tr_prompt,multiple_choice,36,"Ընտրիր "թարմացում"-ի թարգմանությունը","Choose the meaning of "update"","Выбери перевод "обновление""
w7_l7,w7_l7_v11,translate,37,"Թարգմանիր՝ "թարմացում"","Translate: "թարմացում"","Переведи: "թարմացում""
w7_l7,w7_l7_v11_mc_answer,multiple_choice,38,"Ընտրիր "սխալ"-ի թարգմանությունը","Choose the meaning of "error"","Выбери перевод "ошибка""
w7_l7,w7_l7_v11_mc_prompt,multiple_choice,42,"Ընտրիր "արհեստական բանականություն"-ի թարգմանությունը","Choose the meaning of "AI"","Выбери перевод "ИИ""
w7_l7,w7_l7_v11_tr_answer,translate,43,"Թարգմանիր՝ "արհեստական բանականություն"","Translate: "արհեստական բանականություն"","Переведи: "արհեստական բանականություն""
w7_l7,w7_l7_v11_tr_prompt,translate,47,"Թարգմանիր՝ "խելացի"","Translate: "խելացի"","Переведи: "խելացի""
w7_l7,w7_l7_v12,multiple_choice,48,"Ընտրիր "արագ"-ի թարգմանությունը","Choose the meaning of "fast"","Выбери перевод "быстрый""
w7_l7,w7_l7_v12_mc_answer,translate,49,"Թարգմանիր՝ "արագ"","Translate: "արագ"","Переведи: "արագ""
w7_l8,w7_l8_match_prompt,translate,3,"Թարգմանիր՝ "նոութբուք"","Translate: "նոութբուք"","Переведи: "նոութբուք""
w7_l8,w7_l8_v0,multiple_choice,4,"Ընտրիր "հեռախոս"-ի թարգմանությունը","Choose the meaning of "phone"","Выбери перевод "телефон""
w7_l8,w7_l8_v0_mc_answer,translate,5,"Թարգմանիր՝ "հեռախոս"","Translate: "հեռախոս"","Переведи: "հեռախոս""
w7_l8,w7_l8_v0_mc_prompt,translate,9,"Թարգմանիր՝ "էկրան"","Translate: "էկրան"","Переведи: "էկրան""
w7_l8,w7_l8_v0_tr_answer,multiple_choice,10,"Ընտրիր "ստեղնաշար"-ի թարգմանությունը","Choose the meaning of "keyboard"","Выбери перевод "клавиатура""
w7_l8,w7_l8_v0_tr_prompt,multiple_choice,14,"Ընտրիր "ինտերնետ"-ի թարգմանությունը","Choose the meaning of "internet"","Выбери перевод "интернет""
w7_l8,w7_l8_v1,translate,15,"Թարգմանիր՝ "ինտերնետ"","Translate: "ինտերնետ"","Переведи: "ինտերնետ""
w7_l8,w7_l8_v1_mc_answer,multiple_choice,16,"Ընտրիր "wifi"-ի թարգմանությունը","Choose the meaning of "wifi"","Выбери перевод "wifi""
w7_l8,w7_l8_v1_mc_prompt,multiple_choice,20,"Ընտրիր "հավելված"-ի թարգմանությունը","Choose the meaning of "app"","Выбери перевод "приложение""
w7_l8,w7_l8_v1_tr_answer,translate,21,"Թարգմանիր՝ "հավելված"","Translate: "հավելված"","Переведи: "հավելված""
w7_l8,w7_l8_v1_tr_prompt,translate,25,"Թարգմանիր՝ "գաղտնաբառ"","Translate: "գաղտնաբառ"","Переведи: "գաղտնաբառ""
w7_l8,w7_l8_v10,multiple_choice,26,"Ընտրիր "հաշիվ"-ի թարգմանությունը","Choose the meaning of "account"","Выбери перевод "аккаунт""
w7_l8,w7_l8_v10_mc_answer,translate,27,"Թարգմանիր՝ "հաշիվ"","Translate: "հաշիվ"","Переведи: "հաշիվ""
w7_l8,w7_l8_v10_mc_prompt,translate,31,"Թարգմանիր՝ "ամպ"","Translate: "ամպ"","Переведи: "ամպ""
w7_l8,w7_l8_v10_tr_answer,multiple_choice,32,"Ընտրիր "անվտանգություն"-ի թարգմանությունը","Choose the meaning of "security"","Выбери перевод "безопасность""
w7_l8,w7_l8_v10_tr_prompt,multiple_choice,36,"Ընտրիր "թարմացում"-ի թարգմանությունը","Choose the meaning of "update"","Выбери перевод "обновление""
w7_l8,w7_l8_v11,translate,37,"Թարգմանիր՝ "թարմացում"","Translate: "թարմացում"","Переведи: "թարմացում""
w7_l8,w7_l8_v11_mc_answer,multiple_choice,38,"Ընտրիր "սխալ"-ի թարգմանությունը","Choose the meaning of "error"","Выбери перевод "ошибка""
w7_l8,w7_l8_v11_mc_prompt,multiple_choice,42,"Ընտրիր "արհեստական բանականություն"-ի թարգմանությունը","Choose the meaning of "AI"","Выбери перевод "ИИ""
w7_l8,w7_l8_v11_tr_answer,translate,43,"Թարգմանիր՝ "արհեստական բանականություն"","Translate: "արհեստական բանականություն"","Переведи: "արհեստական բանականություն""
w7_l8,w7_l8_v11_tr_prompt,translate,47,"Թարգմանիր՝ "խելացի"","Translate: "խելացի"","Переведи: "խելացի""
w7_l8,w7_l8_v12,multiple_choice,48,"Ընտրիր "արագ"-ի թարգմանությունը","Choose the meaning of "fast"","Выбери перевод "быстрый""
w7_l8,w7_l8_v12_mc_answer,translate,49,"Թարգմանիր՝ "արագ"","Translate: "արագ"","Переведи: "արագ""
w7_l9,w7_l9_match_prompt,translate,3,"Թարգմանիր՝ "նոութբուք"","Translate: "նոութբուք"","Переведи: "նոութբուք""
w7_l9,w7_l9_v0,multiple_choice,4,"Ընտրիր "հեռախոս"-ի թարգմանությունը","Choose the meaning of "phone"","Выбери перевод "телефон""
w7_l9,w7_l9_v0_mc_answer,translate,5,"Թարգմանիր՝ "հեռախոս"","Translate: "հեռախոս"","Переведи: "հեռախոս""
w7_l9,w7_l9_v0_mc_prompt,translate,9,"Թարգմանիր՝ "էկրան"","Translate: "էկրան"","Переведи: "էկրան""
w7_l9,w7_l9_v0_tr_answer,multiple_choice,10,"Ընտրիր "ստեղնաշար"-ի թարգմանությունը","Choose the meaning of "keyboard"","Выбери перевод "клавиатура""
w7_l9,w7_l9_v0_tr_prompt,multiple_choice,14,"Ընտրիր "ինտերնետ"-ի թարգմանությունը","Choose the meaning of "internet"","Выбери перевод "интернет""
w7_l9,w7_l9_v1,translate,15,"Թարգմանիր՝ "ինտերնետ"","Translate: "ինտերնետ"","Переведи: "ինտերնետ""
w7_l9,w7_l9_v1_mc_answer,multiple_choice,16,"Ընտրիր "wifi"-ի թարգմանությունը","Choose the meaning of "wifi"","Выбери перевод "wifi""
w7_l9,w7_l9_v1_mc_prompt,multiple_choice,20,"Ընտրիր "հավելված"-ի թարգմանությունը","Choose the meaning of "app"","Выбери перевод "приложение""
w7_l9,w7_l9_v1_tr_answer,translate,21,"Թարգմանիր՝ "հավելված"","Translate: "հավելված"","Переведи: "հավելված""
w7_l9,w7_l9_v1_tr_prompt,translate,25,"Թարգմանիր՝ "գաղտնաբառ"","Translate: "գաղտնաբառ"","Переведи: "գաղտնաբառ""
w7_l9,w7_l9_v10,multiple_choice,26,"Ընտրիր "հաշիվ"-ի թարգմանությունը","Choose the meaning of "account"","Выбери перевод "аккаунт""
w7_l9,w7_l9_v10_mc_answer,translate,27,"Թարգմանիր՝ "հաշիվ"","Translate: "հաշիվ"","Переведи: "հաշիվ""
w7_l9,w7_l9_v10_mc_prompt,translate,31,"Թարգմանիր՝ "ամպ"","Translate: "ամպ"","Переведи: "ամպ""
w7_l9,w7_l9_v10_tr_answer,multiple_choice,32,"Ընտրիր "անվտանգություն"-ի թարգմանությունը","Choose the meaning of "security"","Выбери перевод "безопасность""
w7_l9,w7_l9_v10_tr_prompt,multiple_choice,36,"Ընտրիր "թարմացում"-ի թարգմանությունը","Choose the meaning of "update"","Выбери перевод "обновление""
w7_l9,w7_l9_v11,translate,37,"Թարգմանիր՝ "թարմացում"","Translate: "թարմացում"","Переведи: "թարմացում""
w7_l9,w7_l9_v11_mc_answer,multiple_choice,38,"Ընտրիր "սխալ"-ի թարգմանությունը","Choose the meaning of "error"","Выбери перевод "ошибка""
w7_l9,w7_l9_v11_mc_prompt,multiple_choice,42,"Ընտրիր "արհեստական բանականություն"-ի թարգմանությունը","Choose the meaning of "AI"","Выбери перевод "ИИ""
w7_l9,w7_l9_v11_tr_answer,translate,43,"Թարգմանիր՝ "արհեստական բանականություն"","Translate: "արհեստական բանականություն"","Переведи: "արհեստական բանականություն""
w7_l9,w7_l9_v11_tr_prompt,translate,47,"Թարգմանիր՝ "խելացի"","Translate: "խելացի"","Переведи: "խելացի""
w7_l9,w7_l9_v12,multiple_choice,48,"Ընտրիր "արագ"-ի թարգմանությունը","Choose the meaning of "fast"","Выбери перевод "быстрый""
w7_l9,w7_l9_v12_mc_answer,translate,49,"Թարգմանիր՝ "արագ"","Translate: "արագ"","Переведи: "արագ""
w8_l1,w8_l1_match_prompt,translate,3,"Թարգմանիր՝ "շրջակա միջավայր"","Translate: "շրջակա միջավայր"","Переведи: "շրջակա միջավայր""
w8_l1,w8_l1_v0,multiple_choice,4,"Ընտրիր "կլիմա"-ի թարգմանությունը","Choose the meaning of "climate"","Выбери перевод "климат""
w8_l1,w8_l1_v0_mc_answer,translate,5,"Թարգմանիր՝ "կլիմա"","Translate: "կլիմա"","Переведи: "կլիմա""
w8_l1,w8_l1_v0_mc_prompt,translate,9,"Թարգմանիր՝ "աղտոտում"","Translate: "աղտոտում"","Переведи: "աղտոտում""
w8_l1,w8_l1_v0_tr_answer,multiple_choice,10,"Ընտրիր "թափոններ"-ի թարգմանությունը","Choose the meaning of "waste"","Выбери перевод "отходы""
w8_l1,w8_l1_v0_tr_prompt,multiple_choice,14,"Ընտրիր "վերամշակում"-ի թարգմանությունը","Choose the meaning of "recycling"","Выбери перевод "переработка""
w8_l1,w8_l1_v1,translate,15,"Թարգմանիր՝ "վերամշակում"","Translate: "վերամշակում"","Переведи: "վերամշակում""
w8_l1,w8_l1_v1_mc_answer,multiple_choice,16,"Ընտրիր "անտառահատում"-ի թարգմանությունը","Choose the meaning of "deforestation"","Выбери перевод "вырубка лесов""
w8_l1,w8_l1_v1_mc_prompt,multiple_choice,20,"Ընտրիր "վտանգված տեսակ"-ի թարգմանությունը","Choose the meaning of "endangered species"","Выбери перевод "вымирающий вид""
w8_l1,w8_l1_v1_tr_answer,translate,21,"Թարգմանիր՝ "վտանգված տեսակ"","Translate: "վտանգված տեսակ"","Переведи: "վտանգված տեսակ""
w8_l1,w8_l1_v1_tr_prompt,translate,25,"Թարգմանիր՝ "էկոհամակարգ"","Translate: "էկոհամակարգ"","Переведи: "էկոհամակարգ""
w8_l1,w8_l1_v10,multiple_choice,26,"Ընտրիր "կայունություն"-ի թարգմանությունը","Choose the meaning of "sustainability"","Выбери перевод "устойчивость""
w8_l1,w8_l1_v10_mc_answer,translate,27,"Թարգմանիր՝ "կայունություն"","Translate: "կայունություն"","Переведи: "կայունություն""
w8_l1,w8_l1_v10_mc_prompt,translate,31,"Թարգմանիր՝ "քամու էներգիա"","Translate: "քամու էներգիա"","Переведи: "քամու էներգիա""
w8_l1,w8_l1_v10_tr_answer,multiple_choice,32,"Ընտրիր "ածխածնի հետք"-ի թարգմանությունը","Choose the meaning of "carbon footprint"","Выбери перевод "углеродный след""
w8_l1,w8_l1_v10_tr_prompt,multiple_choice,36,"Ընտրիր "վերականգնվող"-ի թարգմանությունը","Choose the meaning of "renewable"","Выбери перевод "возобновляемый""
w8_l1,w8_l1_v11,translate,37,"Թարգմանիր՝ "վերականգնվող"","Translate: "վերականգնվող"","Переведи: "վերականգնվող""
w8_l1,w8_l1_v11_mc_answer,multiple_choice,38,"Ընտրիր "վնասակար"-ի թարգմանությունը","Choose the meaning of "harmful"","Выбери перевод "вредный""
w8_l1,w8_l1_v11_mc_prompt,multiple_choice,42,"Ընտրիր "փրկել"-ի թարգմանությունը","Choose the meaning of "to save"","Выбери перевод "спасать""
w8_l1,w8_l1_v11_tr_answer,translate,43,"Թարգմանիր՝ "փրկել"","Translate: "փրկել"","Переведи: "փրկել""
w8_l1,w8_l1_v11_tr_prompt,translate,47,"Թարգմանիր՝ "վերաօգտագործել"","Translate: "վերաօգտագործել"","Переведи: "վերաօգտագործել""
w8_l1,w8_l1_v12,multiple_choice,48,"Ընտրիր "տնկել"-ի թարգմանությունը","Choose the meaning of "to plant"","Выбери перевод "сажать""
w8_l1,w8_l1_v12_mc_answer,translate,49,"Թարգմանիր՝ "տնկել"","Translate: "տնկել"","Переведи: "տնկել""
w8_l10,w8_l10_match_prompt,translate,3,"Թարգմանիր՝ "շրջակա միջավայր"","Translate: "շրջակա միջավայր"","Переведи: "շրջակա միջավայր""
w8_l10,w8_l10_v0,multiple_choice,4,"Ընտրիր "կլիմա"-ի թարգմանությունը","Choose the meaning of "climate"","Выбери перевод "климат""
w8_l10,w8_l10_v0_mc_answer,translate,5,"Թարգմանիր՝ "կլիմա"","Translate: "կլիմա"","Переведи: "կլիմա""
w8_l10,w8_l10_v0_mc_prompt,translate,9,"Թարգմանիր՝ "աղտոտում"","Translate: "աղտոտում"","Переведи: "աղտոտում""
w8_l10,w8_l10_v0_tr_answer,multiple_choice,10,"Ընտրիր "թափոններ"-ի թարգմանությունը","Choose the meaning of "waste"","Выбери перевод "отходы""
w8_l10,w8_l10_v0_tr_prompt,multiple_choice,14,"Ընտրիր "վերամշակում"-ի թարգմանությունը","Choose the meaning of "recycling"","Выбери перевод "переработка""
w8_l10,w8_l10_v1,translate,15,"Թարգմանիր՝ "վերամշակում"","Translate: "վերամշակում"","Переведи: "վերամշակում""
w8_l10,w8_l10_v1_mc_answer,multiple_choice,16,"Ընտրիր "անտառահատում"-ի թարգմանությունը","Choose the meaning of "deforestation"","Выбери перевод "вырубка лесов""
w8_l10,w8_l10_v1_mc_prompt,multiple_choice,20,"Ընտրիր "վտանգված տեսակ"-ի թարգմանությունը","Choose the meaning of "endangered species"","Выбери перевод "вымирающий вид""
w8_l10,w8_l10_v1_tr_answer,translate,21,"Թարգմանիր՝ "վտանգված տեսակ"","Translate: "վտանգված տեսակ"","Переведи: "վտանգված տեսակ""
w8_l10,w8_l10_v1_tr_prompt,translate,25,"Թարգմանիր՝ "էկոհամակարգ"","Translate: "էկոհամակարգ"","Переведи: "էկոհամակարգ""
w8_l10,w8_l10_v10,multiple_choice,26,"Ընտրիր "կայունություն"-ի թարգմանությունը","Choose the meaning of "sustainability"","Выбери перевод "устойчивость""
w8_l10,w8_l10_v10_mc_answer,translate,27,"Թարգմանիր՝ "կայունություն"","Translate: "կայունություն"","Переведи: "կայունություն""
w8_l10,w8_l10_v10_mc_prompt,translate,31,"Թարգմանիր՝ "քամու էներգիա"","Translate: "քամու էներգիա"","Переведи: "քամու էներգիա""
w8_l10,w8_l10_v10_tr_answer,multiple_choice,32,"Ընտրիր "ածխածնի հետք"-ի թարգմանությունը","Choose the meaning of "carbon footprint"","Выбери перевод "углеродный след""
w8_l10,w8_l10_v10_tr_prompt,multiple_choice,36,"Ընտրիր "վերականգնվող"-ի թարգմանությունը","Choose the meaning of "renewable"","Выбери перевод "возобновляемый""
w8_l10,w8_l10_v11,translate,37,"Թարգմանիր՝ "վերականգնվող"","Translate: "վերականգնվող"","Переведи: "վերականգնվող""
w8_l10,w8_l10_v11_mc_answer,multiple_choice,38,"Ընտրիր "վնասակար"-ի թարգմանությունը","Choose the meaning of "harmful"","Выбери перевод "вредный""
w8_l10,w8_l10_v11_mc_prompt,multiple_choice,42,"Ընտրիր "փրկել"-ի թարգմանությունը","Choose the meaning of "to save"","Выбери перевод "спасать""
w8_l10,w8_l10_v11_tr_answer,translate,43,"Թարգմանիր՝ "փրկել"","Translate: "փրկել"","Переведи: "փրկել""
w8_l10,w8_l10_v11_tr_prompt,translate,47,"Թարգմանիր՝ "վերաօգտագործել"","Translate: "վերաօգտագործել"","Переведи: "վերաօգտագործել""
w8_l10,w8_l10_v12,multiple_choice,48,"Ընտրիր "տնկել"-ի թարգմանությունը","Choose the meaning of "to plant"","Выбери перевод "сажать""
w8_l10,w8_l10_v12_mc_answer,translate,49,"Թարգմանիր՝ "տնկել"","Translate: "տնկել"","Переведи: "տնկել""
w8_l2,w8_l2_match_prompt,translate,3,"Թարգմանիր՝ "շրջակա միջավայր"","Translate: "շրջակա միջավայր"","Переведи: "շրջակա միջավայր""
w8_l2,w8_l2_v0,multiple_choice,4,"Ընտրիր "կլիմա"-ի թարգմանությունը","Choose the meaning of "climate"","Выбери перевод "климат""
w8_l2,w8_l2_v0_mc_answer,translate,5,"Թարգմանիր՝ "կլիմա"","Translate: "կլիմա"","Переведи: "կլիմա""
w8_l2,w8_l2_v0_mc_prompt,translate,9,"Թարգմանիր՝ "աղտոտում"","Translate: "աղտոտում"","Переведи: "աղտոտում""
w8_l2,w8_l2_v0_tr_answer,multiple_choice,10,"Ընտրիր "թափոններ"-ի թարգմանությունը","Choose the meaning of "waste"","Выбери перевод "отходы""
w8_l2,w8_l2_v0_tr_prompt,multiple_choice,14,"Ընտրիր "վերամշակում"-ի թարգմանությունը","Choose the meaning of "recycling"","Выбери перевод "переработка""
w8_l2,w8_l2_v1,translate,15,"Թարգմանիր՝ "վերամշակում"","Translate: "վերամշակում"","Переведи: "վերամշակում""
w8_l2,w8_l2_v1_mc_answer,multiple_choice,16,"Ընտրիր "անտառահատում"-ի թարգմանությունը","Choose the meaning of "deforestation"","Выбери перевод "вырубка лесов""
w8_l2,w8_l2_v1_mc_prompt,multiple_choice,20,"Ընտրիր "վտանգված տեսակ"-ի թարգմանությունը","Choose the meaning of "endangered species"","Выбери перевод "вымирающий вид""
w8_l2,w8_l2_v1_tr_answer,translate,21,"Թարգմանիր՝ "վտանգված տեսակ"","Translate: "վտանգված տեսակ"","Переведи: "վտանգված տեսակ""
w8_l2,w8_l2_v1_tr_prompt,translate,25,"Թարգմանիր՝ "էկոհամակարգ"","Translate: "էկոհամակարգ"","Переведи: "էկոհամակարգ""
w8_l2,w8_l2_v10,multiple_choice,26,"Ընտրիր "կայունություն"-ի թարգմանությունը","Choose the meaning of "sustainability"","Выбери перевод "устойчивость""
w8_l2,w8_l2_v10_mc_answer,translate,27,"Թարգմանիր՝ "կայունություն"","Translate: "կայունություն"","Переведи: "կայունություն""
w8_l2,w8_l2_v10_mc_prompt,translate,31,"Թարգմանիր՝ "քամու էներգիա"","Translate: "քամու էներգիա"","Переведи: "քամու էներգիա""
w8_l2,w8_l2_v10_tr_answer,multiple_choice,32,"Ընտրիր "ածխածնի հետք"-ի թարգմանությունը","Choose the meaning of "carbon footprint"","Выбери перевод "углеродный след""
w8_l2,w8_l2_v10_tr_prompt,multiple_choice,36,"Ընտրիր "վերականգնվող"-ի թարգմանությունը","Choose the meaning of "renewable"","Выбери перевод "возобновляемый""
w8_l2,w8_l2_v11,translate,37,"Թարգմանիր՝ "վերականգնվող"","Translate: "վերականգնվող"","Переведи: "վերականգնվող""
w8_l2,w8_l2_v11_mc_answer,multiple_choice,38,"Ընտրիր "վնասակար"-ի թարգմանությունը","Choose the meaning of "harmful"","Выбери перевод "вредный""
w8_l2,w8_l2_v11_mc_prompt,multiple_choice,42,"Ընտրիր "փրկել"-ի թարգմանությունը","Choose the meaning of "to save"","Выбери перевод "спасать""
w8_l2,w8_l2_v11_tr_answer,translate,43,"Թարգմանիր՝ "փրկել"","Translate: "փրկել"","Переведи: "փրկել""
w8_l2,w8_l2_v11_tr_prompt,translate,47,"Թարգմանիր՝ "վերաօգտագործել"","Translate: "վերաօգտագործել"","Переведи: "վերաօգտագործել""
w8_l2,w8_l2_v12,multiple_choice,48,"Ընտրիր "տնկել"-ի թարգմանությունը","Choose the meaning of "to plant"","Выбери перевод "сажать""
w8_l2,w8_l2_v12_mc_answer,translate,49,"Թարգմանիր՝ "տնկել"","Translate: "տնկել"","Переведи: "տնկել""
w8_l3,w8_l3_match_prompt,translate,3,"Թարգմանիր՝ "շրջակա միջավայր"","Translate: "շրջակա միջավայր"","Переведи: "շրջակա միջավայր""
w8_l3,w8_l3_v0,multiple_choice,4,"Ընտրիր "կլիմա"-ի թարգմանությունը","Choose the meaning of "climate"","Выбери перевод "климат""
w8_l3,w8_l3_v0_mc_answer,translate,5,"Թարգմանիր՝ "կլիմա"","Translate: "կլիմա"","Переведи: "կլիմա""
w8_l3,w8_l3_v0_mc_prompt,translate,9,"Թարգմանիր՝ "աղտոտում"","Translate: "աղտոտում"","Переведи: "աղտոտում""
w8_l3,w8_l3_v0_tr_answer,multiple_choice,10,"Ընտրիր "թափոններ"-ի թարգմանությունը","Choose the meaning of "waste"","Выбери перевод "отходы""
w8_l3,w8_l3_v0_tr_prompt,multiple_choice,14,"Ընտրիր "վերամշակում"-ի թարգմանությունը","Choose the meaning of "recycling"","Выбери перевод "переработка""
w8_l3,w8_l3_v1,translate,15,"Թարգմանիր՝ "վերամշակում"","Translate: "վերամշակում"","Переведи: "վերամշակում""
w8_l3,w8_l3_v1_mc_answer,multiple_choice,16,"Ընտրիր "անտառահատում"-ի թարգմանությունը","Choose the meaning of "deforestation"","Выбери перевод "вырубка лесов""
w8_l3,w8_l3_v1_mc_prompt,multiple_choice,20,"Ընտրիր "վտանգված տեսակ"-ի թարգմանությունը","Choose the meaning of "endangered species"","Выбери перевод "вымирающий вид""
w8_l3,w8_l3_v1_tr_answer,translate,21,"Թարգմանիր՝ "վտանգված տեսակ"","Translate: "վտանգված տեսակ"","Переведи: "վտանգված տեսակ""
w8_l3,w8_l3_v1_tr_prompt,translate,25,"Թարգմանիր՝ "էկոհամակարգ"","Translate: "էկոհամակարգ"","Переведи: "էկոհամակարգ""
w8_l3,w8_l3_v10,multiple_choice,26,"Ընտրիր "կայունություն"-ի թարգմանությունը","Choose the meaning of "sustainability"","Выбери перевод "устойчивость""
w8_l3,w8_l3_v10_mc_answer,translate,27,"Թարգմանիր՝ "կայունություն"","Translate: "կայունություն"","Переведи: "կայունություն""
w8_l3,w8_l3_v10_mc_prompt,translate,31,"Թարգմանիր՝ "քամու էներգիա"","Translate: "քամու էներգիա"","Переведи: "քամու էներգիա""
w8_l3,w8_l3_v10_tr_answer,multiple_choice,32,"Ընտրիր "ածխածնի հետք"-ի թարգմանությունը","Choose the meaning of "carbon footprint"","Выбери перевод "углеродный след""
w8_l3,w8_l3_v10_tr_prompt,multiple_choice,36,"Ընտրիր "վերականգնվող"-ի թարգմանությունը","Choose the meaning of "renewable"","Выбери перевод "возобновляемый""
w8_l3,w8_l3_v11,translate,37,"Թարգմանիր՝ "վերականգնվող"","Translate: "վերականգնվող"","Переведи: "վերականգնվող""
w8_l3,w8_l3_v11_mc_answer,multiple_choice,38,"Ընտրիր "վնասակար"-ի թարգմանությունը","Choose the meaning of "harmful"","Выбери перевод "вредный""
w8_l3,w8_l3_v11_mc_prompt,multiple_choice,42,"Ընտրիր "փրկել"-ի թարգմանությունը","Choose the meaning of "to save"","Выбери перевод "спасать""
w8_l3,w8_l3_v11_tr_answer,translate,43,"Թարգմանիր՝ "փրկել"","Translate: "փրկել"","Переведи: "փրկել""
w8_l3,w8_l3_v11_tr_prompt,translate,47,"Թարգմանիր՝ "վերաօգտագործել"","Translate: "վերաօգտագործել"","Переведи: "վերաօգտագործել""
w8_l3,w8_l3_v12,multiple_choice,48,"Ընտրիր "տնկել"-ի թարգմանությունը","Choose the meaning of "to plant"","Выбери перевод "сажать""
w8_l3,w8_l3_v12_mc_answer,translate,49,"Թարգմանիր՝ "տնկել"","Translate: "տնկել"","Переведи: "տնկել""
w8_l4,w8_l4_match_prompt,translate,3,"Թարգմանիր՝ "շրջակա միջավայր"","Translate: "շրջակա միջավայր"","Переведи: "շրջակա միջավայր""
w8_l4,w8_l4_v0,multiple_choice,4,"Ընտրիր "կլիմա"-ի թարգմանությունը","Choose the meaning of "climate"","Выбери перевод "климат""
w8_l4,w8_l4_v0_mc_answer,translate,5,"Թարգմանիր՝ "կլիմա"","Translate: "կլիմա"","Переведи: "կլիմա""
w8_l4,w8_l4_v0_mc_prompt,translate,9,"Թարգմանիր՝ "աղտոտում"","Translate: "աղտոտում"","Переведи: "աղտոտում""
w8_l4,w8_l4_v0_tr_answer,multiple_choice,10,"Ընտրիր "թափոններ"-ի թարգմանությունը","Choose the meaning of "waste"","Выбери перевод "отходы""
w8_l4,w8_l4_v0_tr_prompt,multiple_choice,14,"Ընտրիր "վերամշակում"-ի թարգմանությունը","Choose the meaning of "recycling"","Выбери перевод "переработка""
w8_l4,w8_l4_v1,translate,15,"Թարգմանիր՝ "վերամշակում"","Translate: "վերամշակում"","Переведи: "վերամշակում""
w8_l4,w8_l4_v1_mc_answer,multiple_choice,16,"Ընտրիր "անտառահատում"-ի թարգմանությունը","Choose the meaning of "deforestation"","Выбери перевод "вырубка лесов""
w8_l4,w8_l4_v1_mc_prompt,multiple_choice,20,"Ընտրիր "վտանգված տեսակ"-ի թարգմանությունը","Choose the meaning of "endangered species"","Выбери перевод "вымирающий вид""
w8_l4,w8_l4_v1_tr_answer,translate,21,"Թարգմանիր՝ "վտանգված տեսակ"","Translate: "վտանգված տեսակ"","Переведи: "վտանգված տեսակ""
w8_l4,w8_l4_v1_tr_prompt,translate,25,"Թարգմանիր՝ "էկոհամակարգ"","Translate: "էկոհամակարգ"","Переведи: "էկոհամակարգ""
w8_l4,w8_l4_v10,multiple_choice,26,"Ընտրիր "կայունություն"-ի թարգմանությունը","Choose the meaning of "sustainability"","Выбери перевод "устойчивость""
w8_l4,w8_l4_v10_mc_answer,translate,27,"Թարգմանիր՝ "կայունություն"","Translate: "կայունություն"","Переведи: "կայունություն""
w8_l4,w8_l4_v10_mc_prompt,translate,31,"Թարգմանիր՝ "քամու էներգիա"","Translate: "քամու էներգիա"","Переведи: "քամու էներգիա""
w8_l4,w8_l4_v10_tr_answer,multiple_choice,32,"Ընտրիր "ածխածնի հետք"-ի թարգմանությունը","Choose the meaning of "carbon footprint"","Выбери перевод "углеродный след""
w8_l4,w8_l4_v10_tr_prompt,multiple_choice,36,"Ընտրիր "վերականգնվող"-ի թարգմանությունը","Choose the meaning of "renewable"","Выбери перевод "возобновляемый""
w8_l4,w8_l4_v11,translate,37,"Թարգմանիր՝ "վերականգնվող"","Translate: "վերականգնվող"","Переведи: "վերականգնվող""
w8_l4,w8_l4_v11_mc_answer,multiple_choice,38,"Ընտրիր "վնասակար"-ի թարգմանությունը","Choose the meaning of "harmful"","Выбери перевод "вредный""
w8_l4,w8_l4_v11_mc_prompt,multiple_choice,42,"Ընտրիր "փրկել"-ի թարգմանությունը","Choose the meaning of "to save"","Выбери перевод "спасать""
w8_l4,w8_l4_v11_tr_answer,translate,43,"Թարգմանիր՝ "փրկել"","Translate: "փրկել"","Переведи: "փրկել""
w8_l4,w8_l4_v11_tr_prompt,translate,47,"Թարգմանիր՝ "վերաօգտագործել"","Translate: "վերաօգտագործել"","Переведи: "վերաօգտագործել""
w8_l4,w8_l4_v12,multiple_choice,48,"Ընտրիր "տնկել"-ի թարգմանությունը","Choose the meaning of "to plant"","Выбери перевод "сажать""
w8_l4,w8_l4_v12_mc_answer,translate,49,"Թարգմանիր՝ "տնկել"","Translate: "տնկել"","Переведи: "տնկել""
w8_l5,w8_l5_match_prompt,translate,3,"Թարգմանիր՝ "շրջակա միջավայր"","Translate: "շրջակա միջավայր"","Переведи: "շրջակա միջավայր""
w8_l5,w8_l5_v0,multiple_choice,4,"Ընտրիր "կլիմա"-ի թարգմանությունը","Choose the meaning of "climate"","Выбери перевод "климат""
w8_l5,w8_l5_v0_mc_answer,translate,5,"Թարգմանիր՝ "կլիմա"","Translate: "կլիմա"","Переведи: "կլիմա""
w8_l5,w8_l5_v0_mc_prompt,translate,9,"Թարգմանիր՝ "աղտոտում"","Translate: "աղտոտում"","Переведи: "աղտոտում""
w8_l5,w8_l5_v0_tr_answer,multiple_choice,10,"Ընտրիր "թափոններ"-ի թարգմանությունը","Choose the meaning of "waste"","Выбери перевод "отходы""
w8_l5,w8_l5_v0_tr_prompt,multiple_choice,14,"Ընտրիր "վերամշակում"-ի թարգմանությունը","Choose the meaning of "recycling"","Выбери перевод "переработка""
w8_l5,w8_l5_v1,translate,15,"Թարգմանիր՝ "վերամշակում"","Translate: "վերամշակում"","Переведи: "վերամշակում""
w8_l5,w8_l5_v1_mc_answer,multiple_choice,16,"Ընտրիր "անտառահատում"-ի թարգմանությունը","Choose the meaning of "deforestation"","Выбери перевод "вырубка лесов""
w8_l5,w8_l5_v1_mc_prompt,multiple_choice,20,"Ընտրիր "վտանգված տեսակ"-ի թարգմանությունը","Choose the meaning of "endangered species"","Выбери перевод "вымирающий вид""
w8_l5,w8_l5_v1_tr_answer,translate,21,"Թարգմանիր՝ "վտանգված տեսակ"","Translate: "վտանգված տեսակ"","Переведи: "վտանգված տեսակ""
w8_l5,w8_l5_v1_tr_prompt,translate,25,"Թարգմանիր՝ "էկոհամակարգ"","Translate: "էկոհամակարգ"","Переведи: "էկոհամակարգ""
w8_l5,w8_l5_v10,multiple_choice,26,"Ընտրիր "կայունություն"-ի թարգմանությունը","Choose the meaning of "sustainability"","Выбери перевод "устойчивость""
w8_l5,w8_l5_v10_mc_answer,translate,27,"Թարգմանիր՝ "կայունություն"","Translate: "կայունություն"","Переведи: "կայունություն""
w8_l5,w8_l5_v10_mc_prompt,translate,31,"Թարգմանիր՝ "քամու էներգիա"","Translate: "քամու էներգիա"","Переведи: "քամու էներգիա""
w8_l5,w8_l5_v10_tr_answer,multiple_choice,32,"Ընտրիր "ածխածնի հետք"-ի թարգմանությունը","Choose the meaning of "carbon footprint"","Выбери перевод "углеродный след""
w8_l5,w8_l5_v10_tr_prompt,multiple_choice,36,"Ընտրիր "վերականգնվող"-ի թարգմանությունը","Choose the meaning of "renewable"","Выбери перевод "возобновляемый""
w8_l5,w8_l5_v11,translate,37,"Թարգմանիր՝ "վերականգնվող"","Translate: "վերականգնվող"","Переведи: "վերականգնվող""
w8_l5,w8_l5_v11_mc_answer,multiple_choice,38,"Ընտրիր "վնասակար"-ի թարգմանությունը","Choose the meaning of "harmful"","Выбери перевод "вредный""
w8_l5,w8_l5_v11_mc_prompt,multiple_choice,42,"Ընտրիր "փրկել"-ի թարգմանությունը","Choose the meaning of "to save"","Выбери перевод "спасать""
w8_l5,w8_l5_v11_tr_answer,translate,43,"Թարգմանիր՝ "փրկել"","Translate: "փրկել"","Переведи: "փրկել""
w8_l5,w8_l5_v11_tr_prompt,translate,47,"Թարգմանիր՝ "վերաօգտագործել"","Translate: "վերաօգտագործել"","Переведи: "վերաօգտագործել""
w8_l5,w8_l5_v12,multiple_choice,48,"Ընտրիր "տնկել"-ի թարգմանությունը","Choose the meaning of "to plant"","Выбери перевод "сажать""
w8_l5,w8_l5_v12_mc_answer,translate,49,"Թարգմանիր՝ "տնկել"","Translate: "տնկել"","Переведи: "տնկել""
w8_l6,w8_l6_match_prompt,translate,3,"Թարգմանիր՝ "շրջակա միջավայր"","Translate: "շրջակա միջավայր"","Переведи: "շրջակա միջավայր""
w8_l6,w8_l6_v0,multiple_choice,4,"Ընտրիր "կլիմա"-ի թարգմանությունը","Choose the meaning of "climate"","Выбери перевод "климат""
w8_l6,w8_l6_v0_mc_answer,translate,5,"Թարգմանիր՝ "կլիմա"","Translate: "կլիմա"","Переведи: "կլիմա""
w8_l6,w8_l6_v0_mc_prompt,translate,9,"Թարգմանիր՝ "աղտոտում"","Translate: "աղտոտում"","Переведи: "աղտոտում""
w8_l6,w8_l6_v0_tr_answer,multiple_choice,10,"Ընտրիր "թափոններ"-ի թարգմանությունը","Choose the meaning of "waste"","Выбери перевод "отходы""
w8_l6,w8_l6_v0_tr_prompt,multiple_choice,14,"Ընտրիր "վերամշակում"-ի թարգմանությունը","Choose the meaning of "recycling"","Выбери перевод "переработка""
w8_l6,w8_l6_v1,translate,15,"Թարգմանիր՝ "վերամշակում"","Translate: "վերամշակում"","Переведи: "վերամշակում""
w8_l6,w8_l6_v1_mc_answer,multiple_choice,16,"Ընտրիր "անտառահատում"-ի թարգմանությունը","Choose the meaning of "deforestation"","Выбери перевод "вырубка лесов""
w8_l6,w8_l6_v1_mc_prompt,multiple_choice,20,"Ընտրիր "վտանգված տեսակ"-ի թարգմանությունը","Choose the meaning of "endangered species"","Выбери перевод "вымирающий вид""
w8_l6,w8_l6_v1_tr_answer,translate,21,"Թարգմանիր՝ "վտանգված տեսակ"","Translate: "վտանգված տեսակ"","Переведи: "վտանգված տեսակ""
w8_l6,w8_l6_v1_tr_prompt,translate,25,"Թարգմանիր՝ "էկոհամակարգ"","Translate: "էկոհամակարգ"","Переведи: "էկոհամակարգ""
w8_l6,w8_l6_v10,multiple_choice,26,"Ընտրիր "կայունություն"-ի թարգմանությունը","Choose the meaning of "sustainability"","Выбери перевод "устойчивость""
w8_l6,w8_l6_v10_mc_answer,translate,27,"Թարգմանիր՝ "կայունություն"","Translate: "կայունություն"","Переведи: "կայունություն""
w8_l6,w8_l6_v10_mc_prompt,translate,31,"Թարգմանիր՝ "քամու էներգիա"","Translate: "քամու էներգիա"","Переведи: "քամու էներգիա""
w8_l6,w8_l6_v10_tr_answer,multiple_choice,32,"Ընտրիր "ածխածնի հետք"-ի թարգմանությունը","Choose the meaning of "carbon footprint"","Выбери перевод "углеродный след""
w8_l6,w8_l6_v10_tr_prompt,multiple_choice,36,"Ընտրիր "վերականգնվող"-ի թարգմանությունը","Choose the meaning of "renewable"","Выбери перевод "возобновляемый""
w8_l6,w8_l6_v11,translate,37,"Թարգմանիր՝ "վերականգնվող"","Translate: "վերականգնվող"","Переведи: "վերականգնվող""
w8_l6,w8_l6_v11_mc_answer,multiple_choice,38,"Ընտրիր "վնասակար"-ի թարգմանությունը","Choose the meaning of "harmful"","Выбери перевод "вредный""
w8_l6,w8_l6_v11_mc_prompt,multiple_choice,42,"Ընտրիր "փրկել"-ի թարգմանությունը","Choose the meaning of "to save"","Выбери перевод "спасать""
w8_l6,w8_l6_v11_tr_answer,translate,43,"Թարգմանիր՝ "փրկել"","Translate: "փրկել"","Переведи: "փրկել""
w8_l6,w8_l6_v11_tr_prompt,translate,47,"Թարգմանիր՝ "վերաօգտագործել"","Translate: "վերաօգտագործել"","Переведи: "վերաօգտագործել""
w8_l6,w8_l6_v12,multiple_choice,48,"Ընտրիր "տնկել"-ի թարգմանությունը","Choose the meaning of "to plant"","Выбери перевод "сажать""
w8_l6,w8_l6_v12_mc_answer,translate,49,"Թարգմանիր՝ "տնկել"","Translate: "տնկել"","Переведи: "տնկել""
w8_l7,w8_l7_match_prompt,translate,3,"Թարգմանիր՝ "շրջակա միջավայր"","Translate: "շրջակա միջավայր"","Переведи: "շրջակա միջավայր""
w8_l7,w8_l7_v0,multiple_choice,4,"Ընտրիր "կլիմա"-ի թարգմանությունը","Choose the meaning of "climate"","Выбери перевод "климат""
w8_l7,w8_l7_v0_mc_answer,translate,5,"Թարգմանիր՝ "կլիմա"","Translate: "կլիմա"","Переведи: "կլիմա""
w8_l7,w8_l7_v0_mc_prompt,translate,9,"Թարգմանիր՝ "աղտոտում"","Translate: "աղտոտում"","Переведи: "աղտոտում""
w8_l7,w8_l7_v0_tr_answer,multiple_choice,10,"Ընտրիր "թափոններ"-ի թարգմանությունը","Choose the meaning of "waste"","Выбери перевод "отходы""
w8_l7,w8_l7_v0_tr_prompt,multiple_choice,14,"Ընտրիր "վերամշակում"-ի թարգմանությունը","Choose the meaning of "recycling"","Выбери перевод "переработка""
w8_l7,w8_l7_v1,translate,15,"Թարգմանիր՝ "վերամշակում"","Translate: "վերամշակում"","Переведи: "վերամշակում""
w8_l7,w8_l7_v1_mc_answer,multiple_choice,16,"Ընտրիր "անտառահատում"-ի թարգմանությունը","Choose the meaning of "deforestation"","Выбери перевод "вырубка лесов""
w8_l7,w8_l7_v1_mc_prompt,multiple_choice,20,"Ընտրիր "վտանգված տեսակ"-ի թարգմանությունը","Choose the meaning of "endangered species"","Выбери перевод "вымирающий вид""
w8_l7,w8_l7_v1_tr_answer,translate,21,"Թարգմանիր՝ "վտանգված տեսակ"","Translate: "վտանգված տեսակ"","Переведи: "վտանգված տեսակ""
w8_l7,w8_l7_v1_tr_prompt,translate,25,"Թարգմանիր՝ "էկոհամակարգ"","Translate: "էկոհամակարգ"","Переведи: "էկոհամակարգ""
w8_l7,w8_l7_v10,multiple_choice,26,"Ընտրիր "կայունություն"-ի թարգմանությունը","Choose the meaning of "sustainability"","Выбери перевод "устойчивость""
w8_l7,w8_l7_v10_mc_answer,translate,27,"Թարգմանիր՝ "կայունություն"","Translate: "կայունություն"","Переведи: "կայունություն""
w8_l7,w8_l7_v10_mc_prompt,translate,31,"Թարգմանիր՝ "քամու էներգիա"","Translate: "քամու էներգիա"","Переведи: "քամու էներգիա""
w8_l7,w8_l7_v10_tr_answer,multiple_choice,32,"Ընտրիր "ածխածնի հետք"-ի թարգմանությունը","Choose the meaning of "carbon footprint"","Выбери перевод "углеродный след""
w8_l7,w8_l7_v10_tr_prompt,multiple_choice,36,"Ընտրիր "վերականգնվող"-ի թարգմանությունը","Choose the meaning of "renewable"","Выбери перевод "возобновляемый""
w8_l7,w8_l7_v11,translate,37,"Թարգմանիր՝ "վերականգնվող"","Translate: "վերականգնվող"","Переведи: "վերականգնվող""
w8_l7,w8_l7_v11_mc_answer,multiple_choice,38,"Ընտրիր "վնասակար"-ի թարգմանությունը","Choose the meaning of "harmful"","Выбери перевод "вредный""
w8_l7,w8_l7_v11_mc_prompt,multiple_choice,42,"Ընտրիր "փրկել"-ի թարգմանությունը","Choose the meaning of "to save"","Выбери перевод "спасать""
w8_l7,w8_l7_v11_tr_answer,translate,43,"Թարգմանիր՝ "փրկել"","Translate: "փրկել"","Переведи: "փրկել""
w8_l7,w8_l7_v11_tr_prompt,translate,47,"Թարգմանիր՝ "վերաօգտագործել"","Translate: "վերաօգտագործել"","Переведи: "վերաօգտագործել""
w8_l7,w8_l7_v12,multiple_choice,48,"Ընտրիր "տնկել"-ի թարգմանությունը","Choose the meaning of "to plant"","Выбери перевод "сажать""
w8_l7,w8_l7_v12_mc_answer,translate,49,"Թարգմանիր՝ "տնկել"","Translate: "տնկել"","Переведи: "տնկել""
w8_l8,w8_l8_match_prompt,translate,3,"Թարգմանիր՝ "շրջակա միջավայր"","Translate: "շրջակա միջավայր"","Переведи: "շրջակա միջավայր""
w8_l8,w8_l8_v0,multiple_choice,4,"Ընտրիր "կլիմա"-ի թարգմանությունը","Choose the meaning of "climate"","Выбери перевод "климат""
w8_l8,w8_l8_v0_mc_answer,translate,5,"Թարգմանիր՝ "կլիմա"","Translate: "կլիմա"","Переведи: "կլիմա""
w8_l8,w8_l8_v0_mc_prompt,translate,9,"Թարգմանիր՝ "աղտոտում"","Translate: "աղտոտում"","Переведи: "աղտոտում""
w8_l8,w8_l8_v0_tr_answer,multiple_choice,10,"Ընտրիր "թափոններ"-ի թարգմանությունը","Choose the meaning of "waste"","Выбери перевод "отходы""
w8_l8,w8_l8_v0_tr_prompt,multiple_choice,14,"Ընտրիր "վերամշակում"-ի թարգմանությունը","Choose the meaning of "recycling"","Выбери перевод "переработка""
w8_l8,w8_l8_v1,translate,15,"Թարգմանիր՝ "վերամշակում"","Translate: "վերամշակում"","Переведи: "վերամշակում""
w8_l8,w8_l8_v1_mc_answer,multiple_choice,16,"Ընտրիր "անտառահատում"-ի թարգմանությունը","Choose the meaning of "deforestation"","Выбери перевод "вырубка лесов""
w8_l8,w8_l8_v1_mc_prompt,multiple_choice,20,"Ընտրիր "վտանգված տեսակ"-ի թարգմանությունը","Choose the meaning of "endangered species"","Выбери перевод "вымирающий вид""
w8_l8,w8_l8_v1_tr_answer,translate,21,"Թարգմանիր՝ "վտանգված տեսակ"","Translate: "վտանգված տեսակ"","Переведи: "վտանգված տեսակ""
w8_l8,w8_l8_v1_tr_prompt,translate,25,"Թարգմանիր՝ "էկոհամակարգ"","Translate: "էկոհամակարգ"","Переведи: "էկոհամակարգ""
w8_l8,w8_l8_v10,multiple_choice,26,"Ընտրիր "կայունություն"-ի թարգմանությունը","Choose the meaning of "sustainability"","Выбери перевод "устойчивость""
w8_l8,w8_l8_v10_mc_answer,translate,27,"Թարգմանիր՝ "կայունություն"","Translate: "կայունություն"","Переведи: "կայունություն""
w8_l8,w8_l8_v10_mc_prompt,translate,31,"Թարգմանիր՝ "քամու էներգիա"","Translate: "քամու էներգիա"","Переведи: "քամու էներգիա""
w8_l8,w8_l8_v10_tr_answer,multiple_choice,32,"Ընտրիր "ածխածնի հետք"-ի թարգմանությունը","Choose the meaning of "carbon footprint"","Выбери перевод "углеродный след""
w8_l8,w8_l8_v10_tr_prompt,multiple_choice,36,"Ընտրիր "վերականգնվող"-ի թարգմանությունը","Choose the meaning of "renewable"","Выбери перевод "возобновляемый""
w8_l8,w8_l8_v11,translate,37,"Թարգմանիր՝ "վերականգնվող"","Translate: "վերականգնվող"","Переведи: "վերականգնվող""
w8_l8,w8_l8_v11_mc_answer,multiple_choice,38,"Ընտրիր "վնասակար"-ի թարգմանությունը","Choose the meaning of "harmful"","Выбери перевод "вредный""
w8_l8,w8_l8_v11_mc_prompt,multiple_choice,42,"Ընտրիր "փրկել"-ի թարգմանությունը","Choose the meaning of "to save"","Выбери перевод "спасать""
w8_l8,w8_l8_v11_tr_answer,translate,43,"Թարգմանիր՝ "փրկել"","Translate: "փրկել"","Переведи: "փրկել""
w8_l8,w8_l8_v11_tr_prompt,translate,47,"Թարգմանիր՝ "վերաօգտագործել"","Translate: "վերաօգտագործել"","Переведи: "վերաօգտագործել""
w8_l8,w8_l8_v12,multiple_choice,48,"Ընտրիր "տնկել"-ի թարգմանությունը","Choose the meaning of "to plant"","Выбери перевод "сажать""
w8_l8,w8_l8_v12_mc_answer,translate,49,"Թարգմանիր՝ "տնկել"","Translate: "տնկել"","Переведи: "տնկել""
w8_l9,w8_l9_match_prompt,translate,3,"Թարգմանիր՝ "շրջակա միջավայր"","Translate: "շրջակա միջավայր"","Переведи: "շրջակա միջավայր""
w8_l9,w8_l9_v0,multiple_choice,4,"Ընտրիր "կլիմա"-ի թարգմանությունը","Choose the meaning of "climate"","Выбери перевод "климат""
w8_l9,w8_l9_v0_mc_answer,translate,5,"Թարգմանիր՝ "կլիմա"","Translate: "կլիմա"","Переведи: "կլիմա""
w8_l9,w8_l9_v0_mc_prompt,translate,9,"Թարգմանիր՝ "աղտոտում"","Translate: "աղտոտում"","Переведи: "աղտոտում""
w8_l9,w8_l9_v0_tr_answer,multiple_choice,10,"Ընտրիր "թափոններ"-ի թարգմանությունը","Choose the meaning of "waste"","Выбери перевод "отходы""
w8_l9,w8_l9_v0_tr_prompt,multiple_choice,14,"Ընտրիր "վերամշակում"-ի թարգմանությունը","Choose the meaning of "recycling"","Выбери перевод "переработка""
w8_l9,w8_l9_v1,translate,15,"Թարգմանիր՝ "վերամշակում"","Translate: "վերամշակում"","Переведи: "վերամշակում""
w8_l9,w8_l9_v1_mc_answer,multiple_choice,16,"Ընտրիր "անտառահատում"-ի թարգմանությունը","Choose the meaning of "deforestation"","Выбери перевод "вырубка лесов""
w8_l9,w8_l9_v1_mc_prompt,multiple_choice,20,"Ընտրիր "վտանգված տեսակ"-ի թարգմանությունը","Choose the meaning of "endangered species"","Выбери перевод "вымирающий вид""
w8_l9,w8_l9_v1_tr_answer,translate,21,"Թարգմանիր՝ "վտանգված տեսակ"","Translate: "վտանգված տեսակ"","Переведи: "վտանգված տեսակ""
w8_l9,w8_l9_v1_tr_prompt,translate,25,"Թարգմանիր՝ "էկոհամակարգ"","Translate: "էկոհամակարգ"","Переведи: "էկոհամակարգ""
w8_l9,w8_l9_v10,multiple_choice,26,"Ընտրիր "կայունություն"-ի թարգմանությունը","Choose the meaning of "sustainability"","Выбери перевод "устойчивость""
w8_l9,w8_l9_v10_mc_answer,translate,27,"Թարգմանիր՝ "կայունություն"","Translate: "կայունություն"","Переведи: "կայունություն""
w8_l9,w8_l9_v10_mc_prompt,translate,31,"Թարգմանիր՝ "քամու էներգիա"","Translate: "քամու էներգիա"","Переведи: "քամու էներգիա""
w8_l9,w8_l9_v10_tr_answer,multiple_choice,32,"Ընտրիր "ածխածնի հետք"-ի թարգմանությունը","Choose the meaning of "carbon footprint"","Выбери перевод "углеродный след""
w8_l9,w8_l9_v10_tr_prompt,multiple_choice,36,"Ընտրիր "վերականգնվող"-ի թարգմանությունը","Choose the meaning of "renewable"","Выбери перевод "возобновляемый""
w8_l9,w8_l9_v11,translate,37,"Թարգմանիր՝ "վերականգնվող"","Translate: "վերականգնվող"","Переведи: "վերականգնվող""
w8_l9,w8_l9_v11_mc_answer,multiple_choice,38,"Ընտրիր "վնասակար"-ի թարգմանությունը","Choose the meaning of "harmful"","Выбери перевод "вредный""
w8_l9,w8_l9_v11_mc_prompt,multiple_choice,42,"Ընտրիր "փրկել"-ի թարգմանությունը","Choose the meaning of "to save"","Выбери перевод "спасать""
w8_l9,w8_l9_v11_tr_answer,translate,43,"Թարգմանիր՝ "փրկել"","Translate: "փրկել"","Переведи: "փրկել""
w8_l9,w8_l9_v11_tr_prompt,translate,47,"Թարգմանիր՝ "վերաօգտագործել"","Translate: "վերաօգտագործել"","Переведи: "վերաօգտագործել""
w8_l9,w8_l9_v12,multiple_choice,48,"Ընտրիր "տնկել"-ի թարգմանությունը","Choose the meaning of "to plant"","Выбери перевод "сажать""
w8_l9,w8_l9_v12_mc_answer,translate,49,"Թարգմանիր՝ "տնկել"","Translate: "տնկել"","Переведи: "տնկել""
w9_l1,w9_l1_match_prompt,translate,3,"Թարգմանիր՝ "ընկերություն"","Translate: "ընկերություն"","Переведи: "ընկերություն""
w9_l1,w9_l1_v0,multiple_choice,4,"Ընտրիր "հաճախորդ"-ի թարգմանությունը","Choose the meaning of "client"","Выбери перевод "клиент""
w9_l1,w9_l1_v0_mc_answer,translate,5,"Թարգմանիր՝ "հաճախորդ"","Translate: "հաճախորդ"","Переведи: "հաճախորդ""
w9_l1,w9_l1_v0_mc_prompt,translate,9,"Թարգմանիր՝ "շահույթ"","Translate: "շահույթ"","Переведи: "շահույթ""
w9_l1,w9_l1_v0_tr_answer,multiple_choice,10,"Ընտրիր "ծախս"-ի թարգմանությունը","Choose the meaning of "expense"","Выбери перевод "расход""
w9_l1,w9_l1_v0_tr_prompt,multiple_choice,14,"Ընտրիր "ավանդ"-ի թարգմանությունը","Choose the meaning of "deposit"","Выбери перевод "депозит""
w9_l1,w9_l1_v1,translate,15,"Թարգմանիր՝ "ավանդ"","Translate: "ավանդ"","Переведи: "ավանդ""
w9_l1,w9_l1_v1_mc_answer,multiple_choice,16,"Ընտրիր "հաշիվ"-ի թարգմանությունը","Choose the meaning of "account"","Выбери перевод "счёт""
w9_l1,w9_l1_v1_mc_prompt,multiple_choice,20,"Ընտրիր "աշխատավարձ"-ի թարգմանությունը","Choose the meaning of "salary"","Выбери перевод "зарплата""
w9_l1,w9_l1_v1_tr_answer,translate,21,"Թարգմանիր՝ "աշխատավարձ"","Translate: "աշխատավարձ"","Переведи: "աշխատավարձ""
w9_l1,w9_l1_v1_tr_prompt,translate,25,"Թարգմանիր՝ "պայմանագիր"","Translate: "պայմանագիր"","Переведи: "պայմանագիր""
w9_l1,w9_l1_v10,multiple_choice,26,"Ընտրիր "կնիք"-ի թարգմանությունը","Choose the meaning of "stamp"","Выбери перевод "печать""
w9_l1,w9_l1_v10_mc_answer,translate,27,"Թարգմանիր՝ "կնիք"","Translate: "կնիք"","Переведи: "կնիք""
w9_l1,w9_l1_v10_mc_prompt,translate,31,"Թարգմանիր՝ "հանդիպում"","Translate: "հանդիպում"","Переведи: "հանդիպում""
w9_l1,w9_l1_v10_tr_answer,multiple_choice,32,"Ընտրիր "ներկայացում"-ի թարգմանությունը","Choose the meaning of "presentation"","Выбери перевод "презентация""
w9_l1,w9_l1_v10_tr_prompt,multiple_choice,36,"Ընտրիր "գովազդ"-ի թարգմանությունը","Choose the meaning of "advertising"","Выбери перевод "реклама""
w9_l1,w9_l1_v11,translate,37,"Թարգմանիր՝ "գովազդ"","Translate: "գովազդ"","Переведи: "գովազդ""
w9_l1,w9_l1_v11_mc_answer,multiple_choice,38,"Ընտրիր "ապրանք"-ի թարգմանությունը","Choose the meaning of "product"","Выбери перевод "товар""
w9_l1,w9_l1_v11_mc_prompt,multiple_choice,42,"Ընտրիր "մենեջեր"-ի թարգմանությունը","Choose the meaning of "manager"","Выбери перевод "менеджер""
w9_l1,w9_l1_v11_tr_answer,translate,43,"Թարգմանիր՝ "մենեջեր"","Translate: "մենեջեր"","Переведи: "մենեջեր""
w9_l1,w9_l1_v11_tr_prompt,translate,47,"Թարգմանիր՝ "բաժնետեր"","Translate: "բաժնետեր"","Переведи: "բաժնետեր""
w9_l1,w9_l1_v12,multiple_choice,48,"Ընտրիր "ներդրում"-ի թարգմանությունը","Choose the meaning of "investment"","Выбери перевод "инвестиция""
w9_l1,w9_l1_v12_mc_answer,translate,49,"Թարգմանիր՝ "ներդրում"","Translate: "ներդրում"","Переведи: "ներդրում""
w9_l10,w9_l10_match_prompt,translate,3,"Թարգմանիր՝ "ընկերություն"","Translate: "ընկերություն"","Переведи: "ընկերություն""
w9_l10,w9_l10_v0,multiple_choice,4,"Ընտրիր "հաճախորդ"-ի թարգմանությունը","Choose the meaning of "client"","Выбери перевод "клиент""
w9_l10,w9_l10_v0_mc_answer,translate,5,"Թարգմանիր՝ "հաճախորդ"","Translate: "հաճախորդ"","Переведи: "հաճախորդ""
w9_l10,w9_l10_v0_mc_prompt,translate,9,"Թարգմանիր՝ "շահույթ"","Translate: "շահույթ"","Переведи: "շահույթ""
w9_l10,w9_l10_v0_tr_answer,multiple_choice,10,"Ընտրիր "ծախս"-ի թարգմանությունը","Choose the meaning of "expense"","Выбери перевод "расход""
w9_l10,w9_l10_v0_tr_prompt,multiple_choice,14,"Ընտրիր "ավանդ"-ի թարգմանությունը","Choose the meaning of "deposit"","Выбери перевод "депозит""
w9_l10,w9_l10_v1,translate,15,"Թարգմանիր՝ "ավանդ"","Translate: "ավանդ"","Переведи: "ավանդ""
w9_l10,w9_l10_v1_mc_answer,multiple_choice,16,"Ընտրիր "հաշիվ"-ի թարգմանությունը","Choose the meaning of "account"","Выбери перевод "счёт""
w9_l10,w9_l10_v1_mc_prompt,multiple_choice,20,"Ընտրիր "աշխատավարձ"-ի թարգմանությունը","Choose the meaning of "salary"","Выбери перевод "зарплата""
w9_l10,w9_l10_v1_tr_answer,translate,21,"Թարգմանիր՝ "աշխատավարձ"","Translate: "աշխատավարձ"","Переведи: "աշխատավարձ""
w9_l10,w9_l10_v1_tr_prompt,translate,25,"Թարգմանիր՝ "պայմանագիր"","Translate: "պայմանագիր"","Переведи: "պայմանագիր""
w9_l10,w9_l10_v10,multiple_choice,26,"Ընտրիր "կնիք"-ի թարգմանությունը","Choose the meaning of "stamp"","Выбери перевод "печать""
w9_l10,w9_l10_v10_mc_answer,translate,27,"Թարգմանիր՝ "կնիք"","Translate: "կնիք"","Переведи: "կնիք""
w9_l10,w9_l10_v10_mc_prompt,translate,31,"Թարգմանիր՝ "հանդիպում"","Translate: "հանդիպում"","Переведи: "հանդիպում""
w9_l10,w9_l10_v10_tr_answer,multiple_choice,32,"Ընտրիր "ներկայացում"-ի թարգմանությունը","Choose the meaning of "presentation"","Выбери перевод "презентация""
w9_l10,w9_l10_v10_tr_prompt,multiple_choice,36,"Ընտրիր "գովազդ"-ի թարգմանությունը","Choose the meaning of "advertising"","Выбери перевод "реклама""
w9_l10,w9_l10_v11,translate,37,"Թարգմանիր՝ "գովազդ"","Translate: "գովազդ"","Переведи: "գովազդ""
w9_l10,w9_l10_v11_mc_answer,multiple_choice,38,"Ընտրիր "ապրանք"-ի թարգմանությունը","Choose the meaning of "product"","Выбери перевод "товар""
w9_l10,w9_l10_v11_mc_prompt,multiple_choice,42,"Ընտրիր "մենեջեր"-ի թարգմանությունը","Choose the meaning of "manager"","Выбери перевод "менеджер""
w9_l10,w9_l10_v11_tr_answer,translate,43,"Թարգմանիր՝ "մենեջեր"","Translate: "մենեջեր"","Переведи: "մենեջեր""
w9_l10,w9_l10_v11_tr_prompt,translate,47,"Թարգմանիր՝ "բաժնետեր"","Translate: "բաժնետեր"","Переведи: "բաժնետեր""
w9_l10,w9_l10_v12,multiple_choice,48,"Ընտրիր "ներդրում"-ի թարգմանությունը","Choose the meaning of "investment"","Выбери перевод "инвестиция""
w9_l10,w9_l10_v12_mc_answer,translate,49,"Թարգմանիր՝ "ներդրում"","Translate: "ներդրում"","Переведи: "ներդրում""
w9_l2,w9_l2_match_prompt,translate,3,"Թարգմանիր՝ "ընկերություն"","Translate: "ընկերություն"","Переведи: "ընկերություն""
w9_l2,w9_l2_v0,multiple_choice,4,"Ընտրիր "հաճախորդ"-ի թարգմանությունը","Choose the meaning of "client"","Выбери перевод "клиент""
w9_l2,w9_l2_v0_mc_answer,translate,5,"Թարգմանիր՝ "հաճախորդ"","Translate: "հաճախորդ"","Переведи: "հաճախորդ""
w9_l2,w9_l2_v0_mc_prompt,translate,9,"Թարգմանիր՝ "շահույթ"","Translate: "շահույթ"","Переведи: "շահույթ""
w9_l2,w9_l2_v0_tr_answer,multiple_choice,10,"Ընտրիր "ծախս"-ի թարգմանությունը","Choose the meaning of "expense"","Выбери перевод "расход""
w9_l2,w9_l2_v0_tr_prompt,multiple_choice,14,"Ընտրիր "ավանդ"-ի թարգմանությունը","Choose the meaning of "deposit"","Выбери перевод "депозит""
w9_l2,w9_l2_v1,translate,15,"Թարգմանիր՝ "ավանդ"","Translate: "ավանդ"","Переведи: "ավանդ""
w9_l2,w9_l2_v1_mc_answer,multiple_choice,16,"Ընտրիր "հաշիվ"-ի թարգմանությունը","Choose the meaning of "account"","Выбери перевод "счёт""
w9_l2,w9_l2_v1_mc_prompt,multiple_choice,20,"Ընտրիր "աշխատավարձ"-ի թարգմանությունը","Choose the meaning of "salary"","Выбери перевод "зарплата""
w9_l2,w9_l2_v1_tr_answer,translate,21,"Թարգմանիր՝ "աշխատավարձ"","Translate: "աշխատավարձ"","Переведи: "աշխատավարձ""
w9_l2,w9_l2_v1_tr_prompt,translate,25,"Թարգմանիր՝ "պայմանագիր"","Translate: "պայմանագիր"","Переведи: "պայմանագիր""
w9_l2,w9_l2_v10,multiple_choice,26,"Ընտրիր "կնիք"-ի թարգմանությունը","Choose the meaning of "stamp"","Выбери перевод "печать""
w9_l2,w9_l2_v10_mc_answer,translate,27,"Թարգմանիր՝ "կնիք"","Translate: "կնիք"","Переведи: "կնիք""
w9_l2,w9_l2_v10_mc_prompt,translate,31,"Թարգմանիր՝ "հանդիպում"","Translate: "հանդիպում"","Переведи: "հանդիպում""
w9_l2,w9_l2_v10_tr_answer,multiple_choice,32,"Ընտրիր "ներկայացում"-ի թարգմանությունը","Choose the meaning of "presentation"","Выбери перевод "презентация""
w9_l2,w9_l2_v10_tr_prompt,multiple_choice,36,"Ընտրիր "գովազդ"-ի թարգմանությունը","Choose the meaning of "advertising"","Выбери перевод "реклама""
w9_l2,w9_l2_v11,translate,37,"Թարգմանիր՝ "գովազդ"","Translate: "գովազդ"","Переведи: "գովազդ""
w9_l2,w9_l2_v11_mc_answer,multiple_choice,38,"Ընտրիր "ապրանք"-ի թարգմանությունը","Choose the meaning of "product"","Выбери перевод "товар""
w9_l2,w9_l2_v11_mc_prompt,multiple_choice,42,"Ընտրիր "մենեջեր"-ի թարգմանությունը","Choose the meaning of "manager"","Выбери перевод "менеджер""
w9_l2,w9_l2_v11_tr_answer,translate,43,"Թարգմանիր՝ "մենեջեր"","Translate: "մենեջեր"","Переведи: "մենեջեր""
w9_l2,w9_l2_v11_tr_prompt,translate,47,"Թարգմանիր՝ "բաժնետեր"","Translate: "բաժնետեր"","Переведи: "բաժնետեր""
w9_l2,w9_l2_v12,multiple_choice,48,"Ընտրիր "ներդրում"-ի թարգմանությունը","Choose the meaning of "investment"","Выбери перевод "инвестиция""
w9_l2,w9_l2_v12_mc_answer,translate,49,"Թարգմանիր՝ "ներդրում"","Translate: "ներդրում"","Переведи: "ներդրում""
w9_l3,w9_l3_match_prompt,translate,3,"Թարգմանիր՝ "ընկերություն"","Translate: "ընկերություն"","Переведи: "ընկերություն""
w9_l3,w9_l3_v0,multiple_choice,4,"Ընտրիր "հաճախորդ"-ի թարգմանությունը","Choose the meaning of "client"","Выбери перевод "клиент""
w9_l3,w9_l3_v0_mc_answer,translate,5,"Թարգմանիր՝ "հաճախորդ"","Translate: "հաճախորդ"","Переведи: "հաճախորդ""
w9_l3,w9_l3_v0_mc_prompt,translate,9,"Թարգմանիր՝ "շահույթ"","Translate: "շահույթ"","Переведи: "շահույթ""
w9_l3,w9_l3_v0_tr_answer,multiple_choice,10,"Ընտրիր "ծախս"-ի թարգմանությունը","Choose the meaning of "expense"","Выбери перевод "расход""
w9_l3,w9_l3_v0_tr_prompt,multiple_choice,14,"Ընտրիր "ավանդ"-ի թարգմանությունը","Choose the meaning of "deposit"","Выбери перевод "депозит""
w9_l3,w9_l3_v1,translate,15,"Թարգմանիր՝ "ավանդ"","Translate: "ավանդ"","Переведи: "ավանդ""
w9_l3,w9_l3_v1_mc_answer,multiple_choice,16,"Ընտրիր "հաշիվ"-ի թարգմանությունը","Choose the meaning of "account"","Выбери перевод "счёт""
w9_l3,w9_l3_v1_mc_prompt,multiple_choice,20,"Ընտրիր "աշխատավարձ"-ի թարգմանությունը","Choose the meaning of "salary"","Выбери перевод "зарплата""
w9_l3,w9_l3_v1_tr_answer,translate,21,"Թարգմանիր՝ "աշխատավարձ"","Translate: "աշխատավարձ"","Переведи: "աշխատավարձ""
w9_l3,w9_l3_v1_tr_prompt,translate,25,"Թարգմանիր՝ "պայմանագիր"","Translate: "պայմանագիր"","Переведи: "պայմանագիր""
w9_l3,w9_l3_v10,multiple_choice,26,"Ընտրիր "կնիք"-ի թարգմանությունը","Choose the meaning of "stamp"","Выбери перевод "печать""
w9_l3,w9_l3_v10_mc_answer,translate,27,"Թարգմանիր՝ "կնիք"","Translate: "կնիք"","Переведи: "կնիք""
w9_l3,w9_l3_v10_mc_prompt,translate,31,"Թարգմանիր՝ "հանդիպում"","Translate: "հանդիպում"","Переведи: "հանդիպում""
w9_l3,w9_l3_v10_tr_answer,multiple_choice,32,"Ընտրիր "ներկայացում"-ի թարգմանությունը","Choose the meaning of "presentation"","Выбери перевод "презентация""
w9_l3,w9_l3_v10_tr_prompt,multiple_choice,36,"Ընտրիր "գովազդ"-ի թարգմանությունը","Choose the meaning of "advertising"","Выбери перевод "реклама""
w9_l3,w9_l3_v11,translate,37,"Թարգմանիր՝ "գովազդ"","Translate: "գովազդ"","Переведи: "գովազդ""
w9_l3,w9_l3_v11_mc_answer,multiple_choice,38,"Ընտրիր "ապրանք"-ի թարգմանությունը","Choose the meaning of "product"","Выбери перевод "товар""
w9_l3,w9_l3_v11_mc_prompt,multiple_choice,42,"Ընտրիր "մենեջեր"-ի թարգմանությունը","Choose the meaning of "manager"","Выбери перевод "менеджер""
w9_l3,w9_l3_v11_tr_answer,translate,43,"Թարգմանիր՝ "մենեջեր"","Translate: "մենեջեր"","Переведи: "մենեջեր""
w9_l3,w9_l3_v11_tr_prompt,translate,47,"Թարգմանիր՝ "բաժնետեր"","Translate: "բաժնետեր"","Переведи: "բաժնետեր""
w9_l3,w9_l3_v12,multiple_choice,48,"Ընտրիր "ներդրում"-ի թարգմանությունը","Choose the meaning of "investment"","Выбери перевод "инвестиция""
w9_l3,w9_l3_v12_mc_answer,translate,49,"Թարգմանիր՝ "ներդրում"","Translate: "ներդրում"","Переведи: "ներդրում""
w9_l4,w9_l4_match_prompt,translate,3,"Թարգմանիր՝ "ընկերություն"","Translate: "ընկերություն"","Переведи: "ընկերություն""
w9_l4,w9_l4_v0,multiple_choice,4,"Ընտրիր "հաճախորդ"-ի թարգմանությունը","Choose the meaning of "client"","Выбери перевод "клиент""
w9_l4,w9_l4_v0_mc_answer,translate,5,"Թարգմանիր՝ "հաճախորդ"","Translate: "հաճախորդ"","Переведи: "հաճախորդ""
w9_l4,w9_l4_v0_mc_prompt,translate,9,"Թարգմանիր՝ "շահույթ"","Translate: "շահույթ"","Переведи: "շահույթ""
w9_l4,w9_l4_v0_tr_answer,multiple_choice,10,"Ընտրիր "ծախս"-ի թարգմանությունը","Choose the meaning of "expense"","Выбери перевод "расход""
w9_l4,w9_l4_v0_tr_prompt,multiple_choice,14,"Ընտրիր "ավանդ"-ի թարգմանությունը","Choose the meaning of "deposit"","Выбери перевод "депозит""
w9_l4,w9_l4_v1,translate,15,"Թարգմանիր՝ "ավանդ"","Translate: "ավանդ"","Переведи: "ավանդ""
w9_l4,w9_l4_v1_mc_answer,multiple_choice,16,"Ընտրիր "հաշիվ"-ի թարգմանությունը","Choose the meaning of "account"","Выбери перевод "счёт""
w9_l4,w9_l4_v1_mc_prompt,multiple_choice,20,"Ընտրիր "աշխատավարձ"-ի թարգմանությունը","Choose the meaning of "salary"","Выбери перевод "зарплата""
w9_l4,w9_l4_v1_tr_answer,translate,21,"Թարգմանիր՝ "աշխատավարձ"","Translate: "աշխատավարձ"","Переведи: "աշխատավարձ""
w9_l4,w9_l4_v1_tr_prompt,translate,25,"Թարգմանիր՝ "պայմանագիր"","Translate: "պայմանագիր"","Переведи: "պայմանագիր""
w9_l4,w9_l4_v10,multiple_choice,26,"Ընտրիր "կնիք"-ի թարգմանությունը","Choose the meaning of "stamp"","Выбери перевод "печать""
w9_l4,w9_l4_v10_mc_answer,translate,27,"Թարգմանիր՝ "կնիք"","Translate: "կնիք"","Переведи: "կնիք""
w9_l4,w9_l4_v10_mc_prompt,translate,31,"Թարգմանիր՝ "հանդիպում"","Translate: "հանդիպում"","Переведи: "հանդիպում""
w9_l4,w9_l4_v10_tr_answer,multiple_choice,32,"Ընտրիր "ներկայացում"-ի թարգմանությունը","Choose the meaning of "presentation"","Выбери перевод "презентация""
w9_l4,w9_l4_v10_tr_prompt,multiple_choice,36,"Ընտրիր "գովազդ"-ի թարգմանությունը","Choose the meaning of "advertising"","Выбери перевод "реклама""
w9_l4,w9_l4_v11,translate,37,"Թարգմանիր՝ "գովազդ"","Translate: "գովազդ"","Переведи: "գովազդ""
w9_l4,w9_l4_v11_mc_answer,multiple_choice,38,"Ընտրիր "ապրանք"-ի թարգմանությունը","Choose the meaning of "product"","Выбери перевод "товар""
w9_l4,w9_l4_v11_mc_prompt,multiple_choice,42,"Ընտրիր "մենեջեր"-ի թարգմանությունը","Choose the meaning of "manager"","Выбери перевод "менеджер""
w9_l4,w9_l4_v11_tr_answer,translate,43,"Թարգմանիր՝ "մենեջեր"","Translate: "մենեջեր"","Переведи: "մենեջեր""
w9_l4,w9_l4_v11_tr_prompt,translate,47,"Թարգմանիր՝ "բաժնետեր"","Translate: "բաժնետեր"","Переведи: "բաժնետեր""
w9_l4,w9_l4_v12,multiple_choice,48,"Ընտրիր "ներդրում"-ի թարգմանությունը","Choose the meaning of "investment"","Выбери перевод "инвестиция""
w9_l4,w9_l4_v12_mc_answer,translate,49,"Թարգմանիր՝ "ներդրում"","Translate: "ներդրում"","Переведи: "ներդրում""
w9_l5,w9_l5_match_prompt,translate,3,"Թարգմանիր՝ "ընկերություն"","Translate: "ընկերություն"","Переведи: "ընկերություն""
w9_l5,w9_l5_v0,multiple_choice,4,"Ընտրիր "հաճախորդ"-ի թարգմանությունը","Choose the meaning of "client"","Выбери перевод "клиент""
w9_l5,w9_l5_v0_mc_answer,translate,5,"Թարգմանիր՝ "հաճախորդ"","Translate: "հաճախորդ"","Переведи: "հաճախորդ""
w9_l5,w9_l5_v0_mc_prompt,translate,9,"Թարգմանիր՝ "շահույթ"","Translate: "շահույթ"","Переведи: "շահույթ""
w9_l5,w9_l5_v0_tr_answer,multiple_choice,10,"Ընտրիր "ծախս"-ի թարգմանությունը","Choose the meaning of "expense"","Выбери перевод "расход""
w9_l5,w9_l5_v0_tr_prompt,multiple_choice,14,"Ընտրիր "ավանդ"-ի թարգմանությունը","Choose the meaning of "deposit"","Выбери перевод "депозит""
w9_l5,w9_l5_v1,translate,15,"Թարգմանիր՝ "ավանդ"","Translate: "ավանդ"","Переведи: "ավանդ""
w9_l5,w9_l5_v1_mc_answer,multiple_choice,16,"Ընտրիր "հաշիվ"-ի թարգմանությունը","Choose the meaning of "account"","Выбери перевод "счёт""
w9_l5,w9_l5_v1_mc_prompt,multiple_choice,20,"Ընտրիր "աշխատավարձ"-ի թարգմանությունը","Choose the meaning of "salary"","Выбери перевод "зарплата""
w9_l5,w9_l5_v1_tr_answer,translate,21,"Թարգմանիր՝ "աշխատավարձ"","Translate: "աշխատավարձ"","Переведи: "աշխատավարձ""
w9_l5,w9_l5_v1_tr_prompt,translate,25,"Թարգմանիր՝ "պայմանագիր"","Translate: "պայմանագիր"","Переведи: "պայմանագիր""
w9_l5,w9_l5_v10,multiple_choice,26,"Ընտրիր "կնիք"-ի թարգմանությունը","Choose the meaning of "stamp"","Выбери перевод "печать""
w9_l5,w9_l5_v10_mc_answer,translate,27,"Թարգմանիր՝ "կնիք"","Translate: "կնիք"","Переведи: "կնիք""
w9_l5,w9_l5_v10_mc_prompt,translate,31,"Թարգմանիր՝ "հանդիպում"","Translate: "հանդիպում"","Переведи: "հանդիպում""
w9_l5,w9_l5_v10_tr_answer,multiple_choice,32,"Ընտրիր "ներկայացում"-ի թարգմանությունը","Choose the meaning of "presentation"","Выбери перевод "презентация""
w9_l5,w9_l5_v10_tr_prompt,multiple_choice,36,"Ընտրիր "գովազդ"-ի թարգմանությունը","Choose the meaning of "advertising"","Выбери перевод "реклама""
w9_l5,w9_l5_v11,translate,37,"Թարգմանիր՝ "գովազդ"","Translate: "գովազդ"","Переведи: "գովազդ""
w9_l5,w9_l5_v11_mc_answer,multiple_choice,38,"Ընտրիր "ապրանք"-ի թարգմանությունը","Choose the meaning of "product"","Выбери перевод "товар""
w9_l5,w9_l5_v11_mc_prompt,multiple_choice,42,"Ընտրիր "մենեջեր"-ի թարգմանությունը","Choose the meaning of "manager"","Выбери перевод "менеджер""
w9_l5,w9_l5_v11_tr_answer,translate,43,"Թարգմանիր՝ "մենեջեր"","Translate: "մենեջեր"","Переведи: "մենեջեր""
w9_l5,w9_l5_v11_tr_prompt,translate,47,"Թարգմանիր՝ "բաժնետեր"","Translate: "բաժնետեր"","Переведи: "բաժնետեր""
w9_l5,w9_l5_v12,multiple_choice,48,"Ընտրիր "ներդրում"-ի թարգմանությունը","Choose the meaning of "investment"","Выбери перевод "инвестиция""
w9_l5,w9_l5_v12_mc_answer,translate,49,"Թարգմանիր՝ "ներդրում"","Translate: "ներդրում"","Переведи: "ներդրում""
w9_l6,w9_l6_match_prompt,translate,3,"Թարգմանիր՝ "ընկերություն"","Translate: "ընկերություն"","Переведи: "ընկերություն""
w9_l6,w9_l6_v0,multiple_choice,4,"Ընտրիր "հաճախորդ"-ի թարգմանությունը","Choose the meaning of "client"","Выбери перевод "клиент""
w9_l6,w9_l6_v0_mc_answer,translate,5,"Թարգմանիր՝ "հաճախորդ"","Translate: "հաճախորդ"","Переведи: "հաճախորդ""
w9_l6,w9_l6_v0_mc_prompt,translate,9,"Թարգմանիր՝ "շահույթ"","Translate: "շահույթ"","Переведи: "շահույթ""
w9_l6,w9_l6_v0_tr_answer,multiple_choice,10,"Ընտրիր "ծախս"-ի թարգմանությունը","Choose the meaning of "expense"","Выбери перевод "расход""
w9_l6,w9_l6_v0_tr_prompt,multiple_choice,14,"Ընտրիր "ավանդ"-ի թարգմանությունը","Choose the meaning of "deposit"","Выбери перевод "депозит""
w9_l6,w9_l6_v1,translate,15,"Թարգմանիր՝ "ավանդ"","Translate: "ավանդ"","Переведи: "ավանդ""
w9_l6,w9_l6_v1_mc_answer,multiple_choice,16,"Ընտրիր "հաշիվ"-ի թարգմանությունը","Choose the meaning of "account"","Выбери перевод "счёт""
w9_l6,w9_l6_v1_mc_prompt,multiple_choice,20,"Ընտրիր "աշխատավարձ"-ի թարգմանությունը","Choose the meaning of "salary"","Выбери перевод "зарплата""
w9_l6,w9_l6_v1_tr_answer,translate,21,"Թարգմանիր՝ "աշխատավարձ"","Translate: "աշխատավարձ"","Переведи: "աշխատավարձ""
w9_l6,w9_l6_v1_tr_prompt,translate,25,"Թարգմանիր՝ "պայմանագիր"","Translate: "պայմանագիր"","Переведи: "պայմանագիր""
w9_l6,w9_l6_v10,multiple_choice,26,"Ընտրիր "կնիք"-ի թարգմանությունը","Choose the meaning of "stamp"","Выбери перевод "печать""
w9_l6,w9_l6_v10_mc_answer,translate,27,"Թարգմանիր՝ "կնիք"","Translate: "կնիք"","Переведи: "կնիք""
w9_l6,w9_l6_v10_mc_prompt,translate,31,"Թարգմանիր՝ "հանդիպում"","Translate: "հանդիպում"","Переведи: "հանդիպում""
w9_l6,w9_l6_v10_tr_answer,multiple_choice,32,"Ընտրիր "ներկայացում"-ի թարգմանությունը","Choose the meaning of "presentation"","Выбери перевод "презентация""
w9_l6,w9_l6_v10_tr_prompt,multiple_choice,36,"Ընտրիր "գովազդ"-ի թարգմանությունը","Choose the meaning of "advertising"","Выбери перевод "реклама""
w9_l6,w9_l6_v11,translate,37,"Թարգմանիր՝ "գովազդ"","Translate: "գովազդ"","Переведи: "գովազդ""
w9_l6,w9_l6_v11_mc_answer,multiple_choice,38,"Ընտրիր "ապրանք"-ի թարգմանությունը","Choose the meaning of "product"","Выбери перевод "товар""
w9_l6,w9_l6_v11_mc_prompt,multiple_choice,42,"Ընտրիր "մենեջեր"-ի թարգմանությունը","Choose the meaning of "manager"","Выбери перевод "менеджер""
w9_l6,w9_l6_v11_tr_answer,translate,43,"Թարգմանիր՝ "մենեջեր"","Translate: "մենեջեր"","Переведи: "մենեջեր""
w9_l6,w9_l6_v11_tr_prompt,translate,47,"Թարգմանիր՝ "բաժնետեր"","Translate: "բաժնետեր"","Переведи: "բաժնետեր""
w9_l6,w9_l6_v12,multiple_choice,48,"Ընտրիր "ներդրում"-ի թարգմանությունը","Choose the meaning of "investment"","Выбери перевод "инвестиция""
w9_l6,w9_l6_v12_mc_answer,translate,49,"Թարգմանիր՝ "ներդրում"","Translate: "ներդրում"","Переведи: "ներդրում""
w9_l7,w9_l7_match_prompt,translate,3,"Թարգմանիր՝ "ընկերություն"","Translate: "ընկերություն"","Переведи: "ընկերություն""
w9_l7,w9_l7_v0,multiple_choice,4,"Ընտրիր "հաճախորդ"-ի թարգմանությունը","Choose the meaning of "client"","Выбери перевод "клиент""
w9_l7,w9_l7_v0_mc_answer,translate,5,"Թարգմանիր՝ "հաճախորդ"","Translate: "հաճախորդ"","Переведи: "հաճախորդ""
w9_l7,w9_l7_v0_mc_prompt,translate,9,"Թարգմանիր՝ "շահույթ"","Translate: "շահույթ"","Переведи: "շահույթ""
w9_l7,w9_l7_v0_tr_answer,multiple_choice,10,"Ընտրիր "ծախս"-ի թարգմանությունը","Choose the meaning of "expense"","Выбери перевод "расход""
w9_l7,w9_l7_v0_tr_prompt,multiple_choice,14,"Ընտրիր "ավանդ"-ի թարգմանությունը","Choose the meaning of "deposit"","Выбери перевод "депозит""
w9_l7,w9_l7_v1,translate,15,"Թարգմանիր՝ "ավանդ"","Translate: "ավանդ"","Переведи: "ավանդ""
w9_l7,w9_l7_v1_mc_answer,multiple_choice,16,"Ընտրիր "հաշիվ"-ի թարգմանությունը","Choose the meaning of "account"","Выбери перевод "счёт""
w9_l7,w9_l7_v1_mc_prompt,multiple_choice,20,"Ընտրիր "աշխատավարձ"-ի թարգմանությունը","Choose the meaning of "salary"","Выбери перевод "зарплата""
w9_l7,w9_l7_v1_tr_answer,translate,21,"Թարգմանիր՝ "աշխատավարձ"","Translate: "աշխատավարձ"","Переведи: "աշխատավարձ""
w9_l7,w9_l7_v1_tr_prompt,translate,25,"Թարգմանիր՝ "պայմանագիր"","Translate: "պայմանագիր"","Переведи: "պայմանագիր""
w9_l7,w9_l7_v10,multiple_choice,26,"Ընտրիր "կնիք"-ի թարգմանությունը","Choose the meaning of "stamp"","Выбери перевод "печать""
w9_l7,w9_l7_v10_mc_answer,translate,27,"Թարգմանիր՝ "կնիք"","Translate: "կնիք"","Переведи: "կնիք""
w9_l7,w9_l7_v10_mc_prompt,translate,31,"Թարգմանիր՝ "հանդիպում"","Translate: "հանդիպում"","Переведи: "հանդիպում""
w9_l7,w9_l7_v10_tr_answer,multiple_choice,32,"Ընտրիր "ներկայացում"-ի թարգմանությունը","Choose the meaning of "presentation"","Выбери перевод "презентация""
w9_l7,w9_l7_v10_tr_prompt,multiple_choice,36,"Ընտրիր "գովազդ"-ի թարգմանությունը","Choose the meaning of "advertising"","Выбери перевод "реклама""
w9_l7,w9_l7_v11,translate,37,"Թարգմանիր՝ "գովազդ"","Translate: "գովազդ"","Переведи: "գովազդ""
w9_l7,w9_l7_v11_mc_answer,multiple_choice,38,"Ընտրիր "ապրանք"-ի թարգմանությունը","Choose the meaning of "product"","Выбери перевод "товар""
w9_l7,w9_l7_v11_mc_prompt,multiple_choice,42,"Ընտրիր "մենեջեր"-ի թարգմանությունը","Choose the meaning of "manager"","Выбери перевод "менеджер""
w9_l7,w9_l7_v11_tr_answer,translate,43,"Թարգմանիր՝ "մենեջեր"","Translate: "մենեջեր"","Переведи: "մենեջեր""
w9_l7,w9_l7_v11_tr_prompt,translate,47,"Թարգմանիր՝ "բաժնետեր"","Translate: "բաժնետեր"","Переведи: "բաժնետեր""
w9_l7,w9_l7_v12,multiple_choice,48,"Ընտրիր "ներդրում"-ի թարգմանությունը","Choose the meaning of "investment"","Выбери перевод "инвестиция""
w9_l7,w9_l7_v12_mc_answer,translate,49,"Թարգմանիր՝ "ներդրում"","Translate: "ներդրում"","Переведи: "ներդրում""
w9_l8,w9_l8_match_prompt,translate,3,"Թարգմանիր՝ "ընկերություն"","Translate: "ընկերություն"","Переведи: "ընկերություն""
w9_l8,w9_l8_v0,multiple_choice,4,"Ընտրիր "հաճախորդ"-ի թարգմանությունը","Choose the meaning of "client"","Выбери перевод "клиент""
w9_l8,w9_l8_v0_mc_answer,translate,5,"Թարգմանիր՝ "հաճախորդ"","Translate: "հաճախորդ"","Переведи: "հաճախորդ""
w9_l8,w9_l8_v0_mc_prompt,translate,9,"Թարգմանիր՝ "շահույթ"","Translate: "շահույթ"","Переведи: "շահույթ""
w9_l8,w9_l8_v0_tr_answer,multiple_choice,10,"Ընտրիր "ծախս"-ի թարգմանությունը","Choose the meaning of "expense"","Выбери перевод "расход""
w9_l8,w9_l8_v0_tr_prompt,multiple_choice,14,"Ընտրիր "ավանդ"-ի թարգմանությունը","Choose the meaning of "deposit"","Выбери перевод "депозит""
w9_l8,w9_l8_v1,translate,15,"Թարգմանիր՝ "ավանդ"","Translate: "ավանդ"","Переведи: "ավանդ""
w9_l8,w9_l8_v1_mc_answer,multiple_choice,16,"Ընտրիր "հաշիվ"-ի թարգմանությունը","Choose the meaning of "account"","Выбери перевод "счёт""
w9_l8,w9_l8_v1_mc_prompt,multiple_choice,20,"Ընտրիր "աշխատավարձ"-ի թարգմանությունը","Choose the meaning of "salary"","Выбери перевод "зарплата""
w9_l8,w9_l8_v1_tr_answer,translate,21,"Թարգմանիր՝ "աշխատավարձ"","Translate: "աշխատավարձ"","Переведи: "աշխատավարձ""
w9_l8,w9_l8_v1_tr_prompt,translate,25,"Թարգմանիր՝ "պայմանագիր"","Translate: "պայմանագիր"","Переведи: "պայմանագիր""
w9_l8,w9_l8_v10,multiple_choice,26,"Ընտրիր "կնիք"-ի թարգմանությունը","Choose the meaning of "stamp"","Выбери перевод "печать""
w9_l8,w9_l8_v10_mc_answer,translate,27,"Թարգմանիր՝ "կնիք"","Translate: "կնիք"","Переведи: "կնիք""
w9_l8,w9_l8_v10_mc_prompt,translate,31,"Թարգմանիր՝ "հանդիպում"","Translate: "հանդիպում"","Переведи: "հանդիպում""
w9_l8,w9_l8_v10_tr_answer,multiple_choice,32,"Ընտրիր "ներկայացում"-ի թարգմանությունը","Choose the meaning of "presentation"","Выбери перевод "презентация""
w9_l8,w9_l8_v10_tr_prompt,multiple_choice,36,"Ընտրիր "գովազդ"-ի թարգմանությունը","Choose the meaning of "advertising"","Выбери перевод "реклама""
w9_l8,w9_l8_v11,translate,37,"Թարգմանիր՝ "գովազդ"","Translate: "գովազդ"","Переведи: "գովազդ""
w9_l8,w9_l8_v11_mc_answer,multiple_choice,38,"Ընտրիր "ապրանք"-ի թարգմանությունը","Choose the meaning of "product"","Выбери перевод "товар""
w9_l8,w9_l8_v11_mc_prompt,multiple_choice,42,"Ընտրիր "մենեջեր"-ի թարգմանությունը","Choose the meaning of "manager"","Выбери перевод "менеджер""
w9_l8,w9_l8_v11_tr_answer,translate,43,"Թարգմանիր՝ "մենեջեր"","Translate: "մենեջեր"","Переведи: "մենեջեր""
w9_l8,w9_l8_v11_tr_prompt,translate,47,"Թարգմանիր՝ "բաժնետեր"","Translate: "բաժնետեր"","Переведи: "բաժնետեր""
w9_l8,w9_l8_v12,multiple_choice,48,"Ընտրիր "ներդրում"-ի թարգմանությունը","Choose the meaning of "investment"","Выбери перевод "инвестиция""
w9_l8,w9_l8_v12_mc_answer,translate,49,"Թարգմանիր՝ "ներդրում"","Translate: "ներդրում"","Переведи: "ներդրում""
w9_l9,w9_l9_match_prompt,translate,3,"Թարգմանիր՝ "ընկերություն"","Translate: "ընկերություն"","Переведи: "ընկերություն""
w9_l9,w9_l9_v0,multiple_choice,4,"Ընտրիր "հաճախորդ"-ի թարգմանությունը","Choose the meaning of "client"","Выбери перевод "клиент""
w9_l9,w9_l9_v0_mc_answer,translate,5,"Թարգմանիր՝ "հաճախորդ"","Translate: "հաճախորդ"","Переведи: "հաճախորդ""
w9_l9,w9_l9_v0_mc_prompt,translate,9,"Թարգմանիր՝ "շահույթ"","Translate: "շահույթ"","Переведи: "շահույթ""
w9_l9,w9_l9_v0_tr_answer,multiple_choice,10,"Ընտրիր "ծախս"-ի թարգմանությունը","Choose the meaning of "expense"","Выбери перевод "расход""
w9_l9,w9_l9_v0_tr_prompt,multiple_choice,14,"Ընտրիր "ավանդ"-ի թարգմանությունը","Choose the meaning of "deposit"","Выбери перевод "депозит""
w9_l9,w9_l9_v1,translate,15,"Թարգմանիր՝ "ավանդ"","Translate: "ավանդ"","Переведи: "ավանդ""
w9_l9,w9_l9_v1_mc_answer,multiple_choice,16,"Ընտրիր "հաշիվ"-ի թարգմանությունը","Choose the meaning of "account"","Выбери перевод "счёт""
w9_l9,w9_l9_v1_mc_prompt,multiple_choice,20,"Ընտրիր "աշխատավարձ"-ի թարգմանությունը","Choose the meaning of "salary"","Выбери перевод "зарплата""
w9_l9,w9_l9_v1_tr_answer,translate,21,"Թարգմանիր՝ "աշխատավարձ"","Translate: "աշխատավարձ"","Переведи: "աշխատավարձ""
w9_l9,w9_l9_v1_tr_prompt,translate,25,"Թարգմանիր՝ "պայմանագիր"","Translate: "պայմանագիր"","Переведи: "պայմանագիր""
w9_l9,w9_l9_v10,multiple_choice,26,"Ընտրիր "կնիք"-ի թարգմանությունը","Choose the meaning of "stamp"","Выбери перевод "печать""
w9_l9,w9_l9_v10_mc_answer,translate,27,"Թարգմանիր՝ "կնիք"","Translate: "կնիք"","Переведи: "կնիք""
w9_l9,w9_l9_v10_mc_prompt,translate,31,"Թարգմանիր՝ "հանդիպում"","Translate: "հանդիպում"","Переведи: "հանդիպում""
w9_l9,w9_l9_v10_tr_answer,multiple_choice,32,"Ընտրիր "ներկայացում"-ի թարգմանությունը","Choose the meaning of "presentation"","Выбери перевод "презентация""
w9_l9,w9_l9_v10_tr_prompt,multiple_choice,36,"Ընտրիր "գովազդ"-ի թարգմանությունը","Choose the meaning of "advertising"","Выбери перевод "реклама""
w9_l9,w9_l9_v11,translate,37,"Թարգմանիր՝ "գովազդ"","Translate: "գովազդ"","Переведи: "գովազդ""
w9_l9,w9_l9_v11_mc_answer,multiple_choice,38,"Ընտրիր "ապրանք"-ի թարգմանությունը","Choose the meaning of "product"","Выбери перевод "товар""
w9_l9,w9_l9_v11_mc_prompt,multiple_choice,42,"Ընտրիր "մենեջեր"-ի թարգմանությունը","Choose the meaning of "manager"","Выбери перевод "менеджер""
w9_l9,w9_l9_v11_tr_answer,translate,43,"Թարգմանիր՝ "մենեջեր"","Translate: "մենեջեր"","Переведи: "մենեջեր""
w9_l9,w9_l9_v11_tr_prompt,translate,47,"Թարգմանիր՝ "բաժնետեր"","Translate: "բաժնետեր"","Переведи: "բաժնետեր""
w9_l9,w9_l9_v12,multiple_choice,48,"Ընտրիր "ներդրում"-ի թարգմանությունը","Choose the meaning of "investment"","Выбери перевод "инвестиция""
w9_l9,w9_l9_v12_mc_answer,translate,49,"Թարգմանիր՝ "ներդրում"","Translate: "ներդրում"","Переведи: "ներդրում""
