Lesson,Exercise ID,Type,Prompt,Answer,Audio ID,Has Audio
w1_l1,w1_l1_mc_0,multiple_choice,"Ընտրիր "բարև"-ի թարգմանությունը","hello",000026,NO
w1_l1,w1_l1_tr_0,translate,"Թարգմանիր՝ "բարև"","hello",000032,NO
w1_l1,w1_l1_mc_1,multiple_choice,"Ընտրիր "ողջույն"-ի թարգմանությունը","hi",000036,NO
w1_l1,w1_l1_tr_1,translate,"Թարգմանիր՝ "ողջույն"","hi",000042,NO
w1_l1,w1_l1_mc_2,multiple_choice,"Ընտրիր "բարի լույս"-ի թարգմանությունը","good morning",000046,NO
w1_l1,w1_l1_tr_2,translate,"Թարգմանիր՝ "բարի լույս"","good morning",000052,NO
w1_l1,w1_l1_mc_3,multiple_choice,"Ընտրիր "բարի օր"-ի թարգմանությունը","good day",000056,NO
w1_l1,w1_l1_tr_3,translate,"Թարգմանիր՝ "բարի օր"","good day",000062,NO
w1_l1,w1_l1_mc_4,multiple_choice,"Ընտրիր "բարի երեկո"-ի թարգմանությունը","good evening",000066,NO
w1_l1,w1_l1_tr_4,translate,"Թարգմանիր՝ "բարի երեկո"","good evening",000072,NO
w1_l1,w1_l1_mc_5,multiple_choice,"Ընտրիր "բարի գիշեր"-ի թարգմանությունը","good night",000076,NO
w1_l1,w1_l1_tr_5,translate,"Թարգմանիր՝ "բարի գիշեր"","good night",000082,NO
w1_l1,w1_l1_mc_6,multiple_choice,"Ընտրիր "ցտեսություն"-ի թարգմանությունը","goodbye",000086,NO
w1_l1,w1_l1_tr_6,translate,"Թարգմանիր՝ "ցտեսություն"","goodbye",000092,NO
w1_l1,w1_l1_mc_7,multiple_choice,"Ընտրիր "կտեսնվենք"-ի թարգմանությունը","see you",000096,NO
w1_l1,w1_l1_tr_7,translate,"Թարգմանիր՝ "կտեսնվենք"","see you",000102,NO
w1_l1,w1_l1_mc_8,multiple_choice,"Ընտրիր "բարի գալուստ"-ի թարգմանությունը","welcome",000106,NO
w1_l1,w1_l1_tr_8,translate,"Թարգմանիր՝ "բարի գալուստ"","welcome",000112,NO
w1_l1,w1_l1_mc_9,multiple_choice,"Ընտրիր "հաճելի է"-ի թարգմանությունը","nice",000116,NO
w1_l1,w1_l1_tr_9,translate,"Թարգմանիր՝ "հաճելի է"","nice",000122,NO
w1_l1,w1_l1_mc_10,multiple_choice,"Ընտրիր "ծանոթանալ"-ի թարգմանությունը","to meet",000126,NO
w1_l1,w1_l1_tr_10,translate,"Թարգմանիր՝ "ծանոթանալ"","to meet",000132,NO
w1_l1,w1_l1_mc_11,multiple_choice,"Ընտրիր "անուն"-ի թարգմանությունը","name",000136,NO
w1_l1,w1_l1_tr_11,translate,"Թարգմանիր՝ "անուն"","name",000142,NO
w1_l1,w1_l1_mc_12,multiple_choice,"Ընտրիր "ընկեր"-ի թարգմանությունը","friend",000146,NO
w1_l1,w1_l1_tr_12,translate,"Թարգմանիր՝ "ընկեր"","friend",000152,NO
w1_l1,w1_l1_mc_13,multiple_choice,"Ընտրիր "պարոն"-ի թարգմանությունը","mister",000156,NO
w1_l1,w1_l1_tr_13,translate,"Թարգմանիր՝ "պարոն"","mister",000162,NO
w1_l1,w1_l1_mc_14,multiple_choice,"Ընտրիր "տիկին"-ի թարգմանությունը","missus",000166,NO
w1_l1,w1_l1_tr_14,translate,"Թարգմանիր՝ "տիկին"","missus",000172,NO
w1_l1,w1_l1_mc_15,multiple_choice,"Ընտրիր "շնորհակալություն"-ի թարգմանությունը","thank you",000176,NO
w1_l1,w1_l1_tr_15,translate,"Թարգմանիր՝ "շնորհակալություն"","thank you",000182,NO
w1_l1,w1_l1_mc_16,multiple_choice,"Ընտրիր "խնդրեմ"-ի թարգմանությունը","please",000186,NO
w1_l1,w1_l1_tr_16,translate,"Թարգմանիր՝ "խնդրեմ"","please",000192,NO
w1_l1,w1_l1_mc_17,multiple_choice,"Ընտրիր "ներեցեք"-ի թարգմանությունը","sorry",000196,NO
w1_l1,w1_l1_tr_17,translate,"Թարգմանիր՝ "ներեցեք"","sorry",000202,NO
w1_l1,w1_l1_mc_18,multiple_choice,"Ընտրիր "այո"-ի թարգմանությունը","yes",000206,NO
w1_l1,w1_l1_tr_18,translate,"Թարգմանիր՝ "այո"","yes",000212,NO
w1_l1,w1_l1_mc_19,multiple_choice,"Ընտրիր "ոչ"-ի թարգմանությունը","no",000216,NO
w1_l1,w1_l1_tr_19,translate,"Թարգմանիր՝ "ոչ"","no",000222,NO
w1_l1,w1_l1_mc_20,multiple_choice,"Ընտրիր "ինչպես"-ի թարգմանությունը","how",000226,NO
w1_l1,w1_l1_tr_20,translate,"Թարգմանիր՝ "ինչպես"","how",000232,NO
w1_l1,w1_l1_mc_21,multiple_choice,"Ընտրիր "լավ"-ի թարգմանությունը","good",000236,NO
w1_l1,w1_l1_tr_21,translate,"Թարգմանիր՝ "լավ"","good",000242,NO
w1_l1,w1_l1_mc_22,multiple_choice,"Ընտրիր "լավ եմ"-ի թարգմանությունը","fine",000246,NO
w1_l1,w1_l1_tr_22,translate,"Թարգմանիր՝ "լավ եմ"","fine",000252,NO
w1_l1,w1_l1_mc_23,multiple_choice,"Ընտրիր "վատ"-ի թարգմանությունը","bad",000256,NO
w1_l1,w1_l1_tr_23,translate,"Թարգմանիր՝ "վատ"","bad",000262,NO
w1_l1,w1_l1_mc_24,multiple_choice,"Ընտրիր "լավ"-ի թարգմանությունը","okay",000266,NO
w1_l1,w1_l1_tr_24,translate,"Թարգմանիր՝ "լավ"","okay",000272,NO
w1_l1,w1_l1_match,match_pairs,"Կապիր հայերեն բառերը անգլերեն թարգմանությունների հետ","",000276,NO
w1_l2,w1_l2_mc_0,multiple_choice,"Ընտրիր "պաշտոնական"-ի թարգմանությունը","formal",000026,NO
w1_l2,w1_l2_tr_0,translate,"Թարգմանիր՝ "պաշտոնական"","formal",000032,NO
w1_l2,w1_l2_mc_1,multiple_choice,"Ընտրիր "ոչ պաշտոնական"-ի թարգմանությունը","informal",000036,NO
w1_l2,w1_l2_tr_1,translate,"Թարգմանիր՝ "ոչ պաշտոնական"","informal",000042,NO
w1_l2,w1_l2_mc_2,multiple_choice,"Ընտրիր "ձեռքսեղմում"-ի թարգմանությունը","handshake",000046,NO
w1_l2,w1_l2_tr_2,translate,"Թարգմանիր՝ "ձեռքսեղմում"","handshake",000052,NO
w1_l2,w1_l2_mc_3,multiple_choice,"Ընտրիր "գրկախառնություն"-ի թարգմանությունը","hug",000056,NO
w1_l2,w1_l2_tr_3,translate,"Թարգմանիր՝ "գրկախառնություն"","hug",000062,NO
w1_l2,w1_l2_mc_4,multiple_choice,"Ընտրիր "համբույր"-ի թարգմանությունը","kiss",000066,NO
w1_l2,w1_l2_tr_4,translate,"Թարգմանիր՝ "համբույր"","kiss",000072,NO
w1_l2,w1_l2_mc_5,multiple_choice,"Ընտրիր "ձեռքով անել"-ի թարգմանությունը","to wave",000076,NO
w1_l2,w1_l2_tr_5,translate,"Թարգմանիր՝ "ձեռքով անել"","to wave",000082,NO
w1_l2,w1_l2_mc_6,multiple_choice,"Ընտրիր "ժպիտ"-ի թարգմանությունը","smile",000086,NO
w1_l2,w1_l2_tr_6,translate,"Թարգմանիր՝ "ժպիտ"","smile",000092,NO
w1_l2,w1_l2_mc_7,multiple_choice,"Ընտրիր "քաղաքավարի"-ի թարգմանությունը","polite",000096,NO
w1_l2,w1_l2_tr_7,translate,"Թարգմանիր՝ "քաղաքավարի"","polite",000102,NO
w1_l2,w1_l2_mc_8,multiple_choice,"Ընտրիր "կոպիտ"-ի թարգմանությունը","rude",000106,NO
w1_l2,w1_l2_tr_8,translate,"Թարգմանիր՝ "կոպիտ"","rude",000112,NO
w1_l2,w1_l2_mc_9,multiple_choice,"Ընտրիր "հարգանք"-ի թարգմանությունը","respect",000116,NO
w1_l2,w1_l2_tr_9,translate,"Թարգմանիր՝ "հարգանք"","respect",000122,NO
w1_l2,w1_l2_mc_10,multiple_choice,"Ընտրիր "մեծահասակ"-ի թարգմանությունը","elder",000126,NO
w1_l2,w1_l2_tr_10,translate,"Թարգմանիր՝ "մեծահասակ"","elder",000132,NO
w1_l2,w1_l2_mc_11,multiple_choice,"Ընտրիր "երիտասարդ"-ի թարգմանությունը","young",000136,NO
w1_l2,w1_l2_tr_11,translate,"Թարգմանիր՝ "երիտասարդ"","young",000142,NO
w1_l2,w1_l2_mc_12,multiple_choice,"Ընտրիր "անծանոթ"-ի թարգմանությունը","stranger",000146,NO
w1_l2,w1_l2_tr_12,translate,"Թարգմանիր՝ "անծանոթ"","stranger",000152,NO
w1_l2,w1_l2_mc_13,multiple_choice,"Ընտրիր "հարևան"-ի թարգմանությունը","neighbor",000156,NO
w1_l2,w1_l2_tr_13,translate,"Թարգմանիր՝ "հարևան"","neighbor",000162,NO
w1_l2,w1_l2_mc_14,multiple_choice,"Ընտրիր "գործընկեր"-ի թարգմանությունը","colleague",000166,NO
w1_l2,w1_l2_tr_14,translate,"Թարգմանիր՝ "գործընկեր"","colleague",000172,NO
w1_l2,w1_l2_mc_15,multiple_choice,"Ընտրիր "ղեկավար"-ի թարգմանությունը","boss",000176,NO
w1_l2,w1_l2_tr_15,translate,"Թարգմանիր՝ "ղեկավար"","boss",000182,NO
w1_l2,w1_l2_mc_16,multiple_choice,"Ընտրիր "հյուր"-ի թարգմանությունը","guest",000186,NO
w1_l2,w1_l2_tr_16,translate,"Թարգմանիր՝ "հյուր"","guest",000192,NO
w1_l2,w1_l2_mc_17,multiple_choice,"Ընտրիր "տանտեր"-ի թարգմանությունը","host",000196,NO
w1_l2,w1_l2_tr_17,translate,"Թարգմանիր՝ "տանտեր"","host",000202,NO
w1_l2,w1_l2_mc_18,multiple_choice,"Ընտրիր "նորից"-ի թարգմանությունը","again",000206,NO
w1_l2,w1_l2_tr_18,translate,"Թարգմանիր՝ "նորից"","again",000212,NO
w1_l2,w1_l2_mc_19,multiple_choice,"Ընտրիր "վաղուց"-ի թարգմանությունը","long time",000216,NO
w1_l2,w1_l2_tr_19,translate,"Թարգմանիր՝ "վաղուց"","long time",000222,NO
w1_l2,w1_l2_mc_20,multiple_choice,"Ընտրիր "ինչպես ես"-ի թարգմանությունը","how are you",000226,NO
w1_l2,w1_l2_tr_20,translate,"Թարգմանիր՝ "ինչպես ես"","how are you",000232,NO
w1_l2,w1_l2_mc_21,multiple_choice,"Ընտրիր "ի՞նչ նորություն"-ի թարգմանությունը","what's new",000236,NO
w1_l2,w1_l2_tr_21,translate,"Թարգմանիր՝ "ի՞նչ նորություն"","what's new",000242,NO
w1_l2,w1_l2_mc_22,multiple_choice,"Ընտրիր "հոգ տար"-ի թարգմանությունը","take care",000246,NO
w1_l2,w1_l2_tr_22,translate,"Թարգմանիր՝ "հոգ տար"","take care",000252,NO
w1_l2,w1_l2_mc_23,multiple_choice,"Ընտրիր "բարի օր անցկացրու"-ի թարգմանությունը","have a good day",000256,NO
w1_l2,w1_l2_tr_23,translate,"Թարգմանիր՝ "բարի օր անցկացրու"","have a good day",000262,NO
w1_l2,w1_l2_mc_24,multiple_choice,"Ընտրիր "Աստված հետդ"-ի թարգմանությունը","God be with you",000266,NO
w1_l2,w1_l2_tr_24,translate,"Թարգմանիր՝ "Աստված հետդ"","God be with you",000272,NO
w1_l2,w1_l2_match,match_pairs,"Կապիր հայերեն բառերը անգլերեն թարգմանությունների հետ","",000555,NO
w1_l3,w1_l3_mc_0,multiple_choice,"Ընտրիր "ես"-ի թարգմանությունը","I",000026,NO
w1_l3,w1_l3_tr_0,translate,"Թարգմանիր՝ "ես"","I",000032,NO
w1_l3,w1_l3_mc_1,multiple_choice,"Ընտրիր "դու"-ի թարգմանությունը","you",000036,NO
w1_l3,w1_l3_tr_1,translate,"Թարգմանիր՝ "դու"","you",000042,NO
w1_l3,w1_l3_mc_2,multiple_choice,"Ընտրիր "նա"-ի թարգմանությունը","he",000046,NO
w1_l3,w1_l3_tr_2,translate,"Թարգմանիր՝ "նա"","he",000052,NO
w1_l3,w1_l3_mc_3,multiple_choice,"Ընտրիր "նա"-ի թարգմանությունը","she",000056,NO
w1_l3,w1_l3_tr_3,translate,"Թարգմանիր՝ "նա"","she",000062,NO
w1_l3,w1_l3_mc_4,multiple_choice,"Ընտրիր "մենք"-ի թարգմանությունը","we",000066,NO
w1_l3,w1_l3_tr_4,translate,"Թարգմանիր՝ "մենք"","we",000072,NO
w1_l3,w1_l3_mc_5,multiple_choice,"Ընտրիր "նրանք"-ի թարգմանությունը","they",000076,NO
w1_l3,w1_l3_tr_5,translate,"Թարգմանիր՝ "նրանք"","they",000082,NO
w1_l3,w1_l3_mc_6,multiple_choice,"Ընտրիր "իմ"-ի թարգմանությունը","my",000086,NO
w1_l3,w1_l3_tr_6,translate,"Թարգմանիր՝ "իմ"","my",000092,NO
w1_l3,w1_l3_mc_7,multiple_choice,"Ընտրիր "քո"-ի թարգմանությունը","your",000096,NO
w1_l3,w1_l3_tr_7,translate,"Թարգմանիր՝ "քո"","your",000102,NO
w1_l3,w1_l3_mc_8,multiple_choice,"Ընտրիր "նրա"-ի թարգմանությունը","his",000106,NO
w1_l3,w1_l3_tr_8,translate,"Թարգմանիր՝ "նրա"","his",000112,NO
w1_l3,w1_l3_mc_9,multiple_choice,"Ընտրիր "նրա"-ի թարգմանությունը","her",000116,NO
w1_l3,w1_l3_tr_9,translate,"Թարգմանիր՝ "նրա"","her",000122,NO
w1_l3,w1_l3_mc_10,multiple_choice,"Ընտրիր "անուն"-ի թարգմանությունը","name",000126,NO
w1_l3,w1_l3_tr_10,translate,"Թարգմանիր՝ "անուն"","name",000132,NO
w1_l3,w1_l3_mc_11,multiple_choice,"Ընտրիր "ազգանուն"-ի թարգմանությունը","surname",000136,NO
w1_l3,w1_l3_tr_11,translate,"Թարգմանիր՝ "ազգանուն"","surname",000142,NO
w1_l3,w1_l3_mc_12,multiple_choice,"Ընտրիր "լինել"-ի թարգմանությունը","to be",000146,NO
w1_l3,w1_l3_tr_12,translate,"Թարգմանիր՝ "լինել"","to be",000152,NO
w1_l3,w1_l3_mc_13,multiple_choice,"Ընտրիր "կոչվել"-ի թարգմանությունը","to be called",000156,NO
w1_l3,w1_l3_tr_13,translate,"Թարգմանիր՝ "կոչվել"","to be called",000162,NO
w1_l3,w1_l3_mc_14,multiple_choice,"Ընտրիր "ներկայացնել"-ի թարգմանությունը","to introduce",000166,NO
w1_l3,w1_l3_tr_14,translate,"Թարգմանիր՝ "ներկայացնել"","to introduce",000172,NO
w1_l3,w1_l3_mc_15,multiple_choice,"Ընտրիր "սա"-ի թարգմանությունը","this",000176,NO
w1_l3,w1_l3_tr_15,translate,"Թարգմանիր՝ "սա"","this",000182,NO
w1_l3,w1_l3_mc_16,multiple_choice,"Ընտրիր "դա"-ի թարգմանությունը","that",000186,NO
w1_l3,w1_l3_tr_16,translate,"Թարգմանիր՝ "դա"","that",000192,NO
w1_l3,w1_l3_mc_17,multiple_choice,"Ընտրիր "մարդ"-ի թարգմանությունը","person",000196,NO
w1_l3,w1_l3_tr_17,translate,"Թարգմանիր՝ "մարդ"","person",000202,NO
w1_l3,w1_l3_mc_18,multiple_choice,"Ընտրիր "տղամարդ"-ի թարգմանությունը","man",000206,NO
w1_l3,w1_l3_tr_18,translate,"Թարգմանիր՝ "տղամարդ"","man",000212,NO
w1_l3,w1_l3_mc_19,multiple_choice,"Ընտրիր "կին"-ի թարգմանությունը","woman",000216,NO
w1_l3,w1_l3_tr_19,translate,"Թարգմանիր՝ "կին"","woman",000222,NO
w1_l3,w1_l3_mc_20,multiple_choice,"Ընտրիր "տղա"-ի թարգմանությունը","boy",000226,NO
w1_l3,w1_l3_tr_20,translate,"Թարգմանիր՝ "տղա"","boy",000232,NO
w1_l3,w1_l3_mc_21,multiple_choice,"Ընտրիր "աղջիկ"-ի թարգմանությունը","girl",000236,NO
w1_l3,w1_l3_tr_21,translate,"Թարգմանիր՝ "աղջիկ"","girl",000242,NO
w1_l3,w1_l3_mc_22,multiple_choice,"Ընտրիր "երեխա"-ի թարգմանությունը","child",000246,NO
w1_l3,w1_l3_tr_22,translate,"Թարգմանիր՝ "երեխա"","child",000252,NO
w1_l3,w1_l3_mc_23,multiple_choice,"Ընտրիր "ուսանող"-ի թարգմանությունը","student",000256,NO
w1_l3,w1_l3_tr_23,translate,"Թարգմանիր՝ "ուսանող"","student",000262,NO
w1_l3,w1_l3_mc_24,multiple_choice,"Ընտրիր "ուսուցիչ"-ի թարգմանությունը","teacher",000266,NO
w1_l3,w1_l3_tr_24,translate,"Թարգմանիր՝ "ուսուցիչ"","teacher",000272,NO
w1_l3,w1_l3_match,match_pairs,"Կապիր հայերեն բառերը անգլերեն թարգմանությունների հետ","",000834,NO
w1_l4,w1_l4_mc_0,multiple_choice,"Ընտրիր "Հայաստան"-ի թարգմանությունը","Armenia",000026,NO
w1_l4,w1_l4_tr_0,translate,"Թարգմանիր՝ "Հայաստան"","Armenia",000032,NO
w1_l4,w1_l4_mc_1,multiple_choice,"Ընտրիր "Ռուսաստան"-ի թարգմանությունը","Russia",000036,NO
w1_l4,w1_l4_tr_1,translate,"Թարգմանիր՝ "Ռուսաստան"","Russia",000042,NO
w1_l4,w1_l4_mc_2,multiple_choice,"Ընտրիր "Ամերիկա"-ի թարգմանությունը","America",000046,NO
w1_l4,w1_l4_tr_2,translate,"Թարգմանիր՝ "Ամերիկա"","America",000052,NO
w1_l4,w1_l4_mc_3,multiple_choice,"Ընտրիր "Անգլիա"-ի թարգմանությունը","England",000056,NO
w1_l4,w1_l4_tr_3,translate,"Թարգմանիր՝ "Անգլիա"","England",000062,NO
w1_l4,w1_l4_mc_4,multiple_choice,"Ընտրիր "Ֆրանսիա"-ի թարգմանությունը","France",000066,NO
w1_l4,w1_l4_tr_4,translate,"Թարգմանիր՝ "Ֆրանսիա"","France",000072,NO
w1_l4,w1_l4_mc_5,multiple_choice,"Ընտրիր "Գերմանիա"-ի թարգմանությունը","Germany",000076,NO
w1_l4,w1_l4_tr_5,translate,"Թարգմանիր՝ "Գերմանիա"","Germany",000082,NO
w1_l4,w1_l4_mc_6,multiple_choice,"Ընտրիր "Իտալիա"-ի թարգմանությունը","Italy",000086,NO
w1_l4,w1_l4_tr_6,translate,"Թարգմանիր՝ "Իտալիա"","Italy",000092,NO
w1_l4,w1_l4_mc_7,multiple_choice,"Ընտրիր "Իսպանիա"-ի թարգմանությունը","Spain",000096,NO
w1_l4,w1_l4_tr_7,translate,"Թարգմանիր՝ "Իսպանիա"","Spain",000102,NO
w1_l4,w1_l4_mc_8,multiple_choice,"Ընտրիր "Չինաստան"-ի թարգմանությունը","China",000106,NO
w1_l4,w1_l4_tr_8,translate,"Թարգմանիր՝ "Չինաստան"","China",000112,NO
w1_l4,w1_l4_mc_9,multiple_choice,"Ընտրիր "Ճապոնիա"-ի թարգմանությունը","Japan",000116,NO
w1_l4,w1_l4_tr_9,translate,"Թարգմանիր՝ "Ճապոնիա"","Japan",000122,NO
w1_l4,w1_l4_mc_10,multiple_choice,"Ընտրիր "Հնդկաստան"-ի թարգմանությունը","India",000126,NO
w1_l4,w1_l4_tr_10,translate,"Թարգմանիր՝ "Հնդկաստան"","India",000132,NO
w1_l4,w1_l4_mc_11,multiple_choice,"Ընտրիր "Բրազիլիա"-ի թարգմանությունը","Brazil",000136,NO
w1_l4,w1_l4_tr_11,translate,"Թարգմանիր՝ "Բրազիլիա"","Brazil",000142,NO
w1_l4,w1_l4_mc_12,multiple_choice,"Ընտրիր "Թուրքիա"-ի թարգմանությունը","Turkey",000146,NO
w1_l4,w1_l4_tr_12,translate,"Թարգմանիր՝ "Թուրքիա"","Turkey",000152,NO
w1_l4,w1_l4_mc_13,multiple_choice,"Ընտրիր "Իրան"-ի թարգմանությունը","Iran",000156,NO
w1_l4,w1_l4_tr_13,translate,"Թարգմանիր՝ "Իրան"","Iran",000162,NO
w1_l4,w1_l4_mc_14,multiple_choice,"Ընտրիր "Վրաստան"-ի թարգմանությունը","Georgia",000166,NO
w1_l4,w1_l4_tr_14,translate,"Թարգմանիր՝ "Վրաստան"","Georgia",000172,NO
w1_l4,w1_l4_mc_15,multiple_choice,"Ընտրիր "Ուկրաինա"-ի թարգմանությունը","Ukraine",000176,NO
w1_l4,w1_l4_tr_15,translate,"Թարգմանիր՝ "Ուկրաինա"","Ukraine",000182,NO
w1_l4,w1_l4_mc_16,multiple_choice,"Ընտրիր "Կանադա"-ի թարգմանությունը","Canada",000186,NO
w1_l4,w1_l4_tr_16,translate,"Թարգմանիր՝ "Կանադա"","Canada",000192,NO
w1_l4,w1_l4_mc_17,multiple_choice,"Ընտրիր "Մեքսիկա"-ի թարգմանությունը","Mexico",000196,NO
w1_l4,w1_l4_tr_17,translate,"Թարգմանիր՝ "Մեքսիկա"","Mexico",000202,NO
w1_l4,w1_l4_mc_18,multiple_choice,"Ընտրիր "Հունաստան"-ի թարգմանությունը","Greece",000206,NO
w1_l4,w1_l4_tr_18,translate,"Թարգմանիր՝ "Հունաստան"","Greece",000212,NO
w1_l4,w1_l4_mc_19,multiple_choice,"Ընտրիր "Եգիպտոս"-ի թարգմանությունը","Egypt",000216,NO
w1_l4,w1_l4_tr_19,translate,"Թարգմանիր՝ "Եգիպտոս"","Egypt",000222,NO
w1_l4,w1_l4_mc_20,multiple_choice,"Ընտրիր "երկիր"-ի թարգմանությունը","country",000226,NO
w1_l4,w1_l4_tr_20,translate,"Թարգմանիր՝ "երկիր"","country",000232,NO
w1_l4,w1_l4_mc_21,multiple_choice,"Ընտրիր "մայրաքաղաք"-ի թարգմանությունը","capital",000236,NO
w1_l4,w1_l4_tr_21,translate,"Թարգմանիր՝ "մայրաքաղաք"","capital",000242,NO
w1_l4,w1_l4_mc_22,multiple_choice,"Ընտրիր "քաղաք"-ի թարգմանությունը","city",000246,NO
w1_l4,w1_l4_tr_22,translate,"Թարգմանիր՝ "քաղաք"","city",000252,NO
w1_l4,w1_l4_mc_23,multiple_choice,"Ընտրիր "գյուղ"-ի թարգմանությունը","village",000256,NO
w1_l4,w1_l4_tr_23,translate,"Թարգմանիր՝ "գյուղ"","village",000262,NO
w1_l4,w1_l4_mc_24,multiple_choice,"Ընտրիր "աշխարհ"-ի թարգմանությունը","world",000266,NO
w1_l4,w1_l4_tr_24,translate,"Թարգմանիր՝ "աշխարհ"","world",000272,NO
w1_l4,w1_l4_match,match_pairs,"Կապիր հայերեն բառերը անգլերեն թարգմանությունների հետ","",001113,NO
w1_l5,w1_l5_mc_0,multiple_choice,"Ընտրիր "հայ"-ի թարգմանությունը","Armenian",000026,NO
w1_l5,w1_l5_tr_0,translate,"Թարգմանիր՝ "հայ"","Armenian",000032,NO
w1_l5,w1_l5_mc_1,multiple_choice,"Ընտրիր "ռուս"-ի թարգմանությունը","Russian",000036,NO
w1_l5,w1_l5_tr_1,translate,"Թարգմանիր՝ "ռուս"","Russian",000042,NO
w1_l5,w1_l5_mc_2,multiple_choice,"Ընտրիր "ամերիկացի"-ի թարգմանությունը","American",000046,NO
w1_l5,w1_l5_tr_2,translate,"Թարգմանիր՝ "ամերիկացի"","American",000052,NO
w1_l5,w1_l5_mc_3,multiple_choice,"Ընտրիր "անգլիացի"-ի թարգմանությունը","English",000056,NO
w1_l5,w1_l5_tr_3,translate,"Թարգմանիր՝ "անգլիացի"","English",000062,NO
w1_l5,w1_l5_mc_4,multiple_choice,"Ընտրիր "ֆրանսիացի"-ի թարգմանությունը","French",000066,NO
w1_l5,w1_l5_tr_4,translate,"Թարգմանիր՝ "ֆրանսիացի"","French",000072,NO
w1_l5,w1_l5_mc_5,multiple_choice,"Ընտրիր "գերմանացի"-ի թարգմանությունը","German",000076,NO
w1_l5,w1_l5_tr_5,translate,"Թարգմանիր՝ "գերմանացի"","German",000082,NO
w1_l5,w1_l5_mc_6,multiple_choice,"Ընտրիր "իտալացի"-ի թարգմանությունը","Italian",000086,NO
w1_l5,w1_l5_tr_6,translate,"Թարգմանիր՝ "իտալացի"","Italian",000092,NO
w1_l5,w1_l5_mc_7,multiple_choice,"Ընտրիր "իսպանացի"-ի թարգմանությունը","Spanish",000096,NO
w1_l5,w1_l5_tr_7,translate,"Թարգմանիր՝ "իսպանացի"","Spanish",000102,NO
w1_l5,w1_l5_mc_8,multiple_choice,"Ընտրիր "չինացի"-ի թարգմանությունը","Chinese",000106,NO
w1_l5,w1_l5_tr_8,translate,"Թարգմանիր՝ "չինացի"","Chinese",000112,NO
w1_l5,w1_l5_mc_9,multiple_choice,"Ընտրիր "ճապոնացի"-ի թարգմանությունը","Japanese",000116,NO
w1_l5,w1_l5_tr_9,translate,"Թարգմանիր՝ "ճապոնացի"","Japanese",000122,NO
w1_l5,w1_l5_mc_10,multiple_choice,"Ընտրիր "հնդիկ"-ի թարգմանությունը","Indian",000126,NO
w1_l5,w1_l5_tr_10,translate,"Թարգմանիր՝ "հնդիկ"","Indian",000132,NO
w1_l5,w1_l5_mc_11,multiple_choice,"Ընտրիր "թուրք"-ի թարգմանությունը","Turkish",000136,NO
w1_l5,w1_l5_tr_11,translate,"Թարգմանիր՝ "թուրք"","Turkish",000142,NO
w1_l5,w1_l5_mc_12,multiple_choice,"Ընտրիր "իրանցի"-ի թարգմանությունը","Iranian",000146,NO
w1_l5,w1_l5_tr_12,translate,"Թարգմանիր՝ "իրանցի"","Iranian",000152,NO
w1_l5,w1_l5_mc_13,multiple_choice,"Ընտրիր "վրացի"-ի թարգմանությունը","Georgian",000156,NO
w1_l5,w1_l5_tr_13,translate,"Թարգմանիր՝ "վրացի"","Georgian",000162,NO
w1_l5,w1_l5_mc_14,multiple_choice,"Ընտրիր "ուկրաինացի"-ի թարգմանությունը","Ukrainian",000166,NO
w1_l5,w1_l5_tr_14,translate,"Թարգմանիր՝ "ուկրաինացի"","Ukrainian",000172,NO
w1_l5,w1_l5_mc_15,multiple_choice,"Ընտրիր "կանադացի"-ի թարգմանությունը","Canadian",000176,NO
w1_l5,w1_l5_tr_15,translate,"Թարգմանիր՝ "կանադացի"","Canadian",000182,NO
w1_l5,w1_l5_mc_16,multiple_choice,"Ընտրիր "հույն"-ի թարգմանությունը","Greek",000186,NO
w1_l5,w1_l5_tr_16,translate,"Թարգմանիր՝ "հույն"","Greek",000192,NO
w1_l5,w1_l5_mc_17,multiple_choice,"Ընտրիր "եգիպտացի"-ի թարգմանությունը","Egyptian",000196,NO
w1_l5,w1_l5_tr_17,translate,"Թարգմանիր՝ "եգիպտացի"","Egyptian",000202,NO
w1_l5,w1_l5_mc_18,multiple_choice,"Ընտրիր "ազգություն"-ի թարգմանությունը","nationality",000206,NO
w1_l5,w1_l5_tr_18,translate,"Թարգմանիր՝ "ազգություն"","nationality",000212,NO
w1_l5,w1_l5_mc_19,multiple_choice,"Ընտրիր "ծագում"-ի թարգմանությունը","origin",000216,NO
w1_l5,w1_l5_tr_19,translate,"Թարգմանիր՝ "ծագում"","origin",000222,NO
w1_l5,w1_l5_mc_20,multiple_choice,"Ընտրիր "քաղաքացի"-ի թարգմանությունը","citizen",000226,NO
w1_l5,w1_l5_tr_20,translate,"Թարգմանիր՝ "քաղաքացի"","citizen",000232,NO
w1_l5,w1_l5_mc_21,multiple_choice,"Ընտրիր "անձնագիր"-ի թարգմանությունը","passport",000236,NO
w1_l5,w1_l5_tr_21,translate,"Թարգմանիր՝ "անձնագիր"","passport",000242,NO
w1_l5,w1_l5_mc_22,multiple_choice,"Ընտրիր "ընտանիք"-ի թարգմանությունը","family",000246,NO
w1_l5,w1_l5_tr_22,translate,"Թարգմանիր՝ "ընտանիք"","family",000252,NO
w1_l5,w1_l5_mc_23,multiple_choice,"Ընտրիր "լեզու"-ի թարգմանությունը","language",000256,NO
w1_l5,w1_l5_tr_23,translate,"Թարգմանիր՝ "լեզու"","language",000262,NO
w1_l5,w1_l5_mc_24,multiple_choice,"Ընտրիր "մշակույթ"-ի թարգմանությունը","culture",000266,NO
w1_l5,w1_l5_tr_24,translate,"Թարգմանիր՝ "մշակույթ"","culture",000272,NO
w1_l5,w1_l5_match,match_pairs,"Կապիր հայերեն բառերը անգլերեն թարգմանությունների հետ","",001392,NO
w1_l6,w1_l6_mc_0,multiple_choice,"Ընտրիր "հայերեն"-ի թարգմանությունը","Armenian (language)",000026,NO
w1_l6,w1_l6_tr_0,translate,"Թարգմանիր՝ "հայերեն"","Armenian (language)",000032,NO
w1_l6,w1_l6_mc_1,multiple_choice,"Ընտրիր "ռուսերեն"-ի թարգմանությունը","Russian (language)",000036,NO
w1_l6,w1_l6_tr_1,translate,"Թարգմանիր՝ "ռուսերեն"","Russian (language)",000042,NO
w1_l6,w1_l6_mc_2,multiple_choice,"Ընտրիր "անգլերեն"-ի թարգմանությունը","English",000046,NO
w1_l6,w1_l6_tr_2,translate,"Թարգմանիր՝ "անգլերեն"","English",000052,NO
w1_l6,w1_l6_mc_3,multiple_choice,"Ընտրիր "ֆրանսերեն"-ի թարգմանությունը","French",000056,NO
w1_l6,w1_l6_tr_3,translate,"Թարգմանիր՝ "ֆրանսերեն"","French",000062,NO
w1_l6,w1_l6_mc_4,multiple_choice,"Ընտրիր "գերմաներեն"-ի թարգմանությունը","German",000066,NO
w1_l6,w1_l6_tr_4,translate,"Թարգմանիր՝ "գերմաներեն"","German",000072,NO
w1_l6,w1_l6_mc_5,multiple_choice,"Ընտրիր "իտալերեն"-ի թարգմանությունը","Italian",000076,NO
w1_l6,w1_l6_tr_5,translate,"Թարգմանիր՝ "իտալերեն"","Italian",000082,NO
w1_l6,w1_l6_mc_6,multiple_choice,"Ընտրիր "իսպաներեն"-ի թարգմանությունը","Spanish",000086,NO
w1_l6,w1_l6_tr_6,translate,"Թարգմանիր՝ "իսպաներեն"","Spanish",000092,NO
w1_l6,w1_l6_mc_7,multiple_choice,"Ընտրիր "չինարեն"-ի թարգմանությունը","Chinese",000096,NO
w1_l6,w1_l6_tr_7,translate,"Թարգմանիր՝ "չինարեն"","Chinese",000102,NO
w1_l6,w1_l6_mc_8,multiple_choice,"Ընտրիր "ճապոներեն"-ի թարգմանությունը","Japanese",000106,NO
w1_l6,w1_l6_tr_8,translate,"Թարգմանիր՝ "ճապոներեն"","Japanese",000112,NO
w1_l6,w1_l6_mc_9,multiple_choice,"Ընտրիր "արաբերեն"-ի թարգմանությունը","Arabic",000116,NO
w1_l6,w1_l6_tr_9,translate,"Թարգմանիր՝ "արաբերեն"","Arabic",000122,NO
w1_l6,w1_l6_mc_10,multiple_choice,"Ընտրիր "խոսել"-ի թարգմանությունը","to speak",000126,NO
w1_l6,w1_l6_tr_10,translate,"Թարգմանիր՝ "խոսել"","to speak",000132,NO
w1_l6,w1_l6_mc_11,multiple_choice,"Ընտրիր "հասկանալ"-ի թարգմանությունը","to understand",000136,NO
w1_l6,w1_l6_tr_11,translate,"Թարգմանիր՝ "հասկանալ"","to understand",000142,NO
w1_l6,w1_l6_mc_12,multiple_choice,"Ընտրիր "կարդալ"-ի թարգմանությունը","to read",000146,NO
w1_l6,w1_l6_tr_12,translate,"Թարգմանիր՝ "կարդալ"","to read",000152,NO
w1_l6,w1_l6_mc_13,multiple_choice,"Ընտրիր "գրել"-ի թարգմանությունը","to write",000156,NO
w1_l6,w1_l6_tr_13,translate,"Թարգմանիր՝ "գրել"","to write",000162,NO
w1_l6,w1_l6_mc_14,multiple_choice,"Ընտրիր "սովորել"-ի թարգմանությունը","to learn",000166,NO
w1_l6,w1_l6_tr_14,translate,"Թարգմանիր՝ "սովորել"","to learn",000172,NO
w1_l6,w1_l6_mc_15,multiple_choice,"Ընտրիր "բառ"-ի թարգմանությունը","word",000176,NO
w1_l6,w1_l6_tr_15,translate,"Թարգմանիր՝ "բառ"","word",000182,NO
w1_l6,w1_l6_mc_16,multiple_choice,"Ընտրիր "նախադասություն"-ի թարգմանությունը","sentence",000186,NO
w1_l6,w1_l6_tr_16,translate,"Թարգմանիր՝ "նախադասություն"","sentence",000192,NO
w1_l6,w1_l6_mc_17,multiple_choice,"Ընտրիր "քերականություն"-ի թարգմանությունը","grammar",000196,NO
w1_l6,w1_l6_tr_17,translate,"Թարգմանիր՝ "քերականություն"","grammar",000202,NO
w1_l6,w1_l6_mc_18,multiple_choice,"Ընտրիր "արտասանություն"-ի թարգմանությունը","pronunciation",000206,NO
w1_l6,w1_l6_tr_18,translate,"Թարգմանիր՝ "արտասանություն"","pronunciation",000212,NO
w1_l6,w1_l6_mc_19,multiple_choice,"Ընտրիր "բառարան"-ի թարգմանությունը","dictionary",000216,NO
w1_l6,w1_l6_tr_19,translate,"Թարգմանիր՝ "բառարան"","dictionary",000222,NO
w1_l6,w1_l6_mc_20,multiple_choice,"Ընտրիր "մայրենի"-ի թարգմանությունը","native",000226,NO
w1_l6,w1_l6_tr_20,translate,"Թարգմանիր՝ "մայրենի"","native",000232,NO
w1_l6,w1_l6_mc_21,multiple_choice,"Ընտրիր "օտար"-ի թարգմանությունը","foreign",000236,NO
w1_l6,w1_l6_tr_21,translate,"Թարգմանիր՝ "օտար"","foreign",000242,NO
w1_l6,w1_l6_mc_22,multiple_choice,"Ընտրիր "հեշտ"-ի թարգմանությունը","easy",000246,NO
w1_l6,w1_l6_tr_22,translate,"Թարգմանիր՝ "հեշտ"","easy",000252,NO
w1_l6,w1_l6_mc_23,multiple_choice,"Ընտրիր "դժվար"-ի թարգմանությունը","difficult",000256,NO
w1_l6,w1_l6_tr_23,translate,"Թարգմանիր՝ "դժվար"","difficult",000262,NO
w1_l6,w1_l6_mc_24,multiple_choice,"Ընտրիր "պրակտիկա"-ի թարգմանությունը","practice",000266,NO
w1_l6,w1_l6_tr_24,translate,"Թարգմանիր՝ "պրակտիկա"","practice",000272,NO
w1_l6,w1_l6_match,match_pairs,"Կապիր հայերեն բառերը անգլերեն թարգմանությունների հետ","",001671,NO
w1_l7,w1_l7_mc_0,multiple_choice,"Ընտրիր "մեկ"-ի թարգմանությունը","one",000026,NO
w1_l7,w1_l7_tr_0,translate,"Թարգմանիր՝ "մեկ"","one",000032,NO
w1_l7,w1_l7_mc_1,multiple_choice,"Ընտրիր "երկու"-ի թարգմանությունը","two",000036,NO
w1_l7,w1_l7_tr_1,translate,"Թարգմանիր՝ "երկու"","two",000042,NO
w1_l7,w1_l7_mc_2,multiple_choice,"Ընտրիր "երեք"-ի թարգմանությունը","three",000046,NO
w1_l7,w1_l7_tr_2,translate,"Թարգմանիր՝ "երեք"","three",000052,NO
w1_l7,w1_l7_mc_3,multiple_choice,"Ընտրիր "չորս"-ի թարգմանությունը","four",000056,NO
w1_l7,w1_l7_tr_3,translate,"Թարգմանիր՝ "չորս"","four",000062,NO
w1_l7,w1_l7_mc_4,multiple_choice,"Ընտրիր "հինգ"-ի թարգմանությունը","five",000066,NO
w1_l7,w1_l7_tr_4,translate,"Թարգմանիր՝ "հինգ"","five",000072,NO
w1_l7,w1_l7_mc_5,multiple_choice,"Ընտրիր "վեց"-ի թարգմանությունը","six",000076,NO
w1_l7,w1_l7_tr_5,translate,"Թարգմանիր՝ "վեց"","six",000082,NO
w1_l7,w1_l7_mc_6,multiple_choice,"Ընտրիր "յոթ"-ի թարգմանությունը","seven",000086,NO
w1_l7,w1_l7_tr_6,translate,"Թարգմանիր՝ "յոթ"","seven",000092,NO
w1_l7,w1_l7_mc_7,multiple_choice,"Ընտրիր "ութ"-ի թարգմանությունը","eight",000096,NO
w1_l7,w1_l7_tr_7,translate,"Թարգմանիր՝ "ութ"","eight",000102,NO
w1_l7,w1_l7_mc_8,multiple_choice,"Ընտրիր "ինը"-ի թարգմանությունը","nine",000106,NO
w1_l7,w1_l7_tr_8,translate,"Թարգմանիր՝ "ինը"","nine",000112,NO
w1_l7,w1_l7_mc_9,multiple_choice,"Ընտրիր "տասը"-ի թարգմանությունը","ten",000116,NO
w1_l7,w1_l7_tr_9,translate,"Թարգմանիր՝ "տասը"","ten",000122,NO
w1_l7,w1_l7_mc_10,multiple_choice,"Ընտրիր "երեսուն"-ի թարգմանությունը","thirty",000126,NO
w1_l7,w1_l7_tr_10,translate,"Թարգմանիր՝ "երեսուն"","thirty",000132,NO
w1_l7,w1_l7_mc_11,multiple_choice,"Ընտրիր "քառասուն"-ի թարգմանությունը","forty",000136,NO
w1_l7,w1_l7_tr_11,translate,"Թարգմանիր՝ "քառասուն"","forty",000142,NO
w1_l7,w1_l7_mc_12,multiple_choice,"Ընտրիր "հիսուն"-ի թարգմանությունը","fifty",000146,NO
w1_l7,w1_l7_tr_12,translate,"Թարգմանիր՝ "հիսուն"","fifty",000152,NO
w1_l7,w1_l7_mc_13,multiple_choice,"Ընտրիր "վաթսուն"-ի թարգմանությունը","sixty",000156,NO
w1_l7,w1_l7_tr_13,translate,"Թարգմանիր՝ "վաթսուն"","sixty",000162,NO
w1_l7,w1_l7_mc_14,multiple_choice,"Ընտրիր "յոթանասուն"-ի թարգմանությունը","seventy",000166,NO
w1_l7,w1_l7_tr_14,translate,"Թարգմանիր՝ "յոթանասուն"","seventy",000172,NO
w1_l7,w1_l7_mc_15,multiple_choice,"Ընտրիր "ութսուն"-ի թարգմանությունը","eighty",000176,NO
w1_l7,w1_l7_tr_15,translate,"Թարգմանիր՝ "ութսուն"","eighty",000182,NO
w1_l7,w1_l7_mc_16,multiple_choice,"Ընտրիր "իննսուն"-ի թարգմանությունը","ninety",000186,NO
w1_l7,w1_l7_tr_16,translate,"Թարգմանիր՝ "իննսուն"","ninety",000192,NO
w1_l7,w1_l7_mc_17,multiple_choice,"Ընտրիր "հարյուր"-ի թարգմանությունը","hundred",000196,NO
w1_l7,w1_l7_tr_17,translate,"Թարգմանիր՝ "հարյուր"","hundred",000202,NO
w1_l7,w1_l7_mc_18,multiple_choice,"Ընտրիր "տարի"-ի թարգմանությունը","year",000206,NO
w1_l7,w1_l7_tr_18,translate,"Թարգմանիր՝ "տարի"","year",000212,NO
w1_l7,w1_l7_mc_19,multiple_choice,"Ընտրիր "տարեկան"-ի թարգմանությունը","years old",000216,NO
w1_l7,w1_l7_tr_19,translate,"Թարգմանիր՝ "տարեկան"","years old",000222,NO
w1_l7,w1_l7_mc_20,multiple_choice,"Ընտրիր "ծնունդ"-ի թարգմանությունը","birthday",000226,NO
w1_l7,w1_l7_tr_20,translate,"Թարգմանիր՝ "ծնունդ"","birthday",000232,NO
w1_l7,w1_l7_mc_21,multiple_choice,"Ընտրիր "երիտասարդ"-ի թարգմանությունը","young",000236,NO
w1_l7,w1_l7_tr_21,translate,"Թարգմանիր՝ "երիտասարդ"","young",000242,NO
w1_l7,w1_l7_mc_22,multiple_choice,"Ընտրիր "մեծ"-ի թարգմանությունը","old/big",000246,NO
w1_l7,w1_l7_tr_22,translate,"Թարգմանիր՝ "մեծ"","old/big",000252,NO
w1_l7,w1_l7_mc_23,multiple_choice,"Ընտրիր "փոքր"-ի թարգմանությունը","small/young",000256,NO
w1_l7,w1_l7_tr_23,translate,"Թարգմանիր՝ "փոքր"","small/young",000262,NO
w1_l7,w1_l7_match,match_pairs,"Կապիր հայերեն բառերը անգլերեն թարգմանությունների հետ","",001939,NO
w1_l8,w1_l8_mc_0,multiple_choice,"Ընտրիր "մայր"-ի թարգմանությունը","mother",000026,NO
w1_l8,w1_l8_tr_0,translate,"Թարգմանիր՝ "մայր"","mother",000032,NO
w1_l8,w1_l8_mc_1,multiple_choice,"Ընտրիր "հայր"-ի թարգմանությունը","father",000036,NO
w1_l8,w1_l8_tr_1,translate,"Թարգմանիր՝ "հայր"","father",000042,NO
w1_l8,w1_l8_mc_2,multiple_choice,"Ընտրիր "քույր"-ի թարգմանությունը","sister",000046,NO
w1_l8,w1_l8_tr_2,translate,"Թարգմանիր՝ "քույր"","sister",000052,NO
w1_l8,w1_l8_mc_3,multiple_choice,"Ընտրիր "եղբայր"-ի թարգմանությունը","brother",000056,NO
w1_l8,w1_l8_tr_3,translate,"Թարգմանիր՝ "եղբայր"","brother",000062,NO
w1_l8,w1_l8_mc_4,multiple_choice,"Ընտրիր "որդի"-ի թարգմանությունը","son",000066,NO
w1_l8,w1_l8_tr_4,translate,"Թարգմանիր՝ "որդի"","son",000072,NO
w1_l8,w1_l8_mc_5,multiple_choice,"Ընտրիր "դուստր"-ի թարգմանությունը","daughter",000076,NO
w1_l8,w1_l8_tr_5,translate,"Թարգմանիր՝ "դուստր"","daughter",000082,NO
w1_l8,w1_l8_mc_6,multiple_choice,"Ընտրիր "տատիկ"-ի թարգմանությունը","grandmother",000086,NO
w1_l8,w1_l8_tr_6,translate,"Թարգմանիր՝ "տատիկ"","grandmother",000092,NO
w1_l8,w1_l8_mc_7,multiple_choice,"Ընտրիր "պապիկ"-ի թարգմանությունը","grandfather",000096,NO
w1_l8,w1_l8_tr_7,translate,"Թարգմանիր՝ "պապիկ"","grandfather",000102,NO
w1_l8,w1_l8_mc_8,multiple_choice,"Ընտրիր "հորեղբայր"-ի թարգմանությունը","uncle (paternal)",000106,NO
w1_l8,w1_l8_tr_8,translate,"Թարգմանիր՝ "հորեղբայր"","uncle (paternal)",000112,NO
w1_l8,w1_l8_mc_9,multiple_choice,"Ընտրիր "մորեղբայր"-ի թարգմանությունը","uncle (maternal)",000116,NO
w1_l8,w1_l8_tr_9,translate,"Թարգմանիր՝ "մորեղբայր"","uncle (maternal)",000122,NO
w1_l8,w1_l8_mc_10,multiple_choice,"Ընտրիր "հորաքույր"-ի թարգմանությունը","aunt (paternal)",000126,NO
w1_l8,w1_l8_tr_10,translate,"Թարգմանիր՝ "հորաքույր"","aunt (paternal)",000132,NO
w1_l8,w1_l8_mc_11,multiple_choice,"Ընտրիր "մորաքույր"-ի թարգմանությունը","aunt (maternal)",000136,NO
w1_l8,w1_l8_tr_11,translate,"Թարգմանիր՝ "մորաքույր"","aunt (maternal)",000142,NO
w1_l8,w1_l8_mc_12,multiple_choice,"Ընտրիր "զարմիկ"-ի թարգմանությունը","cousin (m)",000146,NO
w1_l8,w1_l8_tr_12,translate,"Թարգմանիր՝ "զարմիկ"","cousin (m)",000152,NO
w1_l8,w1_l8_mc_13,multiple_choice,"Ընտրիր "զարմուհի"-ի թարգմանությունը","cousin (f)",000156,NO
w1_l8,w1_l8_tr_13,translate,"Թարգմանիր՝ "զարմուհի"","cousin (f)",000162,NO
w1_l8,w1_l8_mc_14,multiple_choice,"Ընտրիր "ամուսին"-ի թարգմանությունը","husband",000166,NO
w1_l8,w1_l8_tr_14,translate,"Թարգմանիր՝ "ամուսին"","husband",000172,NO
w1_l8,w1_l8_mc_15,multiple_choice,"Ընտրիր "կին"-ի թարգմանությունը","wife",000176,NO
w1_l8,w1_l8_tr_15,translate,"Թարգմանիր՝ "կին"","wife",000182,NO
w1_l8,w1_l8_mc_16,multiple_choice,"Ընտրիր "երեխա"-ի թարգմանությունը","child",000186,NO
w1_l8,w1_l8_tr_16,translate,"Թարգմանիր՝ "երեխա"","child",000192,NO
w1_l8,w1_l8_mc_17,multiple_choice,"Ընտրիր "երեխաներ"-ի թարգմանությունը","children",000196,NO
w1_l8,w1_l8_tr_17,translate,"Թարգմանիր՝ "երեխաներ"","children",000202,NO
w1_l8,w1_l8_mc_18,multiple_choice,"Ընտրիր "ընտանիք"-ի թարգմանությունը","family",000206,NO
w1_l8,w1_l8_tr_18,translate,"Թարգմանիր՝ "ընտանիք"","family",000212,NO
w1_l8,w1_l8_mc_19,multiple_choice,"Ընտրիր "հարազատ"-ի թարգմանությունը","relative",000216,NO
w1_l8,w1_l8_tr_19,translate,"Թարգմանիր՝ "հարազատ"","relative",000222,NO
w1_l8,w1_l8_mc_20,multiple_choice,"Ընտրիր "փոքր"-ի թարգմանությունը","younger",000226,NO
w1_l8,w1_l8_tr_20,translate,"Թարգմանիր՝ "փոքր"","younger",000232,NO
w1_l8,w1_l8_mc_21,multiple_choice,"Ընտրիր "մեծ"-ի թարգմանությունը","older",000236,NO
w1_l8,w1_l8_tr_21,translate,"Թարգմանիր՝ "մեծ"","older",000242,NO
w1_l8,w1_l8_mc_22,multiple_choice,"Ընտրիր "միակ"-ի թարգմանությունը","only",000246,NO
w1_l8,w1_l8_tr_22,translate,"Թարգմանիր՝ "միակ"","only",000252,NO
w1_l8,w1_l8_mc_23,multiple_choice,"Ընտրիր "երկվորյակ"-ի թարգմանությունը","twin",000256,NO
w1_l8,w1_l8_tr_23,translate,"Թարգմանիր՝ "երկվորյակ"","twin",000262,NO
w1_l8,w1_l8_mc_24,multiple_choice,"Ընտրիր "ամուսնացած"-ի թարգմանությունը","married",000266,NO
w1_l8,w1_l8_tr_24,translate,"Թարգմանիր՝ "ամուսնացած"","married",000272,NO
w1_l8,w1_l8_match,match_pairs,"Կապիր հայերեն բառերը անգլերեն թարգմանությունների հետ","",002218,NO
w1_l9,w1_l9_mc_0,multiple_choice,"Ընտրիր "ընկեր"-ի թարգմանությունը","friend (m)",000026,NO
w1_l9,w1_l9_tr_0,translate,"Թարգմանիր՝ "ընկեր"","friend (m)",000032,NO
w1_l9,w1_l9_mc_1,multiple_choice,"Ընտրիր "ընկերուհի"-ի թարգմանությունը","friend (f)",000036,NO
w1_l9,w1_l9_tr_1,translate,"Թարգմանիր՝ "ընկերուհի"","friend (f)",000042,NO
w1_l9,w1_l9_mc_2,multiple_choice,"Ընտրիր "լավագույն"-ի թարգմանությունը","best",000046,NO
w1_l9,w1_l9_tr_2,translate,"Թարգմանիր՝ "լավագույն"","best",000052,NO
w1_l9,w1_l9_mc_3,multiple_choice,"Ընտրիր "մտերիմ"-ի թարգմանությունը","close",000056,NO
w1_l9,w1_l9_tr_3,translate,"Թարգմանիր՝ "մտերիմ"","close",000062,NO
w1_l9,w1_l9_mc_4,multiple_choice,"Ընտրիր "հին"-ի թարգմանությունը","old",000066,NO
w1_l9,w1_l9_tr_4,translate,"Թարգմանիր՝ "հին"","old",000072,NO
w1_l9,w1_l9_mc_5,multiple_choice,"Ընտրիր "նոր"-ի թարգմանությունը","new",000076,NO
w1_l9,w1_l9_tr_5,translate,"Թարգմանիր՝ "նոր"","new",000082,NO
w1_l9,w1_l9_mc_6,multiple_choice,"Ընտրիր "հանդիպել"-ի թարգմանությունը","to meet",000086,NO
w1_l9,w1_l9_tr_6,translate,"Թարգմանիր՝ "հանդիպել"","to meet",000092,NO
w1_l9,w1_l9_mc_7,multiple_choice,"Ընտրիր "զանգել"-ի թարգմանությունը","to call",000096,NO
w1_l9,w1_l9_tr_7,translate,"Թարգմանիր՝ "զանգել"","to call",000102,NO
w1_l9,w1_l9_mc_8,multiple_choice,"Ընտրիր "գրել"-ի թարգմանությունը","to write",000106,NO
w1_l9,w1_l9_tr_8,translate,"Թարգմանիր՝ "գրել"","to write",000112,NO
w1_l9,w1_l9_mc_9,multiple_choice,"Ընտրիր "հաղորդակցվել"-ի թարգմանությունը","to communicate",000116,NO
w1_l9,w1_l9_tr_9,translate,"Թարգմանիր՝ "հաղորդակցվել"","to communicate",000122,NO
w1_l9,w1_l9_mc_10,multiple_choice,"Ընտրիր "խոսել"-ի թարգմանությունը","to talk",000126,NO
w1_l9,w1_l9_tr_10,translate,"Թարգմանիր՝ "խոսել"","to talk",000132,NO
w1_l9,w1_l9_mc_11,multiple_choice,"Ընտրիր "խաղալ"-ի թարգմանությունը","to play",000136,NO
w1_l9,w1_l9_tr_11,translate,"Թարգմանիր՝ "խաղալ"","to play",000142,NO
w1_l9,w1_l9_mc_12,multiple_choice,"Ընտրիր "քայլել"-ի թարգմանությունը","to walk",000146,NO
w1_l9,w1_l9_tr_12,translate,"Թարգմանիր՝ "քայլել"","to walk",000152,NO
w1_l9,w1_l9_mc_13,multiple_choice,"Ընտրիր "ծիծաղել"-ի թարգմանությունը","to laugh",000156,NO
w1_l9,w1_l9_tr_13,translate,"Թարգմանիր՝ "ծիծաղել"","to laugh",000162,NO
w1_l9,w1_l9_mc_14,multiple_choice,"Ընտրիր "զվարճանալ"-ի թարգմանությունը","to have fun",000166,NO
w1_l9,w1_l9_tr_14,translate,"Թարգմանիր՝ "զվարճանալ"","to have fun",000172,NO
w1_l9,w1_l9_mc_15,multiple_choice,"Ընտրիր "վստահել"-ի թարգմանությունը","to trust",000176,NO
w1_l9,w1_l9_tr_15,translate,"Թարգմանիր՝ "վստահել"","to trust",000182,NO
w1_l9,w1_l9_mc_16,multiple_choice,"Ընտրիր "աջակցել"-ի թարգմանությունը","to support",000186,NO
w1_l9,w1_l9_tr_16,translate,"Թարգմանիր՝ "աջակցել"","to support",000192,NO
w1_l9,w1_l9_mc_17,multiple_choice,"Ընտրիր "բարի"-ի թարգմանությունը","kind",000196,NO
w1_l9,w1_l9_tr_17,translate,"Թարգմանիր՝ "բարի"","kind",000202,NO
w1_l9,w1_l9_mc_18,multiple_choice,"Ընտրիր "հավատարիմ"-ի թարգմանությունը","loyal",000206,NO
w1_l9,w1_l9_tr_18,translate,"Թարգմանիր՝ "հավատարիմ"","loyal",000212,NO
w1_l9,w1_l9_mc_19,multiple_choice,"Ընտրիր "հետաքրքիր"-ի թարգմանությունը","interesting",000216,NO
w1_l9,w1_l9_tr_19,translate,"Թարգմանիր՝ "հետաքրքիր"","interesting",000222,NO
w1_l9,w1_l9_mc_20,multiple_choice,"Ընտրիր "զվարճալի"-ի թարգմանությունը","funny",000226,NO
w1_l9,w1_l9_tr_20,translate,"Թարգմանիր՝ "զվարճալի"","funny",000232,NO
w1_l9,w1_l9_mc_21,multiple_choice,"Ընտրիր "հանգիստ"-ի թարգմանությունը","calm",000236,NO
w1_l9,w1_l9_tr_21,translate,"Թարգմանիր՝ "հանգիստ"","calm",000242,NO
w1_l9,w1_l9_mc_22,multiple_choice,"Ընտրիր "աղմկոտ"-ի թարգմանությունը","noisy",000246,NO
w1_l9,w1_l9_tr_22,translate,"Թարգմանիր՝ "աղմկոտ"","noisy",000252,NO
w1_l9,w1_l9_mc_23,multiple_choice,"Ընտրիր "ընկերություն"-ի թարգմանությունը","friendship",000256,NO
w1_l9,w1_l9_tr_23,translate,"Թարգմանիր՝ "ընկերություն"","friendship",000262,NO
w1_l9,w1_l9_mc_24,multiple_choice,"Ընտրիր "հանդիպում"-ի թարգմանությունը","meeting",000266,NO
w1_l9,w1_l9_tr_24,translate,"Թարգմանիր՝ "հանդիպում"","meeting",000272,NO
w1_l9,w1_l9_match,match_pairs,"Կապիր հայերեն բառերը անգլերեն թարգմանությունների հետ","",002497,NO
w1_l10,w1_l10_mc_0,multiple_choice,"Ընտրիր "բժիշկ"-ի թարգմանությունը","doctor",000026,NO
w1_l10,w1_l10_tr_0,translate,"Թարգմանիր՝ "բժիշկ"","doctor",000032,NO
w1_l10,w1_l10_mc_1,multiple_choice,"Ընտրիր "ուսուցիչ"-ի թարգմանությունը","teacher",000036,NO
w1_l10,w1_l10_tr_1,translate,"Թարգմանիր՝ "ուսուցիչ"","teacher",000042,NO
w1_l10,w1_l10_mc_2,multiple_choice,"Ընտրիր "ինժեներ"-ի թարգմանությունը","engineer",000046,NO
w1_l10,w1_l10_tr_2,translate,"Թարգմանիր՝ "ինժեներ"","engineer",000052,NO
w1_l10,w1_l10_mc_3,multiple_choice,"Ընտրիր "ծրագրավորող"-ի թարգմանությունը","programmer",000056,NO
w1_l10,w1_l10_tr_3,translate,"Թարգմանիր՝ "ծրագրավորող"","programmer",000062,NO
w1_l10,w1_l10_mc_4,multiple_choice,"Ընտրիր "լրագրող"-ի թարգմանությունը","journalist",000066,NO
w1_l10,w1_l10_tr_4,translate,"Թարգմանիր՝ "լրագրող"","journalist",000072,NO
w1_l10,w1_l10_mc_5,multiple_choice,"Ընտրիր "իրավաբան"-ի թարգմանությունը","lawyer",000076,NO
w1_l10,w1_l10_tr_5,translate,"Թարգմանիր՝ "իրավաբան"","lawyer",000082,NO
w1_l10,w1_l10_mc_6,multiple_choice,"Ընտրիր "արտիստ"-ի թարգմանությունը","artist",000086,NO
w1_l10,w1_l10_tr_6,translate,"Թարգմանիր՝ "արտիստ"","artist",000092,NO
w1_l10,w1_l10_mc_7,multiple_choice,"Ընտրիր "երաժիշտ"-ի թարգմանությունը","musician",000096,NO
w1_l10,w1_l10_tr_7,translate,"Թարգմանիր՝ "երաժիշտ"","musician",000102,NO
w1_l10,w1_l10_mc_8,multiple_choice,"Ընտրիր "խոհարար"-ի թարգմանությունը","cook",000106,NO
w1_l10,w1_l10_tr_8,translate,"Թարգմանիր՝ "խոհարար"","cook",000112,NO
w1_l10,w1_l10_mc_9,multiple_choice,"Ընտրիր "մատուցող"-ի թարգմանությունը","waiter",000116,NO
w1_l10,w1_l10_tr_9,translate,"Թարգմանիր՝ "մատուցող"","waiter",000122,NO
w1_l10,w1_l10_mc_10,multiple_choice,"Ընտրիր "վարորդ"-ի թարգմանությունը","driver",000126,NO
w1_l10,w1_l10_tr_10,translate,"Թարգմանիր՝ "վարորդ"","driver",000132,NO
w1_l10,w1_l10_mc_11,multiple_choice,"Ընտրիր "ոստիկան"-ի թարգմանությունը","policeman",000136,NO
w1_l10,w1_l10_tr_11,translate,"Թարգմանիր՝ "ոստիկան"","policeman",000142,NO
w1_l10,w1_l10_mc_12,multiple_choice,"Ընտրիր "զինվոր"-ի թարգմանությունը","soldier",000146,NO
w1_l10,w1_l10_tr_12,translate,"Թարգմանիր՝ "զինվոր"","soldier",000152,NO
w1_l10,w1_l10_mc_13,multiple_choice,"Ընտրիր "քարտուղարուհի"-ի թարգմանությունը","secretary",000156,NO
w1_l10,w1_l10_tr_13,translate,"Թարգմանիր՝ "քարտուղարուհի"","secretary",000162,NO
w1_l10,w1_l10_mc_14,multiple_choice,"Ընտրիր "մենեջեր"-ի թարգմանությունը","manager",000166,NO
w1_l10,w1_l10_tr_14,translate,"Թարգմանիր՝ "մենեջեր"","manager",000172,NO
w1_l10,w1_l10_mc_15,multiple_choice,"Ընտրիր "տնօրեն"-ի թարգմանությունը","director",000176,NO
w1_l10,w1_l10_tr_15,translate,"Թարգմանիր՝ "տնօրեն"","director",000182,NO
w1_l10,w1_l10_mc_16,multiple_choice,"Ընտրիր "գիտնական"-ի թարգմանությունը","scientist",000186,NO
w1_l10,w1_l10_tr_16,translate,"Թարգմանիր՝ "գիտնական"","scientist",000192,NO
w1_l10,w1_l10_mc_17,multiple_choice,"Ընտրիր "բուժքույր"-ի թարգմանությունը","nurse",000196,NO
w1_l10,w1_l10_tr_17,translate,"Թարգմանիր՝ "բուժքույր"","nurse",000202,NO
w1_l10,w1_l10_mc_18,multiple_choice,"Ընտրիր "ճարտարապետ"-ի թարգմանությունը","architect",000206,NO
w1_l10,w1_l10_tr_18,translate,"Թարգմանիր՝ "ճարտարապետ"","architect",000212,NO
w1_l10,w1_l10_mc_19,multiple_choice,"Ընտրիր "լուսանկարիչ"-ի թարգմանությունը","photographer",000216,NO
w1_l10,w1_l10_tr_19,translate,"Թարգմանիր՝ "լուսանկարիչ"","photographer",000222,NO
w1_l10,w1_l10_mc_20,multiple_choice,"Ընտրիր "աշխատանք"-ի թարգմանությունը","work",000226,NO
w1_l10,w1_l10_tr_20,translate,"Թարգմանիր՝ "աշխատանք"","work",000232,NO
w1_l10,w1_l10_mc_21,multiple_choice,"Ընտրիր "մասնագիտություն"-ի թարգմանությունը","profession",000236,NO
w1_l10,w1_l10_tr_21,translate,"Թարգմանիր՝ "մասնագիտություն"","profession",000242,NO
w1_l10,w1_l10_mc_22,multiple_choice,"Ընտրիր "գործ"-ի թարգմանությունը","job",000246,NO
w1_l10,w1_l10_tr_22,translate,"Թարգմանիր՝ "գործ"","job",000252,NO
w1_l10,w1_l10_mc_23,multiple_choice,"Ընտրիր "աշխատել"-ի թարգմանությունը","to work",000256,NO
w1_l10,w1_l10_tr_23,translate,"Թարգմանիր՝ "աշխատել"","to work",000262,NO
w1_l10,w1_l10_mc_24,multiple_choice,"Ընտրիր "գրասենյակ"-ի թարգմանությունը","office",000266,NO
w1_l10,w1_l10_tr_24,translate,"Թարգմանիր՝ "գրասենյակ"","office",000272,NO
w1_l10,w1_l10_match,match_pairs,"Կապիր հայերեն բառերը անգլերեն թարգմանությունների հետ","",002776,NO
w2_l1,w2_l1_mc_0,multiple_choice,"Ընտրիր "տուն"-ի թարգմանությունը","house",000026,NO
w2_l1,w2_l1_tr_0,translate,"Թարգմանիր՝ "տուն"","house",000032,NO
w2_l1,w2_l1_mc_1,multiple_choice,"Ընտրիր "բնակարան"-ի թարգմանությունը","apartment",000036,NO
w2_l1,w2_l1_tr_1,translate,"Թարգմանիր՝ "բնակարան"","apartment",000042,NO
w2_l1,w2_l1_mc_2,multiple_choice,"Ընտրիր "սենյակ"-ի թարգմանությունը","room",000046,NO
w2_l1,w2_l1_tr_2,translate,"Թարգմանիր՝ "սենյակ"","room",000052,NO
w2_l1,w2_l1_mc_3,multiple_choice,"Ընտրիր "խոհանոց"-ի թարգմանությունը","kitchen",000056,NO
w2_l1,w2_l1_tr_3,translate,"Թարգմանիր՝ "խոհանոց"","kitchen",000062,NO
w2_l1,w2_l1_mc_4,multiple_choice,"Ընտրիր "ննջարան"-ի թարգմանությունը","bedroom",000066,NO
w2_l1,w2_l1_tr_4,translate,"Թարգմանիր՝ "ննջարան"","bedroom",000072,NO
w2_l1,w2_l1_mc_5,multiple_choice,"Ընտրիր "հյուրասենյակ"-ի թարգմանությունը","living room",000076,NO
w2_l1,w2_l1_tr_5,translate,"Թարգմանիր՝ "հյուրասենյակ"","living room",000082,NO
w2_l1,w2_l1_mc_6,multiple_choice,"Ընտրիր "լոգարան"-ի թարգմանությունը","bathroom",000086,NO
w2_l1,w2_l1_tr_6,translate,"Թարգմանիր՝ "լոգարան"","bathroom",000092,NO
w2_l1,w2_l1_mc_7,multiple_choice,"Ընտրիր "պատշգամբ"-ի թարգմանությունը","balcony",000096,NO
w2_l1,w2_l1_tr_7,translate,"Թարգմանիր՝ "պատշգամբ"","balcony",000102,NO
w2_l1,w2_l1_mc_8,multiple_choice,"Ընտրիր "միջանցք"-ի թարգմանությունը","hallway",000106,NO
w2_l1,w2_l1_tr_8,translate,"Թարգմանիր՝ "միջանցք"","hallway",000112,NO
w2_l1,w2_l1_mc_9,multiple_choice,"Ընտրիր "դուռ"-ի թարգմանությունը","door",000116,NO
w2_l1,w2_l1_tr_9,translate,"Թարգմանիր՝ "դուռ"","door",000122,NO
w2_l1,w2_l1_mc_10,multiple_choice,"Ընտրիր "պատուհան"-ի թարգմանությունը","window",000126,NO
w2_l1,w2_l1_tr_10,translate,"Թարգմանիր՝ "պատուհան"","window",000132,NO
w2_l1,w2_l1_mc_11,multiple_choice,"Ընտրիր "հատակ"-ի թարգմանությունը","floor",000136,NO
w2_l1,w2_l1_tr_11,translate,"Թարգմանիր՝ "հատակ"","floor",000142,NO
w2_l1,w2_l1_mc_12,multiple_choice,"Ընտրիր "առաստաղ"-ի թարգմանությունը","ceiling",000146,NO
w2_l1,w2_l1_tr_12,translate,"Թարգմանիր՝ "առաստաղ"","ceiling",000152,NO
w2_l1,w2_l1_mc_13,multiple_choice,"Ընտրիր "պատ"-ի թարգմանությունը","wall",000156,NO
w2_l1,w2_l1_tr_13,translate,"Թարգմանիր՝ "պատ"","wall",000162,NO
w2_l1,w2_l1_mc_14,multiple_choice,"Ընտրիր "տանիք"-ի թարգմանությունը","roof",000166,NO
w2_l1,w2_l1_tr_14,translate,"Թարգմանիր՝ "տանիք"","roof",000172,NO
w2_l1,w2_l1_mc_15,multiple_choice,"Ընտրիր "աստիճան"-ի թարգմանությունը","stair",000176,NO
w2_l1,w2_l1_tr_15,translate,"Թարգմանիր՝ "աստիճան"","stair",000182,NO
w2_l1,w2_l1_mc_16,multiple_choice,"Ընտրիր "բակ"-ի թարգմանությունը","yard",000186,NO
w2_l1,w2_l1_tr_16,translate,"Թարգմանիր՝ "բակ"","yard",000192,NO
w2_l1,w2_l1_mc_17,multiple_choice,"Ընտրիր "այգի"-ի թարգմանությունը","garden",000196,NO
w2_l1,w2_l1_tr_17,translate,"Թարգմանիր՝ "այգի"","garden",000202,NO
w2_l1,w2_l1_mc_18,multiple_choice,"Ընտրիր "հարկ"-ի թարգմանությունը","floor (level)",000206,NO
w2_l1,w2_l1_tr_18,translate,"Թարգմանիր՝ "հարկ"","floor (level)",000212,NO
w2_l1,w2_l1_mc_19,multiple_choice,"Ընտրիր "մուտք"-ի թարգմանությունը","entrance",000216,NO
w2_l1,w2_l1_tr_19,translate,"Թարգմանիր՝ "մուտք"","entrance",000222,NO
w2_l1,w2_l1_mc_20,multiple_choice,"Ընտրիր "բանալի"-ի թարգմանությունը","key",000226,NO
w2_l1,w2_l1_tr_20,translate,"Թարգմանիր՝ "բանալի"","key",000232,NO
w2_l1,w2_l1_mc_21,multiple_choice,"Ընտրիր "կողպեք"-ի թարգմանությունը","lock",000236,NO
w2_l1,w2_l1_tr_21,translate,"Թարգմանիր՝ "կողպեք"","lock",000242,NO
w2_l1,w2_l1_mc_22,multiple_choice,"Ընտրիր "հանգիստ"-ի թարգմանությունը","cozy",000246,NO
w2_l1,w2_l1_tr_22,translate,"Թարգմանիր՝ "հանգիստ"","cozy",000252,NO
w2_l1,w2_l1_mc_23,multiple_choice,"Ընտրիր "մաքուր"-ի թարգմանությունը","clean",000256,NO
w2_l1,w2_l1_tr_23,translate,"Թարգմանիր՝ "մաքուր"","clean",000262,NO
w2_l1,w2_l1_mc_24,multiple_choice,"Ընտրիր "լուսավոր"-ի թարգմանությունը","bright",000266,NO
w2_l1,w2_l1_tr_24,translate,"Թարգմանիր՝ "լուսավոր"","bright",000272,NO
w2_l1,w2_l1_match,match_pairs,"Կապիր հայերեն բառերը անգլերեն թարգմանությունների հետ","",003055,NO
w2_l2,w2_l2_mc_0,multiple_choice,"Ընտրիր "խոհանոց"-ի թարգմանությունը","kitchen",000026,NO
w2_l2,w2_l2_tr_0,translate,"Թարգմանիր՝ "խոհանոց"","kitchen",000032,NO
w2_l2,w2_l2_mc_1,multiple_choice,"Ընտրիր "ննջարան"-ի թարգմանությունը","bedroom",000036,NO
w2_l2,w2_l2_tr_1,translate,"Թարգմանիր՝ "ննջարան"","bedroom",000042,NO
w2_l2,w2_l2_mc_2,multiple_choice,"Ընտրիր "հյուրասենյակ"-ի թարգմանությունը","living room",000046,NO
w2_l2,w2_l2_tr_2,translate,"Թարգմանիր՝ "հյուրասենյակ"","living room",000052,NO
w2_l2,w2_l2_mc_3,multiple_choice,"Ընտրիր "լոգարան"-ի թարգմանությունը","bathroom",000056,NO
w2_l2,w2_l2_tr_3,translate,"Թարգմանիր՝ "լոգարան"","bathroom",000062,NO
w2_l2,w2_l2_mc_4,multiple_choice,"Ընտրիր "զուգարան"-ի թարգմանությունը","toilet",000066,NO
w2_l2,w2_l2_tr_4,translate,"Թարգմանիր՝ "զուգարան"","toilet",000072,NO
w2_l2,w2_l2_mc_5,multiple_choice,"Ընտրիր "աշխատասենյակ"-ի թարգմանությունը","study",000076,NO
w2_l2,w2_l2_tr_5,translate,"Թարգմանիր՝ "աշխատասենյակ"","study",000082,NO
w2_l2,w2_l2_mc_6,multiple_choice,"Ընտրիր "պահեստ"-ի թարգմանությունը","storage",000086,NO
w2_l2,w2_l2_tr_6,translate,"Թարգմանիր՝ "պահեստ"","storage",000092,NO
w2_l2,w2_l2_mc_7,multiple_choice,"Ընտրիր "նկուղ"-ի թարգմանությունը","basement",000096,NO
w2_l2,w2_l2_tr_7,translate,"Թարգմանիր՝ "նկուղ"","basement",000102,NO
w2_l2,w2_l2_mc_8,multiple_choice,"Ընտրիր "ձեղնահարկ"-ի թարգմանությունը","attic",000106,NO
w2_l2,w2_l2_tr_8,translate,"Թարգմանիր՝ "ձեղնահարկ"","attic",000112,NO
w2_l2,w2_l2_mc_9,multiple_choice,"Ընտրիր "ճաշասենյակ"-ի թարգմանությունը","dining room",000116,NO
w2_l2,w2_l2_tr_9,translate,"Թարգմանիր՝ "ճաշասենյակ"","dining room",000122,NO
w2_l2,w2_l2_mc_10,multiple_choice,"Ընտրիր "մանկական"-ի թարգմանությունը","nursery",000126,NO
w2_l2,w2_l2_tr_10,translate,"Թարգմանիր՝ "մանկական"","nursery",000132,NO
w2_l2,w2_l2_mc_11,multiple_choice,"Ընտրիր "հյուրերի սենյակ"-ի թարգմանությունը","guest room",000136,NO
w2_l2,w2_l2_tr_11,translate,"Թարգմանիր՝ "հյուրերի սենյակ"","guest room",000142,NO
w2_l2,w2_l2_mc_12,multiple_choice,"Ընտրիր "դարան"-ի թարգմանությունը","closet",000146,NO
w2_l2,w2_l2_tr_12,translate,"Թարգմանիր՝ "դարան"","closet",000152,NO
w2_l2,w2_l2_mc_13,multiple_choice,"Ընտրիր "դարակ"-ի թարգմանությունը","shelf",000156,NO
w2_l2,w2_l2_tr_13,translate,"Թարգմանիր՝ "դարակ"","shelf",000162,NO
w2_l2,w2_l2_mc_14,multiple_choice,"Ընտրիր "անկյուն"-ի թարգմանությունը","corner",000166,NO
w2_l2,w2_l2_tr_14,translate,"Թարգմանիր՝ "անկյուն"","corner",000172,NO
w2_l2,w2_l2_mc_15,multiple_choice,"Ընտրիր "կենտրոն"-ի թարգմանությունը","center",000176,NO
w2_l2,w2_l2_tr_15,translate,"Թարգմանիր՝ "կենտրոն"","center",000182,NO
w2_l2,w2_l2_mc_16,multiple_choice,"Ընտրիր "մուտք"-ի թարգմանությունը","entrance",000186,NO
w2_l2,w2_l2_tr_16,translate,"Թարգմանիր՝ "մուտք"","entrance",000192,NO
w2_l2,w2_l2_mc_17,multiple_choice,"Ընտրիր "ելք"-ի թարգմանությունը","exit",000196,NO
w2_l2,w2_l2_tr_17,translate,"Թարգմանիր՝ "ելք"","exit",000202,NO
w2_l2,w2_l2_mc_18,multiple_choice,"Ընտրիր "մեծ"-ի թարգմանությունը","big",000206,NO
w2_l2,w2_l2_tr_18,translate,"Թարգմանիր՝ "մեծ"","big",000212,NO
w2_l2,w2_l2_mc_19,multiple_choice,"Ընտրիր "փոքր"-ի թարգմանությունը","small",000216,NO
w2_l2,w2_l2_tr_19,translate,"Թարգմանիր՝ "փոքր"","small",000222,NO
w2_l2,w2_l2_mc_20,multiple_choice,"Ընտրիր "լայն"-ի թարգմանությունը","wide",000226,NO
w2_l2,w2_l2_tr_20,translate,"Թարգմանիր՝ "լայն"","wide",000232,NO
w2_l2,w2_l2_mc_21,multiple_choice,"Ընտրիր "նեղ"-ի թարգմանությունը","narrow",000236,NO
w2_l2,w2_l2_tr_21,translate,"Թարգմանիր՝ "նեղ"","narrow",000242,NO
w2_l2,w2_l2_mc_22,multiple_choice,"Ընտրիր "բարձր"-ի թարգմանությունը","high",000246,NO
w2_l2,w2_l2_tr_22,translate,"Թարգմանիր՝ "բարձր"","high",000252,NO
w2_l2,w2_l2_mc_23,multiple_choice,"Ընտրիր "ցածր"-ի թարգմանությունը","low",000256,NO
w2_l2,w2_l2_tr_23,translate,"Թարգմանիր՝ "ցածր"","low",000262,NO
w2_l2,w2_l2_mc_24,multiple_choice,"Ընտրիր "տաք"-ի թարգմանությունը","warm",000266,NO
w2_l2,w2_l2_tr_24,translate,"Թարգմանիր՝ "տաք"","warm",000272,NO
w2_l2,w2_l2_match,match_pairs,"Կապիր հայերեն բառերը անգլերեն թարգմանությունների հետ","",003334,NO
w2_l3,w2_l3_mc_0,multiple_choice,"Ընտրիր "աթոռ"-ի թարգմանությունը","chair",000026,NO
w2_l3,w2_l3_tr_0,translate,"Թարգմանիր՝ "աթոռ"","chair",000032,NO
w2_l3,w2_l3_mc_1,multiple_choice,"Ընտրիր "սեղան"-ի թարգմանությունը","table",000036,NO
w2_l3,w2_l3_tr_1,translate,"Թարգմանիր՝ "սեղան"","table",000042,NO
w2_l3,w2_l3_mc_2,multiple_choice,"Ընտրիր "մահճակալ"-ի թարգմանությունը","bed",000046,NO
w2_l3,w2_l3_tr_2,translate,"Թարգմանիր՝ "մահճակալ"","bed",000052,NO
w2_l3,w2_l3_mc_3,multiple_choice,"Ընտրիր "բազմոց"-ի թարգմանությունը","sofa",000056,NO
w2_l3,w2_l3_tr_3,translate,"Թարգմանիր՝ "բազմոց"","sofa",000062,NO
w2_l3,w2_l3_mc_4,multiple_choice,"Ընտրիր "բազկաթոռ"-ի թարգմանությունը","armchair",000066,NO
w2_l3,w2_l3_tr_4,translate,"Թարգմանիր՝ "բազկաթոռ"","armchair",000072,NO
w2_l3,w2_l3_mc_5,multiple_choice,"Ընտրիր "դարան"-ի թարգմանությունը","wardrobe",000076,NO
w2_l3,w2_l3_tr_5,translate,"Թարգմանիր՝ "դարան"","wardrobe",000082,NO
w2_l3,w2_l3_mc_6,multiple_choice,"Ընտրիր "գրասեղան"-ի թարգմանությունը","desk",000086,NO
w2_l3,w2_l3_tr_6,translate,"Թարգմանիր՝ "գրասեղան"","desk",000092,NO
w2_l3,w2_l3_mc_7,multiple_choice,"Ընտրիր "գրապահարան"-ի թարգմանությունը","bookcase",000096,NO
w2_l3,w2_l3_tr_7,translate,"Թարգմանիր՝ "գրապահարան"","bookcase",000102,NO
w2_l3,w2_l3_mc_8,multiple_choice,"Ընտրիր "հայելի"-ի թարգմանությունը","mirror",000106,NO
w2_l3,w2_l3_tr_8,translate,"Թարգմանիր՝ "հայելի"","mirror",000112,NO
w2_l3,w2_l3_mc_9,multiple_choice,"Ընտրիր "լամպ"-ի թարգմանությունը","lamp",000116,NO
w2_l3,w2_l3_tr_9,translate,"Թարգմանիր՝ "լամպ"","lamp",000122,NO
w2_l3,w2_l3_mc_10,multiple_choice,"Ընտրիր "գորգ"-ի թարգմանությունը","carpet",000126,NO
w2_l3,w2_l3_tr_10,translate,"Թարգմանիր՝ "գորգ"","carpet",000132,NO
w2_l3,w2_l3_mc_11,multiple_choice,"Ընտրիր "վարագույր"-ի թարգմանությունը","curtain",000136,NO
w2_l3,w2_l3_tr_11,translate,"Թարգմանիր՝ "վարագույր"","curtain",000142,NO
w2_l3,w2_l3_mc_12,multiple_choice,"Ընտրիր "բարձ"-ի թարգմանությունը","pillow",000146,NO
w2_l3,w2_l3_tr_12,translate,"Թարգմանիր՝ "բարձ"","pillow",000152,NO
w2_l3,w2_l3_mc_13,multiple_choice,"Ընտրիր "վերմակ"-ի թարգմանությունը","blanket",000156,NO
w2_l3,w2_l3_tr_13,translate,"Թարգմանիր՝ "վերմակ"","blanket",000162,NO
w2_l3,w2_l3_mc_14,multiple_choice,"Ընտրիր "սավան"-ի թարգմանությունը","sheet",000166,NO
w2_l3,w2_l3_tr_14,translate,"Թարգմանիր՝ "սավան"","sheet",000172,NO
w2_l3,w2_l3_mc_15,multiple_choice,"Ընտրիր "սառնարան"-ի թարգմանությունը","refrigerator",000176,NO
w2_l3,w2_l3_tr_15,translate,"Թարգմանիր՝ "սառնարան"","refrigerator",000182,NO
w2_l3,w2_l3_mc_16,multiple_choice,"Ընտրիր "վառարան"-ի թարգմանությունը","stove",000186,NO
w2_l3,w2_l3_tr_16,translate,"Թարգմանիր՝ "վառարան"","stove",000192,NO
w2_l3,w2_l3_mc_17,multiple_choice,"Ընտրիր "լվացքի մեքենա"-ի թարգմանությունը","washing machine",000196,NO
w2_l3,w2_l3_tr_17,translate,"Թարգմանիր՝ "լվացքի մեքենա"","washing machine",000202,NO
w2_l3,w2_l3_mc_18,multiple_choice,"Ընտրիր "հեռուստացույց"-ի թարգմանությունը","television",000206,NO
w2_l3,w2_l3_tr_18,translate,"Թարգմանիր՝ "հեռուստացույց"","television",000212,NO
w2_l3,w2_l3_mc_19,multiple_choice,"Ընտրիր "համակարգիչ"-ի թարգմանությունը","computer",000216,NO
w2_l3,w2_l3_tr_19,translate,"Թարգմանիր՝ "համակարգիչ"","computer",000222,NO
w2_l3,w2_l3_mc_20,multiple_choice,"Ընտրիր "ժամացույց"-ի թարգմանությունը","clock",000226,NO
w2_l3,w2_l3_tr_20,translate,"Թարգմանիր՝ "ժամացույց"","clock",000232,NO
w2_l3,w2_l3_mc_21,multiple_choice,"Ընտրիր "նկար"-ի թարգմանությունը","picture",000236,NO
w2_l3,w2_l3_tr_21,translate,"Թարգմանիր՝ "նկար"","picture",000242,NO
w2_l3,w2_l3_mc_22,multiple_choice,"Ընտրիր "ծաղկաման"-ի թարգմանությունը","vase",000246,NO
w2_l3,w2_l3_tr_22,translate,"Թարգմանիր՝ "ծաղկաման"","vase",000252,NO
w2_l3,w2_l3_mc_23,multiple_choice,"Ընտրիր "մոմ"-ի թարգմանությունը","candle",000256,NO
w2_l3,w2_l3_tr_23,translate,"Թարգմանիր՝ "մոմ"","candle",000262,NO
w2_l3,w2_l3_mc_24,multiple_choice,"Ընտրիր "գիրք"-ի թարգմանությունը","book",000266,NO
w2_l3,w2_l3_tr_24,translate,"Թարգմանիր՝ "գիրք"","book",000272,NO
w2_l3,w2_l3_match,match_pairs,"Կապիր հայերեն բառերը անգլերեն թարգմանությունների հետ","",003613,NO
w2_l4,w2_l4_mc_0,multiple_choice,"Ընտրիր "հաց"-ի թարգմանությունը","bread",000026,NO
w2_l4,w2_l4_tr_0,translate,"Թարգմանիր՝ "հաց"","bread",000032,NO
w2_l4,w2_l4_mc_1,multiple_choice,"Ընտրիր "պանիր"-ի թարգմանությունը","cheese",000036,NO
w2_l4,w2_l4_tr_1,translate,"Թարգմանիր՝ "պանիր"","cheese",000042,NO
w2_l4,w2_l4_mc_2,multiple_choice,"Ընտրիր "կարագ"-ի թարգմանությունը","butter",000046,NO
w2_l4,w2_l4_tr_2,translate,"Թարգմանիր՝ "կարագ"","butter",000052,NO
w2_l4,w2_l4_mc_3,multiple_choice,"Ընտրիր "ձու"-ի թարգմանությունը","egg",000056,NO
w2_l4,w2_l4_tr_3,translate,"Թարգմանիր՝ "ձու"","egg",000062,NO
w2_l4,w2_l4_mc_4,multiple_choice,"Ընտրիր "կաթ"-ի թարգմանությունը","milk",000066,NO
w2_l4,w2_l4_tr_4,translate,"Թարգմանիր՝ "կաթ"","milk",000072,NO
w2_l4,w2_l4_mc_5,multiple_choice,"Ընտրիր "մածուն"-ի թարգմանությունը","yogurt",000076,NO
w2_l4,w2_l4_tr_5,translate,"Թարգմանիր՝ "մածուն"","yogurt",000082,NO
w2_l4,w2_l4_mc_6,multiple_choice,"Ընտրիր "միս"-ի թարգմանությունը","meat",000086,NO
w2_l4,w2_l4_tr_6,translate,"Թարգմանիր՝ "միս"","meat",000092,NO
w2_l4,w2_l4_mc_7,multiple_choice,"Ընտրիր "հավ"-ի թարգմանությունը","chicken",000096,NO
w2_l4,w2_l4_tr_7,translate,"Թարգմանիր՝ "հավ"","chicken",000102,NO
w2_l4,w2_l4_mc_8,multiple_choice,"Ընտրիր "ձուկ"-ի թարգմանությունը","fish",000106,NO
w2_l4,w2_l4_tr_8,translate,"Թարգմանիր՝ "ձուկ"","fish",000112,NO
w2_l4,w2_l4_mc_9,multiple_choice,"Ընտրիր "բրինձ"-ի թարգմանությունը","rice",000116,NO
w2_l4,w2_l4_tr_9,translate,"Թարգմանիր՝ "բրինձ"","rice",000122,NO
w2_l4,w2_l4_mc_10,multiple_choice,"Ընտրիր "կարտոֆիլ"-ի թարգմանությունը","potato",000126,NO
w2_l4,w2_l4_tr_10,translate,"Թարգմանիր՝ "կարտոֆիլ"","potato",000132,NO
w2_l4,w2_l4_mc_11,multiple_choice,"Ընտրիր "լոլիկ"-ի թարգմանությունը","tomato",000136,NO
w2_l4,w2_l4_tr_11,translate,"Թարգմանիր՝ "լոլիկ"","tomato",000142,NO
w2_l4,w2_l4_mc_12,multiple_choice,"Ընտրիր "վարունգ"-ի թարգմանությունը","cucumber",000146,NO
w2_l4,w2_l4_tr_12,translate,"Թարգմանիր՝ "վարունգ"","cucumber",000152,NO
w2_l4,w2_l4_mc_13,multiple_choice,"Ընտրիր "սոխ"-ի թարգմանությունը","onion",000156,NO
w2_l4,w2_l4_tr_13,translate,"Թարգմանիր՝ "սոխ"","onion",000162,NO
w2_l4,w2_l4_mc_14,multiple_choice,"Ընտրիր "սխտոր"-ի թարգմանությունը","garlic",000166,NO
w2_l4,w2_l4_tr_14,translate,"Թարգմանիր՝ "սխտոր"","garlic",000172,NO
w2_l4,w2_l4_mc_15,multiple_choice,"Ընտրիր "խնձոր"-ի թարգմանությունը","apple",000176,NO
w2_l4,w2_l4_tr_15,translate,"Թարգմանիր՝ "խնձոր"","apple",000182,NO
w2_l4,w2_l4_mc_16,multiple_choice,"Ընտրիր "բանան"-ի թարգմանությունը","banana",000186,NO
w2_l4,w2_l4_tr_16,translate,"Թարգմանիր՝ "բանան"","banana",000192,NO
w2_l4,w2_l4_mc_17,multiple_choice,"Ընտրիր "նարինջ"-ի թարգմանությունը","orange",000196,NO
w2_l4,w2_l4_tr_17,translate,"Թարգմանիր՝ "նարինջ"","orange",000202,NO
w2_l4,w2_l4_mc_18,multiple_choice,"Ընտրիր "խաղող"-ի թարգմանությունը","grape",000206,NO
w2_l4,w2_l4_tr_18,translate,"Թարգմանիր՝ "խաղող"","grape",000212,NO
w2_l4,w2_l4_mc_19,multiple_choice,"Ընտրիր "ձմերուկ"-ի թարգմանությունը","watermelon",000216,NO
w2_l4,w2_l4_tr_19,translate,"Թարգմանիր՝ "ձմերուկ"","watermelon",000222,NO
w2_l4,w2_l4_mc_20,multiple_choice,"Ընտրիր "աղ"-ի թարգմանությունը","salt",000226,NO
w2_l4,w2_l4_tr_20,translate,"Թարգմանիր՝ "աղ"","salt",000232,NO
w2_l4,w2_l4_mc_21,multiple_choice,"Ընտրիր "պղպեղ"-ի թարգմանությունը","pepper",000236,NO
w2_l4,w2_l4_tr_21,translate,"Թարգմանիր՝ "պղպեղ"","pepper",000242,NO
w2_l4,w2_l4_mc_22,multiple_choice,"Ընտրիր "շաքար"-ի թարգմանությունը","sugar",000246,NO
w2_l4,w2_l4_tr_22,translate,"Թարգմանիր՝ "շաքար"","sugar",000252,NO
w2_l4,w2_l4_mc_23,multiple_choice,"Ընտրիր "մեղր"-ի թարգմանությունը","honey",000256,NO
w2_l4,w2_l4_tr_23,translate,"Թարգմանիր՝ "մեղր"","honey",000262,NO
w2_l4,w2_l4_mc_24,multiple_choice,"Ընտրիր "ապուր"-ի թարգմանությունը","soup",000266,NO
w2_l4,w2_l4_tr_24,translate,"Թարգմանիր՝ "ապուր"","soup",000272,NO
w2_l4,w2_l4_match,match_pairs,"Կապիր հայերեն բառերը անգլերեն թարգմանությունների հետ","",003892,NO
w2_l5,w2_l5_mc_0,multiple_choice,"Ընտրիր "ջուր"-ի թարգմանությունը","water",000026,NO
w2_l5,w2_l5_tr_0,translate,"Թարգմանիր՝ "ջուր"","water",000032,NO
w2_l5,w2_l5_mc_1,multiple_choice,"Ընտրիր "թեյ"-ի թարգմանությունը","tea",000036,NO
w2_l5,w2_l5_tr_1,translate,"Թարգմանիր՝ "թեյ"","tea",000042,NO
w2_l5,w2_l5_mc_2,multiple_choice,"Ընտրիր "սուրճ"-ի թարգմանությունը","coffee",000046,NO
w2_l5,w2_l5_tr_2,translate,"Թարգմանիր՝ "սուրճ"","coffee",000052,NO
w2_l5,w2_l5_mc_3,multiple_choice,"Ընտրիր "կաթ"-ի թարգմանությունը","milk",000056,NO
w2_l5,w2_l5_tr_3,translate,"Թարգմանիր՝ "կաթ"","milk",000062,NO
w2_l5,w2_l5_mc_4,multiple_choice,"Ընտրիր "հյութ"-ի թարգմանությունը","juice",000066,NO
w2_l5,w2_l5_tr_4,translate,"Թարգմանիր՝ "հյութ"","juice",000072,NO
w2_l5,w2_l5_mc_5,multiple_choice,"Ընտրիր "գարեջուր"-ի թարգմանությունը","beer",000076,NO
w2_l5,w2_l5_tr_5,translate,"Թարգմանիր՝ "գարեջուր"","beer",000082,NO
w2_l5,w2_l5_mc_6,multiple_choice,"Ընտրիր "գինի"-ի թարգմանությունը","wine",000086,NO
w2_l5,w2_l5_tr_6,translate,"Թարգմանիր՝ "գինի"","wine",000092,NO
w2_l5,w2_l5_mc_7,multiple_choice,"Ընտրիր "կոնյակ"-ի թարգմանությունը","cognac",000096,NO
w2_l5,w2_l5_tr_7,translate,"Թարգմանիր՝ "կոնյակ"","cognac",000102,NO
w2_l5,w2_l5_mc_8,multiple_choice,"Ընտրիր "օղի"-ի թարգմանությունը","vodka",000106,NO
w2_l5,w2_l5_tr_8,translate,"Թարգմանիր՝ "օղի"","vodka",000112,NO
w2_l5,w2_l5_mc_9,multiple_choice,"Ընտրիր "լիմոնադ"-ի թարգմանությունը","lemonade",000116,NO
w2_l5,w2_l5_tr_9,translate,"Թարգմանիր՝ "լիմոնադ"","lemonade",000122,NO
w2_l5,w2_l5_mc_10,multiple_choice,"Ընտրիր "կոկակոլա"-ի թարգմանությունը","Coca-Cola",000126,NO
w2_l5,w2_l5_tr_10,translate,"Թարգմանիր՝ "կոկակոլա"","Coca-Cola",000132,NO
w2_l5,w2_l5_mc_11,multiple_choice,"Ընտրիր "կաթնահյութ"-ի թարգմանությունը","milkshake",000136,NO
w2_l5,w2_l5_tr_11,translate,"Թարգմանիր՝ "կաթնահյութ"","milkshake",000142,NO
w2_l5,w2_l5_mc_12,multiple_choice,"Ընտրիր "տաք"-ի թարգմանությունը","hot",000146,NO
w2_l5,w2_l5_tr_12,translate,"Թարգմանիր՝ "տաք"","hot",000152,NO
w2_l5,w2_l5_mc_13,multiple_choice,"Ընտրիր "սառը"-ի թարգմանությունը","cold",000156,NO
w2_l5,w2_l5_tr_13,translate,"Թարգմանիր՝ "սառը"","cold",000162,NO
w2_l5,w2_l5_mc_14,multiple_choice,"Ընտրիր "քաղցր"-ի թարգմանությունը","sweet",000166,NO
w2_l5,w2_l5_tr_14,translate,"Թարգմանիր՝ "քաղցր"","sweet",000172,NO
w2_l5,w2_l5_mc_15,multiple_choice,"Ընտրիր "դառը"-ի թարգմանությունը","bitter",000176,NO
w2_l5,w2_l5_tr_15,translate,"Թարգմանիր՝ "դառը"","bitter",000182,NO
w2_l5,w2_l5_mc_16,multiple_choice,"Ընտրիր "թթու"-ի թարգմանությունը","sour",000186,NO
w2_l5,w2_l5_tr_16,translate,"Թարգմանիր՝ "թթու"","sour",000192,NO
w2_l5,w2_l5_mc_17,multiple_choice,"Ընտրիր "բաժակ"-ի թարգմանությունը","cup/glass",000196,NO
w2_l5,w2_l5_tr_17,translate,"Թարգմանիր՝ "բաժակ"","cup/glass",000202,NO
w2_l5,w2_l5_mc_18,multiple_choice,"Ընտրիր "գավաթ"-ի թարգմանությունը","mug",000206,NO
w2_l5,w2_l5_tr_18,translate,"Թարգմանիր՝ "գավաթ"","mug",000212,NO
w2_l5,w2_l5_mc_19,multiple_choice,"Ընտրիր "շիշ"-ի թարգմանությունը","bottle",000216,NO
w2_l5,w2_l5_tr_19,translate,"Թարգմանիր՝ "շիշ"","bottle",000222,NO
w2_l5,w2_l5_mc_20,multiple_choice,"Ընտրիր "բանկա"-ի թարգմանությունը","can",000226,NO
w2_l5,w2_l5_tr_20,translate,"Թարգմանիր՝ "բանկա"","can",000232,NO
w2_l5,w2_l5_mc_21,multiple_choice,"Ընտրիր "խմել"-ի թարգմանությունը","to drink",000236,NO
w2_l5,w2_l5_tr_21,translate,"Թարգմանիր՝ "խմել"","to drink",000242,NO
w2_l5,w2_l5_mc_22,multiple_choice,"Ընտրիր "լցնել"-ի թարգմանությունը","to pour",000246,NO
w2_l5,w2_l5_tr_22,translate,"Թարգմանիր՝ "լցնել"","to pour",000252,NO
w2_l5,w2_l5_mc_23,multiple_choice,"Ընտրիր "պատվիրել"-ի թարգմանությունը","to order",000256,NO
w2_l5,w2_l5_tr_23,translate,"Թարգմանիր՝ "պատվիրել"","to order",000262,NO
w2_l5,w2_l5_mc_24,multiple_choice,"Ընտրիր "ծարավ"-ի թարգմանությունը","thirsty",000266,NO
w2_l5,w2_l5_tr_24,translate,"Թարգմանիր՝ "ծարավ"","thirsty",000272,NO
w2_l5,w2_l5_match,match_pairs,"Կապիր հայերեն բառերը անգլերեն թարգմանությունների հետ","",004171,NO
w2_l6,w2_l6_mc_0,multiple_choice,"Ընտրիր "ռեստորան"-ի թարգմանությունը","restaurant",000026,NO
w2_l6,w2_l6_tr_0,translate,"Թարգմանիր՝ "ռեստորան"","restaurant",000032,NO
w2_l6,w2_l6_mc_1,multiple_choice,"Ընտրիր "սրճարան"-ի թարգմանությունը","café",000036,NO
w2_l6,w2_l6_tr_1,translate,"Թարգմանիր՝ "սրճարան"","café",000042,NO
w2_l6,w2_l6_mc_2,multiple_choice,"Ընտրիր "մատուցող"-ի թարգմանությունը","waiter",000046,NO
w2_l6,w2_l6_tr_2,translate,"Թարգմանիր՝ "մատուցող"","waiter",000052,NO
w2_l6,w2_l6_mc_3,multiple_choice,"Ընտրիր "մենյու"-ի թարգմանությունը","menu",000056,NO
w2_l6,w2_l6_tr_3,translate,"Թարգմանիր՝ "մենյու"","menu",000062,NO
w2_l6,w2_l6_mc_4,multiple_choice,"Ընտրիր "պատվեր"-ի թարգմանությունը","order",000066,NO
w2_l6,w2_l6_tr_4,translate,"Թարգմանիր՝ "պատվեր"","order",000072,NO
w2_l6,w2_l6_mc_5,multiple_choice,"Ընտրիր "հաշիվ"-ի թարգմանությունը","bill",000076,NO
w2_l6,w2_l6_tr_5,translate,"Թարգմանիր՝ "հաշիվ"","bill",000082,NO
w2_l6,w2_l6_mc_6,multiple_choice,"Ընտրիր "թեյավճար"-ի թարգմանությունը","tip",000086,NO
w2_l6,w2_l6_tr_6,translate,"Թարգմանիր՝ "թեյավճար"","tip",000092,NO
w2_l6,w2_l6_mc_7,multiple_choice,"Ընտրիր "սեղան"-ի թարգմանությունը","table",000096,NO
w2_l6,w2_l6_tr_7,translate,"Թարգմանիր՝ "սեղան"","table",000102,NO
w2_l6,w2_l6_mc_8,multiple_choice,"Ընտրիր "ամրագրում"-ի թարգմանությունը","reservation",000106,NO
w2_l6,w2_l6_tr_8,translate,"Թարգմանիր՝ "ամրագրում"","reservation",000112,NO
w2_l6,w2_l6_mc_9,multiple_choice,"Ընտրիր "նախուտեստ"-ի թարգմանությունը","appetizer",000116,NO
w2_l6,w2_l6_tr_9,translate,"Թարգմանիր՝ "նախուտեստ"","appetizer",000122,NO
w2_l6,w2_l6_mc_10,multiple_choice,"Ընտրիր "աղցան"-ի թարգմանությունը","salad",000126,NO
w2_l6,w2_l6_tr_10,translate,"Թարգմանիր՝ "աղցան"","salad",000132,NO
w2_l6,w2_l6_mc_11,multiple_choice,"Ընտրիր "ապուր"-ի թարգմանությունը","soup",000136,NO
w2_l6,w2_l6_tr_11,translate,"Թարգմանիր՝ "ապուր"","soup",000142,NO
w2_l6,w2_l6_mc_12,multiple_choice,"Ընտրիր "գլխավոր ճաշատեսակ"-ի թարգմանությունը","main course",000146,NO
w2_l6,w2_l6_tr_12,translate,"Թարգմանիր՝ "գլխավոր ճաշատեսակ"","main course",000152,NO
w2_l6,w2_l6_mc_13,multiple_choice,"Ընտրիր "աղանդեր"-ի թարգմանությունը","dessert",000156,NO
w2_l6,w2_l6_tr_13,translate,"Թարգմանիր՝ "աղանդեր"","dessert",000162,NO
w2_l6,w2_l6_mc_14,multiple_choice,"Ընտրիր "պաղպաղակ"-ի թարգմանությունը","ice cream",000166,NO
w2_l6,w2_l6_tr_14,translate,"Թարգմանիր՝ "պաղպաղակ"","ice cream",000172,NO
w2_l6,w2_l6_mc_15,multiple_choice,"Ընտրիր "տորթ"-ի թարգմանությունը","cake",000176,NO
w2_l6,w2_l6_tr_15,translate,"Թարգմանիր՝ "տորթ"","cake",000182,NO
w2_l6,w2_l6_mc_16,multiple_choice,"Ընտրիր "պատառաքաղ"-ի թարգմանությունը","fork",000186,NO
w2_l6,w2_l6_tr_16,translate,"Թարգմանիր՝ "պատառաքաղ"","fork",000192,NO
w2_l6,w2_l6_mc_17,multiple_choice,"Ընտրիր "գդալ"-ի թարգմանությունը","spoon",000196,NO
w2_l6,w2_l6_tr_17,translate,"Թարգմանիր՝ "գդալ"","spoon",000202,NO
w2_l6,w2_l6_mc_18,multiple_choice,"Ընտրիր "դանակ"-ի թարգմանությունը","knife",000206,NO
w2_l6,w2_l6_tr_18,translate,"Թարգմանիր՝ "դանակ"","knife",000212,NO
w2_l6,w2_l6_mc_19,multiple_choice,"Ընտրիր "ափսե"-ի թարգմանությունը","plate",000216,NO
w2_l6,w2_l6_tr_19,translate,"Թարգմանիր՝ "ափսե"","plate",000222,NO
w2_l6,w2_l6_mc_20,multiple_choice,"Ընտրիր "բաժակ"-ի թարգմանությունը","glass",000226,NO
w2_l6,w2_l6_tr_20,translate,"Թարգմանիր՝ "բաժակ"","glass",000232,NO
w2_l6,w2_l6_mc_21,multiple_choice,"Ընտրիր "անձեռոցիկ"-ի թարգմանությունը","napkin",000236,NO
w2_l6,w2_l6_tr_21,translate,"Թարգմանիր՝ "անձեռոցիկ"","napkin",000242,NO
w2_l6,w2_l6_mc_22,multiple_choice,"Ընտրիր "համեղ"-ի թարգմանությունը","delicious",000246,NO
w2_l6,w2_l6_tr_22,translate,"Թարգմանիր՝ "համեղ"","delicious",000252,NO
w2_l6,w2_l6_mc_23,multiple_choice,"Ընտրիր "թարմ"-ի թարգմանությունը","fresh",000256,NO
w2_l6,w2_l6_tr_23,translate,"Թարգմանիր՝ "թարմ"","fresh",000262,NO
w2_l6,w2_l6_mc_24,multiple_choice,"Ընտրիր "պատվիրել"-ի թարգմանությունը","to order",000266,NO
w2_l6,w2_l6_tr_24,translate,"Թարգմանիր՝ "պատվիրել"","to order",000272,NO
w2_l6,w2_l6_match,match_pairs,"Կապիր հայերեն բառերը անգլերեն թարգմանությունների հետ","",004450,NO
w2_l7,w2_l7_mc_0,multiple_choice,"Ընտրիր "խանութ"-ի թարգմանությունը","shop",000026,NO
w2_l7,w2_l7_tr_0,translate,"Թարգմանիր՝ "խանութ"","shop",000032,NO
w2_l7,w2_l7_mc_1,multiple_choice,"Ընտրիր "շուկա"-ի թարգմանությունը","market",000036,NO
w2_l7,w2_l7_tr_1,translate,"Թարգմանիր՝ "շուկա"","market",000042,NO
w2_l7,w2_l7_mc_2,multiple_choice,"Ընտրիր "գին"-ի թարգմանությունը","price",000046,NO
w2_l7,w2_l7_tr_2,translate,"Թարգմանիր՝ "գին"","price",000052,NO
w2_l7,w2_l7_mc_3,multiple_choice,"Ընտրիր "զեղչ"-ի թարգմանությունը","discount",000056,NO
w2_l7,w2_l7_tr_3,translate,"Թարգմանիր՝ "զեղչ"","discount",000062,NO
w2_l7,w2_l7_mc_4,multiple_choice,"Ընտրիր "վաճառք"-ի թարգմանությունը","sale",000066,NO
w2_l7,w2_l7_tr_4,translate,"Թարգմանիր՝ "վաճառք"","sale",000072,NO
w2_l7,w2_l7_mc_5,multiple_choice,"Ընտրիր "գնել"-ի թարգմանությունը","to buy",000076,NO
w2_l7,w2_l7_tr_5,translate,"Թարգմանիր՝ "գնել"","to buy",000082,NO
w2_l7,w2_l7_mc_6,multiple_choice,"Ընտրիր "վաճառել"-ի թարգմանությունը","to sell",000086,NO
w2_l7,w2_l7_tr_6,translate,"Թարգմանիր՝ "վաճառել"","to sell",000092,NO
w2_l7,w2_l7_mc_7,multiple_choice,"Ընտրիր "վճարել"-ի թարգմանությունը","to pay",000096,NO
w2_l7,w2_l7_tr_7,translate,"Թարգմանիր՝ "վճարել"","to pay",000102,NO
w2_l7,w2_l7_mc_8,multiple_choice,"Ընտրիր "կանխիկ"-ի թարգմանությունը","cash",000106,NO
w2_l7,w2_l7_tr_8,translate,"Թարգմանիր՝ "կանխիկ"","cash",000112,NO
w2_l7,w2_l7_mc_9,multiple_choice,"Ընտրիր "քարտ"-ի թարգմանությունը","card",000116,NO
w2_l7,w2_l7_tr_9,translate,"Թարգմանիր՝ "քարտ"","card",000122,NO
w2_l7,w2_l7_mc_10,multiple_choice,"Ընտրիր "ստուգում"-ի թարգմանությունը","receipt",000126,NO
w2_l7,w2_l7_tr_10,translate,"Թարգմանիր՝ "ստուգում"","receipt",000132,NO
w2_l7,w2_l7_mc_11,multiple_choice,"Ընտրիր "փոխարկում"-ի թարգմանությունը","exchange",000136,NO
w2_l7,w2_l7_tr_11,translate,"Թարգմանիր՝ "փոխարկում"","exchange",000142,NO
w2_l7,w2_l7_mc_12,multiple_choice,"Ընտրիր "վերադարձ"-ի թարգմանությունը","return",000146,NO
w2_l7,w2_l7_tr_12,translate,"Թարգմանիր՝ "վերադարձ"","return",000152,NO
w2_l7,w2_l7_mc_13,multiple_choice,"Ընտրիր "հաճախորդ"-ի թարգմանությունը","customer",000156,NO
w2_l7,w2_l7_tr_13,translate,"Թարգմանիր՝ "հաճախորդ"","customer",000162,NO
w2_l7,w2_l7_mc_14,multiple_choice,"Ընտրիր "վաճառող"-ի թարգմանությունը","seller",000166,NO
w2_l7,w2_l7_tr_14,translate,"Թարգմանիր՝ "վաճառող"","seller",000172,NO
w2_l7,w2_l7_mc_15,multiple_choice,"Ընտրիր "պայուսակ"-ի թարգմանությունը","bag",000176,NO
w2_l7,w2_l7_tr_15,translate,"Թարգմանիր՝ "պայուսակ"","bag",000182,NO
w2_l7,w2_l7_mc_16,multiple_choice,"Ընտրիր "էժան"-ի թարգմանությունը","cheap",000186,NO
w2_l7,w2_l7_tr_16,translate,"Թարգմանիր՝ "էժան"","cheap",000192,NO
w2_l7,w2_l7_mc_17,multiple_choice,"Ընտրիր "թանկ"-ի թարգմանությունը","expensive",000196,NO
w2_l7,w2_l7_tr_17,translate,"Թարգմանիր՝ "թանկ"","expensive",000202,NO
w2_l7,w2_l7_mc_18,multiple_choice,"Ընտրիր "որակյալ"-ի թարգմանությունը","quality",000206,NO
w2_l7,w2_l7_tr_18,translate,"Թարգմանիր՝ "որակյալ"","quality",000212,NO
w2_l7,w2_l7_mc_19,multiple_choice,"Ընտրիր "չափ"-ի թարգմանությունը","size",000216,NO
w2_l7,w2_l7_tr_19,translate,"Թարգմանիր՝ "չափ"","size",000222,NO
w2_l7,w2_l7_mc_20,multiple_choice,"Ընտրիր "գույն"-ի թարգմանությունը","color",000226,NO
w2_l7,w2_l7_tr_20,translate,"Թարգմանիր՝ "գույն"","color",000232,NO
w2_l7,w2_l7_mc_21,multiple_choice,"Ընտրիր "մեծ"-ի թարգմանությունը","big",000236,NO
w2_l7,w2_l7_tr_21,translate,"Թարգմանիր՝ "մեծ"","big",000242,NO
w2_l7,w2_l7_mc_22,multiple_choice,"Ընտրիր "փոքր"-ի թարգմանությունը","small",000246,NO
w2_l7,w2_l7_tr_22,translate,"Թարգմանիր՝ "փոքր"","small",000252,NO
w2_l7,w2_l7_mc_23,multiple_choice,"Ընտրիր "նոր"-ի թարգմանությունը","new",000256,NO
w2_l7,w2_l7_tr_23,translate,"Թարգմանիր՝ "նոր"","new",000262,NO
w2_l7,w2_l7_mc_24,multiple_choice,"Ընտրիր "հին"-ի թարգմանությունը","old",000266,NO
w2_l7,w2_l7_tr_24,translate,"Թարգմանիր՝ "հին"","old",000272,NO
w2_l7,w2_l7_match,match_pairs,"Կապիր հայերեն բառերը անգլերեն թարգմանությունների հետ","",004729,NO
w2_l8,w2_l8_mc_0,multiple_choice,"Ընտրիր "շապիկ"-ի թարգմանությունը","shirt",000026,NO
w2_l8,w2_l8_tr_0,translate,"Թարգմանիր՝ "շապիկ"","shirt",000032,NO
w2_l8,w2_l8_mc_1,multiple_choice,"Ընտրիր "տաբատ"-ի թարգմանությունը","trousers",000036,NO
w2_l8,w2_l8_tr_1,translate,"Թարգմանիր՝ "տաբատ"","trousers",000042,NO
w2_l8,w2_l8_mc_2,multiple_choice,"Ընտրիր "զգեստ"-ի թարգմանությունը","dress",000046,NO
w2_l8,w2_l8_tr_2,translate,"Թարգմանիր՝ "զգեստ"","dress",000052,NO
w2_l8,w2_l8_mc_3,multiple_choice,"Ընտրիր "փեշ"-ի թարգմանությունը","skirt",000056,NO
w2_l8,w2_l8_tr_3,translate,"Թարգմանիր՝ "փեշ"","skirt",000062,NO
w2_l8,w2_l8_mc_4,multiple_choice,"Ընտրիր "բաճկոն"-ի թարգմանությունը","jacket",000066,NO
w2_l8,w2_l8_tr_4,translate,"Թարգմանիր՝ "բաճկոն"","jacket",000072,NO
w2_l8,w2_l8_mc_5,multiple_choice,"Ընտրիր "վերարկու"-ի թարգմանությունը","coat",000076,NO
w2_l8,w2_l8_tr_5,translate,"Թարգմանիր՝ "վերարկու"","coat",000082,NO
w2_l8,w2_l8_mc_6,multiple_choice,"Ընտրիր "գուլպաներ"-ի թարգմանությունը","socks",000086,NO
w2_l8,w2_l8_tr_6,translate,"Թարգմանիր՝ "գուլպաներ"","socks",000092,NO
w2_l8,w2_l8_mc_7,multiple_choice,"Ընտրիր "կոշիկներ"-ի թարգմանությունը","shoes",000096,NO
w2_l8,w2_l8_tr_7,translate,"Թարգմանիր՝ "կոշիկներ"","shoes",000102,NO
w2_l8,w2_l8_mc_8,multiple_choice,"Ընտրիր "գլխարկ"-ի թարգմանությունը","hat",000106,NO
w2_l8,w2_l8_tr_8,translate,"Թարգմանիր՝ "գլխարկ"","hat",000112,NO
w2_l8,w2_l8_mc_9,multiple_choice,"Ընտրիր "շարֆ"-ի թարգմանությունը","scarf",000116,NO
w2_l8,w2_l8_tr_9,translate,"Թարգմանիր՝ "շարֆ"","scarf",000122,NO
w2_l8,w2_l8_mc_10,multiple_choice,"Ընտրիր "ձեռնոցներ"-ի թարգմանությունը","gloves",000126,NO
w2_l8,w2_l8_tr_10,translate,"Թարգմանիր՝ "ձեռնոցներ"","gloves",000132,NO
w2_l8,w2_l8_mc_11,multiple_choice,"Ընտրիր "գոտի"-ի թարգմանությունը","belt",000136,NO
w2_l8,w2_l8_tr_11,translate,"Թարգմանիր՝ "գոտի"","belt",000142,NO
w2_l8,w2_l8_mc_12,multiple_choice,"Ընտրիր "փողկապ"-ի թարգմանությունը","tie",000146,NO
w2_l8,w2_l8_tr_12,translate,"Թարգմանիր՝ "փողկապ"","tie",000152,NO
w2_l8,w2_l8_mc_13,multiple_choice,"Ընտրիր "պայուսակ"-ի թարգմանությունը","bag",000156,NO
w2_l8,w2_l8_tr_13,translate,"Թարգմանիր՝ "պայուսակ"","bag",000162,NO
w2_l8,w2_l8_mc_14,multiple_choice,"Ընտրիր "հովանոց"-ի թարգմանությունը","umbrella",000166,NO
w2_l8,w2_l8_tr_14,translate,"Թարգմանիր՝ "հովանոց"","umbrella",000172,NO
w2_l8,w2_l8_mc_15,multiple_choice,"Ընտրիր "ակնոց"-ի թարգմանությունը","glasses",000176,NO
w2_l8,w2_l8_tr_15,translate,"Թարգմանիր՝ "ակնոց"","glasses",000182,NO
w2_l8,w2_l8_mc_16,multiple_choice,"Ընտրիր "ժամացույց"-ի թարգմանությունը","watch",000186,NO
w2_l8,w2_l8_tr_16,translate,"Թարգմանիր՝ "ժամացույց"","watch",000192,NO
w2_l8,w2_l8_mc_17,multiple_choice,"Ընտրիր "մատանի"-ի թարգմանությունը","ring",000196,NO
w2_l8,w2_l8_tr_17,translate,"Թարգմանիր՝ "մատանի"","ring",000202,NO
w2_l8,w2_l8_mc_18,multiple_choice,"Ընտրիր "վզնոց"-ի թարգմանությունը","necklace",000206,NO
w2_l8,w2_l8_tr_18,translate,"Թարգմանիր՝ "վզնոց"","necklace",000212,NO
w2_l8,w2_l8_mc_19,multiple_choice,"Ընտրիր "հագնել"-ի թարգմանությունը","to wear",000216,NO
w2_l8,w2_l8_tr_19,translate,"Թարգմանիր՝ "հագնել"","to wear",000222,NO
w2_l8,w2_l8_mc_20,multiple_choice,"Ընտրիր "հանել"-ի թարգմանությունը","to take off",000226,NO
w2_l8,w2_l8_tr_20,translate,"Թարգմանիր՝ "հանել"","to take off",000232,NO
w2_l8,w2_l8_mc_21,multiple_choice,"Ընտրիր "փոխել"-ի թարգմանությունը","to change",000236,NO
w2_l8,w2_l8_tr_21,translate,"Թարգմանիր՝ "փոխել"","to change",000242,NO
w2_l8,w2_l8_mc_22,multiple_choice,"Ընտրիր "փորձել"-ի թարգմանությունը","to try on",000246,NO
w2_l8,w2_l8_tr_22,translate,"Թարգմանիր՝ "փորձել"","to try on",000252,NO
w2_l8,w2_l8_mc_23,multiple_choice,"Ընտրիր "չափ"-ի թարգմանությունը","size",000256,NO
w2_l8,w2_l8_tr_23,translate,"Թարգմանիր՝ "չափ"","size",000262,NO
w2_l8,w2_l8_mc_24,multiple_choice,"Ընտրիր "գույն"-ի թարգմանությունը","color",000266,NO
w2_l8,w2_l8_tr_24,translate,"Թարգմանիր՝ "գույն"","color",000272,NO
w2_l8,w2_l8_match,match_pairs,"Կապիր հայերեն բառերը անգլերեն թարգմանությունների հետ","",005008,NO
w2_l9,w2_l9_mc_0,multiple_choice,"Ընտրիր "արև"-ի թարգմանությունը","sun",000026,NO
w2_l9,w2_l9_tr_0,translate,"Թարգմանիր՝ "արև"","sun",000032,NO
w2_l9,w2_l9_mc_1,multiple_choice,"Ընտրիր "ամպ"-ի թարգմանությունը","cloud",000036,NO
w2_l9,w2_l9_tr_1,translate,"Թարգմանիր՝ "ամպ"","cloud",000042,NO
w2_l9,w2_l9_mc_2,multiple_choice,"Ընտրիր "անձրև"-ի թարգմանությունը","rain",000046,NO
w2_l9,w2_l9_tr_2,translate,"Թարգմանիր՝ "անձրև"","rain",000052,NO
w2_l9,w2_l9_mc_3,multiple_choice,"Ընտրիր "ձյուն"-ի թարգմանությունը","snow",000056,NO
w2_l9,w2_l9_tr_3,translate,"Թարգմանիր՝ "ձյուն"","snow",000062,NO
w2_l9,w2_l9_mc_4,multiple_choice,"Ընտրիր "քամի"-ի թարգմանությունը","wind",000066,NO
w2_l9,w2_l9_tr_4,translate,"Թարգմանիր՝ "քամի"","wind",000072,NO
w2_l9,w2_l9_mc_5,multiple_choice,"Ընտրիր "փոթորիկ"-ի թարգմանությունը","storm",000076,NO
w2_l9,w2_l9_tr_5,translate,"Թարգմանիր՝ "փոթորիկ"","storm",000082,NO
w2_l9,w2_l9_mc_6,multiple_choice,"Ընտրիր "ամպրոպ"-ի թարգմանությունը","thunder",000086,NO
w2_l9,w2_l9_tr_6,translate,"Թարգմանիր՝ "ամպրոպ"","thunder",000092,NO
w2_l9,w2_l9_mc_7,multiple_choice,"Ընտրիր "կայծակ"-ի թարգմանությունը","lightning",000096,NO
w2_l9,w2_l9_tr_7,translate,"Թարգմանիր՝ "կայծակ"","lightning",000102,NO
w2_l9,w2_l9_mc_8,multiple_choice,"Ընտրիր "մառախուղ"-ի թարգմանությունը","fog",000106,NO
w2_l9,w2_l9_tr_8,translate,"Թարգմանիր՝ "մառախուղ"","fog",000112,NO
w2_l9,w2_l9_mc_9,multiple_choice,"Ընտրիր "ցողեր"-ի թարգմանությունը","dew",000116,NO
w2_l9,w2_l9_tr_9,translate,"Թարգմանիր՝ "ցողեր"","dew",000122,NO
w2_l9,w2_l9_mc_10,multiple_choice,"Ընտրիր "տաք"-ի թարգմանությունը","warm",000126,NO
w2_l9,w2_l9_tr_10,translate,"Թարգմանիր՝ "տաք"","warm",000132,NO
w2_l9,w2_l9_mc_11,multiple_choice,"Ընտրիր "շոգ"-ի թարգմանությունը","hot",000136,NO
w2_l9,w2_l9_tr_11,translate,"Թարգմանիր՝ "շոգ"","hot",000142,NO
w2_l9,w2_l9_mc_12,multiple_choice,"Ընտրիր "սառը"-ի թարգմանությունը","cold",000146,NO
w2_l9,w2_l9_tr_12,translate,"Թարգմանիր՝ "սառը"","cold",000152,NO
w2_l9,w2_l9_mc_13,multiple_choice,"Ընտրիր "ցուրտ"-ի թարգմանությունը","freezing",000156,NO
w2_l9,w2_l9_tr_13,translate,"Թարգմանիր՝ "ցուրտ"","freezing",000162,NO
w2_l9,w2_l9_mc_14,multiple_choice,"Ընտրիր "զով"-ի թարգմանությունը","cool",000166,NO
w2_l9,w2_l9_tr_14,translate,"Թարգմանիր՝ "զով"","cool",000172,NO
w2_l9,w2_l9_mc_15,multiple_choice,"Ընտրիր "արևոտ"-ի թարգմանությունը","sunny",000176,NO
w2_l9,w2_l9_tr_15,translate,"Թարգմանիր՝ "արևոտ"","sunny",000182,NO
w2_l9,w2_l9_mc_16,multiple_choice,"Ընտրիր "ամպամած"-ի թարգմանությունը","cloudy",000186,NO
w2_l9,w2_l9_tr_16,translate,"Թարգմանիր՝ "ամպամած"","cloudy",000192,NO
w2_l9,w2_l9_mc_17,multiple_choice,"Ընտրիր "անձրևոտ"-ի թարգմանությունը","rainy",000196,NO
w2_l9,w2_l9_tr_17,translate,"Թարգմանիր՝ "անձրևոտ"","rainy",000202,NO
w2_l9,w2_l9_mc_18,multiple_choice,"Ընտրիր "ձյունոտ"-ի թարգմանությունը","snowy",000206,NO
w2_l9,w2_l9_tr_18,translate,"Թարգմանիր՝ "ձյունոտ"","snowy",000212,NO
w2_l9,w2_l9_mc_19,multiple_choice,"Ընտրիր "քամոտ"-ի թարգմանությունը","windy",000216,NO
w2_l9,w2_l9_tr_19,translate,"Թարգմանիր՝ "քամոտ"","windy",000222,NO
w2_l9,w2_l9_mc_20,multiple_choice,"Ընտրիր "գարուն"-ի թարգմանությունը","spring",000226,NO
w2_l9,w2_l9_tr_20,translate,"Թարգմանիր՝ "գարուն"","spring",000232,NO
w2_l9,w2_l9_mc_21,multiple_choice,"Ընտրիր "ամառ"-ի թարգմանությունը","summer",000236,NO
w2_l9,w2_l9_tr_21,translate,"Թարգմանիր՝ "ամառ"","summer",000242,NO
w2_l9,w2_l9_mc_22,multiple_choice,"Ընտրիր "աշուն"-ի թարգմանությունը","autumn",000246,NO
w2_l9,w2_l9_tr_22,translate,"Թարգմանիր՝ "աշուն"","autumn",000252,NO
w2_l9,w2_l9_mc_23,multiple_choice,"Ընտրիր "ձմեռ"-ի թարգմանությունը","winter",000256,NO
w2_l9,w2_l9_tr_23,translate,"Թարգմանիր՝ "ձմեռ"","winter",000262,NO
w2_l9,w2_l9_mc_24,multiple_choice,"Ընտրիր "աստիճան"-ի թարգմանությունը","degree",000266,NO
w2_l9,w2_l9_tr_24,translate,"Թարգմանիր՝ "աստիճան"","degree",000272,NO
w2_l9,w2_l9_match,match_pairs,"Կապիր հայերեն բառերը անգլերեն թարգմանությունների հետ","",005287,NO
w2_l10,w2_l10_mc_0,multiple_choice,"Ընտրիր "ժամ"-ի թարգմանությունը","hour",000026,NO
w2_l10,w2_l10_tr_0,translate,"Թարգմանիր՝ "ժամ"","hour",000032,NO
w2_l10,w2_l10_mc_1,multiple_choice,"Ընտրիր "րոպե"-ի թարգմանությունը","minute",000036,NO
w2_l10,w2_l10_tr_1,translate,"Թարգմանիր՝ "րոպե"","minute",000042,NO
w2_l10,w2_l10_mc_2,multiple_choice,"Ընտրիր "վայրկյան"-ի թարգմանությունը","second",000046,NO
w2_l10,w2_l10_tr_2,translate,"Թարգմանիր՝ "վայրկյան"","second",000052,NO
w2_l10,w2_l10_mc_3,multiple_choice,"Ընտրիր "օր"-ի թարգմանությունը","day",000056,NO
w2_l10,w2_l10_tr_3,translate,"Թարգմանիր՝ "օր"","day",000062,NO
w2_l10,w2_l10_mc_4,multiple_choice,"Ընտրիր "շաբաթ"-ի թարգմանությունը","week",000066,NO
w2_l10,w2_l10_tr_4,translate,"Թարգմանիր՝ "շաբաթ"","week",000072,NO
w2_l10,w2_l10_mc_5,multiple_choice,"Ընտրիր "ամիս"-ի թարգմանությունը","month",000076,NO
w2_l10,w2_l10_tr_5,translate,"Թարգմանիր՝ "ամիս"","month",000082,NO
w2_l10,w2_l10_mc_6,multiple_choice,"Ընտրիր "տարի"-ի թարգմանությունը","year",000086,NO
w2_l10,w2_l10_tr_6,translate,"Թարգմանիր՝ "տարի"","year",000092,NO
w2_l10,w2_l10_mc_7,multiple_choice,"Ընտրիր "այսօր"-ի թարգմանությունը","today",000096,NO
w2_l10,w2_l10_tr_7,translate,"Թարգմանիր՝ "այսօր"","today",000102,NO
w2_l10,w2_l10_mc_8,multiple_choice,"Ընտրիր "վաղը"-ի թարգմանությունը","tomorrow",000106,NO
w2_l10,w2_l10_tr_8,translate,"Թարգմանիր՝ "վաղը"","tomorrow",000112,NO
w2_l10,w2_l10_mc_9,multiple_choice,"Ընտրիր "երեկ"-ի թարգմանությունը","yesterday",000116,NO
w2_l10,w2_l10_tr_9,translate,"Թարգմանիր՝ "երեկ"","yesterday",000122,NO
w2_l10,w2_l10_mc_10,multiple_choice,"Ընտրիր "հիմա"-ի թարգմանությունը","now",000126,NO
w2_l10,w2_l10_tr_10,translate,"Թարգմանիր՝ "հիմա"","now",000132,NO
w2_l10,w2_l10_mc_11,multiple_choice,"Ընտրիր "հետո"-ի թարգմանությունը","later",000136,NO
w2_l10,w2_l10_tr_11,translate,"Թարգմանիր՝ "հետո"","later",000142,NO
w2_l10,w2_l10_mc_12,multiple_choice,"Ընտրիր "առավոտ"-ի թարգմանությունը","morning",000146,NO
w2_l10,w2_l10_tr_12,translate,"Թարգմանիր՝ "առավոտ"","morning",000152,NO
w2_l10,w2_l10_mc_13,multiple_choice,"Ընտրիր "կեսօր"-ի թարգմանությունը","noon",000156,NO
w2_l10,w2_l10_tr_13,translate,"Թարգմանիր՝ "կեսօր"","noon",000162,NO
w2_l10,w2_l10_mc_14,multiple_choice,"Ընտրիր "երեկո"-ի թարգմանությունը","evening",000166,NO
w2_l10,w2_l10_tr_14,translate,"Թարգմանիր՝ "երեկո"","evening",000172,NO
w2_l10,w2_l10_mc_15,multiple_choice,"Ընտրիր "գիշեր"-ի թարգմանությունը","night",000176,NO
w2_l10,w2_l10_tr_15,translate,"Թարգմանիր՝ "գիշեր"","night",000182,NO
w2_l10,w2_l10_mc_16,multiple_choice,"Ընտրիր "երկուշաբթի"-ի թարգմանությունը","Monday",000186,NO
w2_l10,w2_l10_tr_16,translate,"Թարգմանիր՝ "երկուշաբթի"","Monday",000192,NO
w2_l10,w2_l10_mc_17,multiple_choice,"Ընտրիր "երեքշաբթի"-ի թարգմանությունը","Tuesday",000196,NO
w2_l10,w2_l10_tr_17,translate,"Թարգմանիր՝ "երեքշաբթի"","Tuesday",000202,NO
w2_l10,w2_l10_mc_18,multiple_choice,"Ընտրիր "չորեքշաբթի"-ի թարգմանությունը","Wednesday",000206,NO
w2_l10,w2_l10_tr_18,translate,"Թարգմանիր՝ "չորեքշաբթի"","Wednesday",000212,NO
w2_l10,w2_l10_mc_19,multiple_choice,"Ընտրիր "հինգշաբթի"-ի թարգմանությունը","Thursday",000216,NO
w2_l10,w2_l10_tr_19,translate,"Թարգմանիր՝ "հինգշաբթի"","Thursday",000222,NO
w2_l10,w2_l10_mc_20,multiple_choice,"Ընտրիր "ուրբաթ"-ի թարգմանությունը","Friday",000226,NO
w2_l10,w2_l10_tr_20,translate,"Թարգմանիր՝ "ուրբաթ"","Friday",000232,NO
w2_l10,w2_l10_mc_21,multiple_choice,"Ընտրիր "շաբաթ"-ի թարգմանությունը","Saturday",000236,NO
w2_l10,w2_l10_tr_21,translate,"Թարգմանիր՝ "շաբաթ"","Saturday",000242,NO
w2_l10,w2_l10_mc_22,multiple_choice,"Ընտրիր "կիրակի"-ի թարգմանությունը","Sunday",000246,NO
w2_l10,w2_l10_tr_22,translate,"Թարգմանիր՝ "կիրակի"","Sunday",000252,NO
w2_l10,w2_l10_mc_23,multiple_choice,"Ընտրիր "ժամացույց"-ի թարգմանությունը","clock",000256,NO
w2_l10,w2_l10_tr_23,translate,"Թարգմանիր՝ "ժամացույց"","clock",000262,NO
w2_l10,w2_l10_mc_24,multiple_choice,"Ընտրիր "օրացույց"-ի թարգմանությունը","calendar",000266,NO
w2_l10,w2_l10_tr_24,translate,"Թարգմանիր՝ "օրացույց"","calendar",000272,NO
w2_l10,w2_l10_match,match_pairs,"Կապիր հայերեն բառերը անգլերեն թարգմանությունների հետ","",005566,NO
w3_l1,w3_l1_mc_0,multiple_choice,"Ընտրիր "օդանավակայան"-ի թարգմանությունը","airport",000026,NO
w3_l1,w3_l1_tr_0,translate,"Թարգմանիր՝ "օդանավակայան"","airport",000032,NO
w3_l1,w3_l1_mc_1,multiple_choice,"Ընտրիր "ինքնաթիռ"-ի թարգմանությունը","airplane",000036,NO
w3_l1,w3_l1_tr_1,translate,"Թարգմանիր՝ "ինքնաթիռ"","airplane",000042,NO
w3_l1,w3_l1_mc_2,multiple_choice,"Ընտրիր "տոմս"-ի թարգմանությունը","ticket",000046,NO
w3_l1,w3_l1_tr_2,translate,"Թարգմանիր՝ "տոմս"","ticket",000052,NO
w3_l1,w3_l1_mc_3,multiple_choice,"Ընտրիր "անձնագիր"-ի թարգմանությունը","passport",000056,NO
w3_l1,w3_l1_tr_3,translate,"Թարգմանիր՝ "անձնագիր"","passport",000062,NO
w3_l1,w3_l1_mc_4,multiple_choice,"Ընտրիր "վիզա"-ի թարգմանությունը","visa",000066,NO
w3_l1,w3_l1_tr_4,translate,"Թարգմանիր՝ "վիզա"","visa",000072,NO
w3_l1,w3_l1_mc_5,multiple_choice,"Ընտրիր "ուղեբեռ"-ի թարգմանությունը","luggage",000076,NO
w3_l1,w3_l1_tr_5,translate,"Թարգմանիր՝ "ուղեբեռ"","luggage",000082,NO
w3_l1,w3_l1_mc_6,multiple_choice,"Ընտրիր "չվերթ"-ի թարգմանությունը","flight",000086,NO
w3_l1,w3_l1_tr_6,translate,"Թարգմանիր՝ "չվերթ"","flight",000092,NO
w3_l1,w3_l1_mc_7,multiple_choice,"Ընտրիր "ուշացում"-ի թարգմանությունը","delay",000096,NO
w3_l1,w3_l1_tr_7,translate,"Թարգմանիր՝ "ուշացում"","delay",000102,NO
w3_l1,w3_l1_mc_8,multiple_choice,"Ընտրիր "ուղևոր"-ի թարգմանությունը","passenger",000106,NO
w3_l1,w3_l1_tr_8,translate,"Թարգմանիր՝ "ուղևոր"","passenger",000112,NO
w3_l1,w3_l1_mc_9,multiple_choice,"Ընտրիր "անձնակազմ"-ի թարգմանությունը","crew",000116,NO
w3_l1,w3_l1_tr_9,translate,"Թարգմանիր՝ "անձնակազմ"","crew",000122,NO
w3_l1,w3_l1_mc_10,multiple_choice,"Ընտրիր "գրանցում"-ի թարգմանությունը","check-in",000126,NO
w3_l1,w3_l1_tr_10,translate,"Թարգմանիր՝ "գրանցում"","check-in",000132,NO
w3_l1,w3_l1_mc_11,multiple_choice,"Ընտրիր "անձնագրային հսկողություն"-ի թարգմանությունը","passport control",000136,NO
w3_l1,w3_l1_tr_11,translate,"Թարգմանիր՝ "անձնագրային հսկողություն"","passport control",000142,NO
w3_l1,w3_l1_mc_12,multiple_choice,"Ընտրիր "մաքսային"-ի թարգմանությունը","customs",000146,NO
w3_l1,w3_l1_tr_12,translate,"Թարգմանիր՝ "մաքսային"","customs",000152,NO
w3_l1,w3_l1_mc_13,multiple_choice,"Ընտրիր "անվտանգություն"-ի թարգմանությունը","security",000156,NO
w3_l1,w3_l1_tr_13,translate,"Թարգմանիր՝ "անվտանգություն"","security",000162,NO
w3_l1,w3_l1_mc_14,multiple_choice,"Ընտրիր "տերմինալ"-ի թարգմանությունը","terminal",000166,NO
w3_l1,w3_l1_tr_14,translate,"Թարգմանիր՝ "տերմինալ"","terminal",000172,NO
w3_l1,w3_l1_mc_15,multiple_choice,"Ընտրիր "դարպաս"-ի թարգմանությունը","gate",000176,NO
w3_l1,w3_l1_tr_15,translate,"Թարգմանիր՝ "դարպաս"","gate",000182,NO
w3_l1,w3_l1_mc_16,multiple_choice,"Ընտրիր "նստեցում"-ի թարգմանությունը","boarding",000186,NO
w3_l1,w3_l1_tr_16,translate,"Թարգմանիր՝ "նստեցում"","boarding",000192,NO
w3_l1,w3_l1_mc_17,multiple_choice,"Ընտրիր "վայրէջք"-ի թարգմանությունը","landing",000196,NO
w3_l1,w3_l1_tr_17,translate,"Թարգմանիր՝ "վայրէջք"","landing",000202,NO
w3_l1,w3_l1_mc_18,multiple_choice,"Ընտրիր "թռիչք"-ի թարգմանությունը","takeoff",000206,NO
w3_l1,w3_l1_tr_18,translate,"Թարգմանիր՝ "թռիչք"","takeoff",000212,NO
w3_l1,w3_l1_mc_19,multiple_choice,"Ընտրիր "կոնտրոլ"-ի թարգմանությունը","control",000216,NO
w3_l1,w3_l1_tr_19,translate,"Թարգմանիր՝ "կոնտրոլ"","control",000222,NO
w3_l1,w3_l1_mc_20,multiple_choice,"Ընտրիր "հետաձգում"-ի թարգմանությունը","postponement",000226,NO
w3_l1,w3_l1_tr_20,translate,"Թարգմանիր՝ "հետաձգում"","postponement",000232,NO
w3_l1,w3_l1_mc_21,multiple_choice,"Ընտրիր "չեղարկում"-ի թարգմանությունը","cancellation",000236,NO
w3_l1,w3_l1_tr_21,translate,"Թարգմանիր՝ "չեղարկում"","cancellation",000242,NO
w3_l1,w3_l1_mc_22,multiple_choice,"Ընտրիր "ստուգում"-ի թարգմանությունը","inspection",000246,NO
w3_l1,w3_l1_tr_22,translate,"Թարգմանիր՝ "ստուգում"","inspection",000252,NO
w3_l1,w3_l1_mc_23,multiple_choice,"Ընտրիր "դույլ"-ի թարգմանությունը","tray",000256,NO
w3_l1,w3_l1_tr_23,translate,"Թարգմանիր՝ "դույլ"","tray",000262,NO
w3_l1,w3_l1_mc_24,multiple_choice,"Ընտրիր "պայուսակ"-ի թարգմանությունը","bag",000266,NO
w3_l1,w3_l1_tr_24,translate,"Թարգմանիր՝ "պայուսակ"","bag",000272,NO
w3_l1,w3_l1_match,match_pairs,"Կապիր հայերեն բառերը անգլերեն թարգմանությունների հետ","",005845,NO
w3_l2,w3_l2_mc_0,multiple_choice,"Ընտրիր "տաքսի"-ի թարգմանությունը","taxi",000026,NO
w3_l2,w3_l2_tr_0,translate,"Թարգմանիր՝ "տաքսի"","taxi",000032,NO
w3_l2,w3_l2_mc_1,multiple_choice,"Ընտրիր "վարորդ"-ի թարգմանությունը","driver",000036,NO
w3_l2,w3_l2_tr_1,translate,"Թարգմանիր՝ "վարորդ"","driver",000042,NO
w3_l2,w3_l2_mc_2,multiple_choice,"Ընտրիր "հասցե"-ի թարգմանությունը","address",000046,NO
w3_l2,w3_l2_tr_2,translate,"Թարգմանիր՝ "հասցե"","address",000052,NO
w3_l2,w3_l2_mc_3,multiple_choice,"Ընտրիր "հաշվիչ"-ի թարգմանությունը","meter",000056,NO
w3_l2,w3_l2_tr_3,translate,"Թարգմանիր՝ "հաշվիչ"","meter",000062,NO
w3_l2,w3_l2_mc_4,multiple_choice,"Ընտրիր "գին"-ի թարգմանությունը","price",000066,NO
w3_l2,w3_l2_tr_4,translate,"Թարգմանիր՝ "գին"","price",000072,NO
w3_l2,w3_l2_mc_5,multiple_choice,"Ընտրիր "կանգառ"-ի թարգմանությունը","stop",000076,NO
w3_l2,w3_l2_tr_5,translate,"Թարգմանիր՝ "կանգառ"","stop",000082,NO
w3_l2,w3_l2_mc_6,multiple_choice,"Ընտրիր "փողոց"-ի թարգմանությունը","street",000086,NO
w3_l2,w3_l2_tr_6,translate,"Թարգմանիր՝ "փողոց"","street",000092,NO
w3_l2,w3_l2_mc_7,multiple_choice,"Ընտրիր "պողոտա"-ի թարգմանությունը","avenue",000096,NO
w3_l2,w3_l2_tr_7,translate,"Թարգմանիր՝ "պողոտա"","avenue",000102,NO
w3_l2,w3_l2_mc_8,multiple_choice,"Ընտրիր "քառուղի"-ի թարգմանությունը","intersection",000106,NO
w3_l2,w3_l2_tr_8,translate,"Թարգմանիր՝ "քառուղի"","intersection",000112,NO
w3_l2,w3_l2_mc_9,multiple_choice,"Ընտրիր "լույս"-ի թարգմանությունը","light",000116,NO
w3_l2,w3_l2_tr_9,translate,"Թարգմանիր՝ "լույս"","light",000122,NO
w3_l2,w3_l2_mc_10,multiple_choice,"Ընտրիր "աջ"-ի թարգմանությունը","right",000126,NO
w3_l2,w3_l2_tr_10,translate,"Թարգմանիր՝ "աջ"","right",000132,NO
w3_l2,w3_l2_mc_11,multiple_choice,"Ընտրիր "ձախ"-ի թարգմանությունը","left",000136,NO
w3_l2,w3_l2_tr_11,translate,"Թարգմանիր՝ "ձախ"","left",000142,NO
w3_l2,w3_l2_mc_12,multiple_choice,"Ընտրիր "ուղիղ"-ի թարգմանությունը","straight",000146,NO
w3_l2,w3_l2_tr_12,translate,"Թարգմանիր՝ "ուղիղ"","straight",000152,NO
w3_l2,w3_l2_mc_13,multiple_choice,"Ընտրիր "հետ"-ի թարգմանությունը","back",000156,NO
w3_l2,w3_l2_tr_13,translate,"Թարգմանիր՝ "հետ"","back",000162,NO
w3_l2,w3_l2_mc_14,multiple_choice,"Ընտրիր "արագ"-ի թարգմանությունը","fast",000166,NO
w3_l2,w3_l2_tr_14,translate,"Թարգմանիր՝ "արագ"","fast",000172,NO
w3_l2,w3_l2_mc_15,multiple_choice,"Ընտրիր "դանդաղ"-ի թարգմանությունը","slow",000176,NO
w3_l2,w3_l2_tr_15,translate,"Թարգմանիր՝ "դանդաղ"","slow",000182,NO
w3_l2,w3_l2_mc_16,multiple_choice,"Ընտրիր "կանգնել"-ի թարգմանությունը","to stop",000186,NO
w3_l2,w3_l2_tr_16,translate,"Թարգմանիր՝ "կանգնել"","to stop",000192,NO
w3_l2,w3_l2_mc_17,multiple_choice,"Ընտրիր "գնալ"-ի թարգմանությունը","to go",000196,NO
w3_l2,w3_l2_tr_17,translate,"Թարգմանիր՝ "գնալ"","to go",000202,NO
w3_l2,w3_l2_mc_18,multiple_choice,"Ընտրիր "շրջել"-ի թարգմանությունը","to turn",000206,NO
w3_l2,w3_l2_tr_18,translate,"Թարգմանիր՝ "շրջել"","to turn",000212,NO
w3_l2,w3_l2_mc_19,multiple_choice,"Ընտրիր "կամուրջ"-ի թարգմանությունը","bridge",000216,NO
w3_l2,w3_l2_tr_19,translate,"Թարգմանիր՝ "կամուրջ"","bridge",000222,NO
w3_l2,w3_l2_mc_20,multiple_choice,"Ընտրիր "քիլոմետր"-ի թարգմանությունը","kilometer",000226,NO
w3_l2,w3_l2_tr_20,translate,"Թարգմանիր՝ "քիլոմետր"","kilometer",000232,NO
w3_l2,w3_l2_mc_21,multiple_choice,"Ընտրիր "քարտեզ"-ի թարգմանությունը","map",000236,NO
w3_l2,w3_l2_tr_21,translate,"Թարգմանիր՝ "քարտեզ"","map",000242,NO
w3_l2,w3_l2_mc_22,multiple_choice,"Ընտրիր "զբոսաշրջիկ"-ի թարգմանությունը","tourist",000246,NO
w3_l2,w3_l2_tr_22,translate,"Թարգմանիր՝ "զբոսաշրջիկ"","tourist",000252,NO
w3_l2,w3_l2_mc_23,multiple_choice,"Ընտրիր "կողքին"-ի թարգմանությունը","next to",000256,NO
w3_l2,w3_l2_tr_23,translate,"Թարգմանիր՝ "կողքին"","next to",000262,NO
w3_l2,w3_l2_mc_24,multiple_choice,"Ընտրիր "մոտ"-ի թարգմանությունը","near",000266,NO
w3_l2,w3_l2_tr_24,translate,"Թարգմանիր՝ "մոտ"","near",000272,NO
w3_l2,w3_l2_match,match_pairs,"Կապիր հայերեն բառերը անգլերեն թարգմանությունների հետ","",006124,NO
w3_l3,w3_l3_mc_0,multiple_choice,"Ընտրիր "հյուրանոց"-ի թարգմանությունը","hotel",000026,NO
w3_l3,w3_l3_tr_0,translate,"Թարգմանիր՝ "հյուրանոց"","hotel",000032,NO
w3_l3,w3_l3_mc_1,multiple_choice,"Ընտրիր "համար"-ի թարգմանությունը","room",000036,NO
w3_l3,w3_l3_tr_1,translate,"Թարգմանիր՝ "համար"","room",000042,NO
w3_l3,w3_l3_mc_2,multiple_choice,"Ընտրիր "ընդունարան"-ի թարգմանությունը","reception",000046,NO
w3_l3,w3_l3_tr_2,translate,"Թարգմանիր՝ "ընդունարան"","reception",000052,NO
w3_l3,w3_l3_mc_3,multiple_choice,"Ընտրիր "բանալի"-ի թարգմանությունը","key",000056,NO
w3_l3,w3_l3_tr_3,translate,"Թարգմանիր՝ "բանալի"","key",000062,NO
w3_l3,w3_l3_mc_4,multiple_choice,"Ընտրիր "հարկ"-ի թարգմանությունը","floor",000066,NO
w3_l3,w3_l3_tr_4,translate,"Թարգմանիր՝ "հարկ"","floor",000072,NO
w3_l3,w3_l3_mc_5,multiple_choice,"Ընտրիր "վերելակ"-ի թարգմանությունը","elevator",000076,NO
w3_l3,w3_l3_tr_5,translate,"Թարգմանիր՝ "վերելակ"","elevator",000082,NO
w3_l3,w3_l3_mc_6,multiple_choice,"Ընտրիր "աստիճան"-ի թարգմանությունը","stairs",000086,NO
w3_l3,w3_l3_tr_6,translate,"Թարգմանիր՝ "աստիճան"","stairs",000092,NO
w3_l3,w3_l3_mc_7,multiple_choice,"Ընտրիր "անկողին"-ի թարգմանությունը","bed",000096,NO
w3_l3,w3_l3_tr_7,translate,"Թարգմանիր՝ "անկողին"","bed",000102,NO
w3_l3,w3_l3_mc_8,multiple_choice,"Ընտրիր "լոգարան"-ի թարգմանությունը","bathroom",000106,NO
w3_l3,w3_l3_tr_8,translate,"Թարգմանիր՝ "լոգարան"","bathroom",000112,NO
w3_l3,w3_l3_mc_9,multiple_choice,"Ընտրիր "սրբիչ"-ի թարգմանությունը","towel",000116,NO
w3_l3,w3_l3_tr_9,translate,"Թարգմանիր՝ "սրբիչ"","towel",000122,NO
w3_l3,w3_l3_mc_10,multiple_choice,"Ընտրիր "օճառ"-ի թարգմանությունը","soap",000126,NO
w3_l3,w3_l3_tr_10,translate,"Թարգմանիր՝ "օճառ"","soap",000132,NO
w3_l3,w3_l3_mc_11,multiple_choice,"Ընտրիր "շամպուն"-ի թարգմանությունը","shampoo",000136,NO
w3_l3,w3_l3_tr_11,translate,"Թարգմանիր՝ "շամպուն"","shampoo",000142,NO
w3_l3,w3_l3_mc_12,multiple_choice,"Ընտրիր "նախաճաշ"-ի թարգմանությունը","breakfast",000146,NO
w3_l3,w3_l3_tr_12,translate,"Թարգմանիր՝ "նախաճաշ"","breakfast",000152,NO
w3_l3,w3_l3_mc_13,multiple_choice,"Ընտրիր "ճաշ"-ի թարգմանությունը","lunch",000156,NO
w3_l3,w3_l3_tr_13,translate,"Թարգմանիր՝ "ճաշ"","lunch",000162,NO
w3_l3,w3_l3_mc_14,multiple_choice,"Ընտրիր "ընթրիք"-ի թարգմանությունը","dinner",000166,NO
w3_l3,w3_l3_tr_14,translate,"Թարգմանիր՝ "ընթրիք"","dinner",000172,NO
w3_l3,w3_l3_mc_15,multiple_choice,"Ընտրիր "wifi"-ի թարգմանությունը","wifi",000176,NO
w3_l3,w3_l3_tr_15,translate,"Թարգմանիր՝ "wifi"","wifi",000182,NO
w3_l3,w3_l3_mc_16,multiple_choice,"Ընտրիր "կլիմայատար"-ի թարգմանությունը","air conditioner",000186,NO
w3_l3,w3_l3_tr_16,translate,"Թարգմանիր՝ "կլիմայատար"","air conditioner",000192,NO
w3_l3,w3_l3_mc_17,multiple_choice,"Ընտրիր "հեռուստացույց"-ի թարգմանությունը","TV",000196,NO
w3_l3,w3_l3_tr_17,translate,"Թարգմանիր՝ "հեռուստացույց"","TV",000202,NO
w3_l3,w3_l3_mc_18,multiple_choice,"Ընտրիր "պատուհան"-ի թարգմանությունը","window",000206,NO
w3_l3,w3_l3_tr_18,translate,"Թարգմանիր՝ "պատուհան"","window",000212,NO
w3_l3,w3_l3_mc_19,multiple_choice,"Ընտրիր "հանգիստ"-ի թարգմանությունը","quiet",000216,NO
w3_l3,w3_l3_tr_19,translate,"Թարգմանիր՝ "հանգիստ"","quiet",000222,NO
w3_l3,w3_l3_mc_20,multiple_choice,"Ընտրիր "աղմկոտ"-ի թարգմանությունը","noisy",000226,NO
w3_l3,w3_l3_tr_20,translate,"Թարգմանիր՝ "աղմկոտ"","noisy",000232,NO
w3_l3,w3_l3_mc_21,multiple_choice,"Ընտրիր "մաքուր"-ի թարգմանությունը","clean",000236,NO
w3_l3,w3_l3_tr_21,translate,"Թարգմանիր՝ "մաքուր"","clean",000242,NO
w3_l3,w3_l3_mc_22,multiple_choice,"Ընտրիր "կեղտոտ"-ի թարգմանությունը","dirty",000246,NO
w3_l3,w3_l3_tr_22,translate,"Թարգմանիր՝ "կեղտոտ"","dirty",000252,NO
w3_l3,w3_l3_mc_23,multiple_choice,"Ընտրիր "ամրագրում"-ի թարգմանությունը","reservation",000256,NO
w3_l3,w3_l3_tr_23,translate,"Թարգմանիր՝ "ամրագրում"","reservation",000262,NO
w3_l3,w3_l3_mc_24,multiple_choice,"Ընտրիր "հաշիվ"-ի թարգմանությունը","bill",000266,NO
w3_l3,w3_l3_tr_24,translate,"Թարգմանիր՝ "հաշիվ"","bill",000272,NO
w3_l3,w3_l3_match,match_pairs,"Կապիր հայերեն բառերը անգլերեն թարգմանությունների հետ","",006403,NO
w3_l4,w3_l4_mc_0,multiple_choice,"Ընտրիր "աջ"-ի թարգմանությունը","right",000026,NO
w3_l4,w3_l4_tr_0,translate,"Թարգմանիր՝ "աջ"","right",000032,NO
w3_l4,w3_l4_mc_1,multiple_choice,"Ընտրիր "ձախ"-ի թարգմանությունը","left",000036,NO
w3_l4,w3_l4_tr_1,translate,"Թարգմանիր՝ "ձախ"","left",000042,NO
w3_l4,w3_l4_mc_2,multiple_choice,"Ընտրիր "ուղիղ"-ի թարգմանությունը","straight",000046,NO
w3_l4,w3_l4_tr_2,translate,"Թարգմանիր՝ "ուղիղ"","straight",000052,NO
w3_l4,w3_l4_mc_3,multiple_choice,"Ընտրիր "հետ"-ի թարգմանությունը","back",000056,NO
w3_l4,w3_l4_tr_3,translate,"Թարգմանիր՝ "հետ"","back",000062,NO
w3_l4,w3_l4_mc_4,multiple_choice,"Ընտրիր "հյուսիս"-ի թարգմանությունը","north",000066,NO
w3_l4,w3_l4_tr_4,translate,"Թարգմանիր՝ "հյուսիս"","north",000072,NO
w3_l4,w3_l4_mc_5,multiple_choice,"Ընտրիր "հարավ"-ի թարգմանությունը","south",000076,NO
w3_l4,w3_l4_tr_5,translate,"Թարգմանիր՝ "հարավ"","south",000082,NO
w3_l4,w3_l4_mc_6,multiple_choice,"Ընտրիր "արևելք"-ի թարգմանությունը","east",000086,NO
w3_l4,w3_l4_tr_6,translate,"Թարգմանիր՝ "արևելք"","east",000092,NO
w3_l4,w3_l4_mc_7,multiple_choice,"Ընտրիր "արևմուտք"-ի թարգմանությունը","west",000096,NO
w3_l4,w3_l4_tr_7,translate,"Թարգմանիր՝ "արևմուտք"","west",000102,NO
w3_l4,w3_l4_mc_8,multiple_choice,"Ընտրիր "կողքին"-ի թարգմանությունը","next to",000106,NO
w3_l4,w3_l4_tr_8,translate,"Թարգմանիր՝ "կողքին"","next to",000112,NO
w3_l4,w3_l4_mc_9,multiple_choice,"Ընտրիր "դիմաց"-ի թարգմանությունը","in front of",000116,NO
w3_l4,w3_l4_tr_9,translate,"Թարգմանիր՝ "դիմաց"","in front of",000122,NO
w3_l4,w3_l4_mc_10,multiple_choice,"Ընտրիր "հետևում"-ի թարգմանությունը","behind",000126,NO
w3_l4,w3_l4_tr_10,translate,"Թարգմանիր՝ "հետևում"","behind",000132,NO
w3_l4,w3_l4_mc_11,multiple_choice,"Ընտրիր "մեջ"-ի թարգմանությունը","in",000136,NO
w3_l4,w3_l4_tr_11,translate,"Թարգմանիր՝ "մեջ"","in",000142,NO
w3_l4,w3_l4_mc_12,multiple_choice,"Ընտրիր "վրա"-ի թարգմանությունը","on",000146,NO
w3_l4,w3_l4_tr_12,translate,"Թարգմանիր՝ "վրա"","on",000152,NO
w3_l4,w3_l4_mc_13,multiple_choice,"Ընտրիր "տակ"-ի թարգմանությունը","under",000156,NO
w3_l4,w3_l4_tr_13,translate,"Թարգմանիր՝ "տակ"","under",000162,NO
w3_l4,w3_l4_mc_14,multiple_choice,"Ընտրիր "մոտ"-ի թարգմանությունը","near",000166,NO
w3_l4,w3_l4_tr_14,translate,"Թարգմանիր՝ "մոտ"","near",000172,NO
w3_l4,w3_l4_mc_15,multiple_choice,"Ընտրիր "հեռու"-ի թարգմանությունը","far",000176,NO
w3_l4,w3_l4_tr_15,translate,"Թարգմանիր՝ "հեռու"","far",000182,NO
w3_l4,w3_l4_mc_16,multiple_choice,"Ընտրիր "խաչմերուկ"-ի թարգմանությունը","crossroads",000186,NO
w3_l4,w3_l4_tr_16,translate,"Թարգմանիր՝ "խաչմերուկ"","crossroads",000192,NO
w3_l4,w3_l4_mc_17,multiple_choice,"Ընտրիր "անկյուն"-ի թարգմանությունը","corner",000196,NO
w3_l4,w3_l4_tr_17,translate,"Թարգմանիր՝ "անկյուն"","corner",000202,NO
w3_l4,w3_l4_mc_18,multiple_choice,"Ընտրիր "պողոտա"-ի թարգմանությունը","avenue",000206,NO
w3_l4,w3_l4_tr_18,translate,"Թարգմանիր՝ "պողոտա"","avenue",000212,NO
w3_l4,w3_l4_mc_19,multiple_choice,"Ընտրիր "փողոց"-ի թարգմանությունը","street",000216,NO
w3_l4,w3_l4_tr_19,translate,"Թարգմանիր՝ "փողոց"","street",000222,NO
w3_l4,w3_l4_mc_20,multiple_choice,"Ընտրիր "քարտեզ"-ի թարգմանությունը","map",000226,NO
w3_l4,w3_l4_tr_20,translate,"Թարգմանիր՝ "քարտեզ"","map",000232,NO
w3_l4,w3_l4_mc_21,multiple_choice,"Ընտրիր "կողմնացույց"-ի թարգմանությունը","compass",000236,NO
w3_l4,w3_l4_tr_21,translate,"Թարգմանիր՝ "կողմնացույց"","compass",000242,NO
w3_l4,w3_l4_mc_22,multiple_choice,"Ընտրիր "գալ"-ի թարգմանությունը","to come",000246,NO
w3_l4,w3_l4_tr_22,translate,"Թարգմանիր՝ "գալ"","to come",000252,NO
w3_l4,w3_l4_mc_23,multiple_choice,"Ընտրիր "գնալ"-ի թարգմանությունը","to go",000256,NO
w3_l4,w3_l4_tr_23,translate,"Թարգմանիր՝ "գնալ"","to go",000262,NO
w3_l4,w3_l4_mc_24,multiple_choice,"Ընտրիր "անցնել"-ի թարգմանությունը","to cross",000266,NO
w3_l4,w3_l4_tr_24,translate,"Թարգմանիր՝ "անցնել"","to cross",000272,NO
w3_l4,w3_l4_match,match_pairs,"Կապիր հայերեն բառերը անգլերեն թարգմանությունների հետ","",006682,NO
w3_l5,w3_l5_mc_0,multiple_choice,"Ընտրիր "գնացք"-ի թարգմանությունը","train",000026,NO
w3_l5,w3_l5_tr_0,translate,"Թարգմանիր՝ "գնացք"","train",000032,NO
w3_l5,w3_l5_mc_1,multiple_choice,"Ընտրիր "կայարան"-ի թարգմանությունը","station",000036,NO
w3_l5,w3_l5_tr_1,translate,"Թարգմանիր՝ "կայարան"","station",000042,NO
w3_l5,w3_l5_mc_2,multiple_choice,"Ընտրիր "հարթակ"-ի թարգմանությունը","platform",000046,NO
w3_l5,w3_l5_tr_2,translate,"Թարգմանիր՝ "հարթակ"","platform",000052,NO
w3_l5,w3_l5_mc_3,multiple_choice,"Ընտրիր "տոմս"-ի թարգմանությունը","ticket",000056,NO
w3_l5,w3_l5_tr_3,translate,"Թարգմանիր՝ "տոմս"","ticket",000062,NO
w3_l5,w3_l5_mc_4,multiple_choice,"Ընտրիր "վագոն"-ի թարգմանությունը","carriage",000066,NO
w3_l5,w3_l5_tr_4,translate,"Թարգմանիր՝ "վագոն"","carriage",000072,NO
w3_l5,w3_l5_mc_5,multiple_choice,"Ընտրիր "տեղ"-ի թարգմանությունը","seat",000076,NO
w3_l5,w3_l5_tr_5,translate,"Թարգմանիր՝ "տեղ"","seat",000082,NO
w3_l5,w3_l5_mc_6,multiple_choice,"Ընտրիր "ճանապարհ"-ի թարգմանությունը","route",000086,NO
w3_l5,w3_l5_tr_6,translate,"Թարգմանիր՝ "ճանապարհ"","route",000092,NO
w3_l5,w3_l5_mc_7,multiple_choice,"Ընտրիր "մեկնում"-ի թարգմանությունը","departure",000096,NO
w3_l5,w3_l5_tr_7,translate,"Թարգմանիր՝ "մեկնում"","departure",000102,NO
w3_l5,w3_l5_mc_8,multiple_choice,"Ընտրիր "ժամանում"-ի թարգմանությունը","arrival",000106,NO
w3_l5,w3_l5_tr_8,translate,"Թարգմանիր՝ "ժամանում"","arrival",000112,NO
w3_l5,w3_l5_mc_9,multiple_choice,"Ընտրիր "ուղիղ"-ի թարգմանությունը","direct",000116,NO
w3_l5,w3_l5_tr_9,translate,"Թարգմանիր՝ "ուղիղ"","direct",000122,NO
w3_l5,w3_l5_mc_10,multiple_choice,"Ընտրիր "անցում"-ի թարգմանությունը","transfer",000126,NO
w3_l5,w3_l5_tr_10,translate,"Թարգմանիր՝ "անցում"","transfer",000132,NO
w3_l5,w3_l5_mc_11,multiple_choice,"Ընտրիր "գիշերային"-ի թարգմանությունը","night",000136,NO
w3_l5,w3_l5_tr_11,translate,"Թարգմանիր՝ "գիշերային"","night",000142,NO
w3_l5,w3_l5_mc_12,multiple_choice,"Ընտրիր "ցերեկային"-ի թարգմանությունը","day",000146,NO
w3_l5,w3_l5_tr_12,translate,"Թարգմանիր՝ "ցերեկային"","day",000152,NO
w3_l5,w3_l5_mc_13,multiple_choice,"Ընտրիր "դանդաղ"-ի թարգմանությունը","slow",000156,NO
w3_l5,w3_l5_tr_13,translate,"Թարգմանիր՝ "դանդաղ"","slow",000162,NO
w3_l5,w3_l5_mc_14,multiple_choice,"Ընտրիր "արագ"-ի թարգմանությունը","fast",000166,NO
w3_l5,w3_l5_tr_14,translate,"Թարգմանիր՝ "արագ"","fast",000172,NO
w3_l5,w3_l5_mc_15,multiple_choice,"Ընտրիր "մետրո"-ի թարգմանությունը","metro",000176,NO
w3_l5,w3_l5_tr_15,translate,"Թարգմանիր՝ "մետրո"","metro",000182,NO
w3_l5,w3_l5_mc_16,multiple_choice,"Ընտրիր "էլեկտրագնացք"-ի թարգմանությունը","electric train",000186,NO
w3_l5,w3_l5_tr_16,translate,"Թարգմանիր՝ "էլեկտրագնացք"","electric train",000192,NO
w3_l5,w3_l5_mc_17,multiple_choice,"Ընտրիր "ուղեկից"-ի թարգմանությունը","conductor",000196,NO
w3_l5,w3_l5_tr_17,translate,"Թարգմանիր՝ "ուղեկից"","conductor",000202,NO
w3_l5,w3_l5_mc_18,multiple_choice,"Ընտրիր "հատատորեն"-ի թարգմանությունը","specifically",000206,NO
w3_l5,w3_l5_tr_18,translate,"Թարգմանիր՝ "հատատորեն"","specifically",000212,NO
w3_l5,w3_l5_mc_19,multiple_choice,"Ընտրիր "ուղևոր"-ի թարգմանությունը","passenger",000216,NO
w3_l5,w3_l5_tr_19,translate,"Թարգմանիր՝ "ուղևոր"","passenger",000222,NO
w3_l5,w3_l5_mc_20,multiple_choice,"Ընտրիր "դուռ"-ի թարգմանությունը","door",000226,NO
w3_l5,w3_l5_tr_20,translate,"Թարգմանիր՝ "դուռ"","door",000232,NO
w3_l5,w3_l5_mc_21,multiple_choice,"Ընտրիր "պատուհան"-ի թարգմանությունը","window",000236,NO
w3_l5,w3_l5_tr_21,translate,"Թարգմանիր՝ "պատուհան"","window",000242,NO
w3_l5,w3_l5_mc_22,multiple_choice,"Ընտրիր "բացել"-ի թարգմանությունը","to open",000246,NO
w3_l5,w3_l5_tr_22,translate,"Թարգմանիր՝ "բացել"","to open",000252,NO
w3_l5,w3_l5_mc_23,multiple_choice,"Ընտրիր "փակել"-ի թարգմանությունը","to close",000256,NO
w3_l5,w3_l5_tr_23,translate,"Թարգմանիր՝ "փակել"","to close",000262,NO
w3_l5,w3_l5_mc_24,multiple_choice,"Ընտրիր "նստել"-ի թարգմանությունը","to sit",000266,NO
w3_l5,w3_l5_tr_24,translate,"Թարգմանիր՝ "նստել"","to sit",000272,NO
w3_l5,w3_l5_match,match_pairs,"Կապիր հայերեն բառերը անգլերեն թարգմանությունների հետ","",006961,NO
w3_l6,w3_l6_mc_0,multiple_choice,"Ընտրիր "ավտոբուս"-ի թարգմանությունը","bus",000026,NO
w3_l6,w3_l6_tr_0,translate,"Թարգմանիր՝ "ավտոբուս"","bus",000032,NO
w3_l6,w3_l6_mc_1,multiple_choice,"Ընտրիր "կանգառ"-ի թարգմանությունը","stop",000036,NO
w3_l6,w3_l6_tr_1,translate,"Թարգմանիր՝ "կանգառ"","stop",000042,NO
w3_l6,w3_l6_mc_2,multiple_choice,"Ընտրիր "երթուղի"-ի թարգմանությունը","route",000046,NO
w3_l6,w3_l6_tr_2,translate,"Թարգմանիր՝ "երթուղի"","route",000052,NO
w3_l6,w3_l6_mc_3,multiple_choice,"Ընտրիր "համար"-ի թարգմանությունը","number",000056,NO
w3_l6,w3_l6_tr_3,translate,"Թարգմանիր՝ "համար"","number",000062,NO
w3_l6,w3_l6_mc_4,multiple_choice,"Ընտրիր "վարորդ"-ի թարգմանությունը","driver",000066,NO
w3_l6,w3_l6_tr_4,translate,"Թարգմանիր՝ "վարորդ"","driver",000072,NO
w3_l6,w3_l6_mc_5,multiple_choice,"Ընտրիր "տոմս"-ի թարգմանությունը","ticket",000076,NO
w3_l6,w3_l6_tr_5,translate,"Թարգմանիր՝ "տոմս"","ticket",000082,NO
w3_l6,w3_l6_mc_6,multiple_choice,"Ընտրիր "անցաթուղթ"-ի թարգմանությունը","pass",000086,NO
w3_l6,w3_l6_tr_6,translate,"Թարգմանիր՝ "անցաթուղթ"","pass",000092,NO
w3_l6,w3_l6_mc_7,multiple_choice,"Ընտրիր "կանգնել"-ի թարգմանությունը","to stop",000096,NO
w3_l6,w3_l6_tr_7,translate,"Թարգմանիր՝ "կանգնել"","to stop",000102,NO
w3_l6,w3_l6_mc_8,multiple_choice,"Ընտրիր "հաջորդ"-ի թարգմանությունը","next",000106,NO
w3_l6,w3_l6_tr_8,translate,"Թարգմանիր՝ "հաջորդ"","next",000112,NO
w3_l6,w3_l6_mc_9,multiple_choice,"Ընտրիր "նախորդ"-ի թարգմանությունը","previous",000116,NO
w3_l6,w3_l6_tr_9,translate,"Թարգմանիր՝ "նախորդ"","previous",000122,NO
w3_l6,w3_l6_mc_10,multiple_choice,"Ընտրիր "մարդաշատ"-ի թարգմանությունը","crowded",000126,NO
w3_l6,w3_l6_tr_10,translate,"Թարգմանիր՝ "մարդաշատ"","crowded",000132,NO
w3_l6,w3_l6_mc_11,multiple_choice,"Ընտրիր "դատարկ"-ի թարգմանությունը","empty",000136,NO
w3_l6,w3_l6_tr_11,translate,"Թարգմանիր՝ "դատարկ"","empty",000142,NO
w3_l6,w3_l6_mc_12,multiple_choice,"Ընտրիր "նստել"-ի թարգմանությունը","to sit",000146,NO
w3_l6,w3_l6_tr_12,translate,"Թարգմանիր՝ "նստել"","to sit",000152,NO
w3_l6,w3_l6_mc_13,multiple_choice,"Ընտրիր "կանգնել"-ի թարգմանությունը","to stand",000156,NO
w3_l6,w3_l6_tr_13,translate,"Թարգմանիր՝ "կանգնել"","to stand",000162,NO
w3_l6,w3_l6_mc_14,multiple_choice,"Ընտրիր "իջնել"-ի թարգմանությունը","to get off",000166,NO
w3_l6,w3_l6_tr_14,translate,"Թարգմանիր՝ "իջնել"","to get off",000172,NO
w3_l6,w3_l6_mc_15,multiple_choice,"Ընտրիր "բարձրանալ"-ի թարգմանությունը","to get on",000176,NO
w3_l6,w3_l6_tr_15,translate,"Թարգմանիր՝ "բարձրանալ"","to get on",000182,NO
w3_l6,w3_l6_mc_16,multiple_choice,"Ընտրիր "կենտրոն"-ի թարգմանությունը","center",000186,NO
w3_l6,w3_l6_tr_16,translate,"Թարգմանիր՝ "կենտրոն"","center",000192,NO
w3_l6,w3_l6_mc_17,multiple_choice,"Ընտրիր "արվարձան"-ի թարգմանությունը","suburb",000196,NO
w3_l6,w3_l6_tr_17,translate,"Թարգմանիր՝ "արվարձան"","suburb",000202,NO
w3_l6,w3_l6_mc_18,multiple_choice,"Ընտրիր "տրանսպորտ"-ի թարգմանությունը","transport",000206,NO
w3_l6,w3_l6_tr_18,translate,"Թարգմանիր՝ "տրանսպորտ"","transport",000212,NO
w3_l6,w3_l6_mc_19,multiple_choice,"Ընտրիր "հանրային"-ի թարգմանությունը","public",000216,NO
w3_l6,w3_l6_tr_19,translate,"Թարգմանիր՝ "հանրային"","public",000222,NO
w3_l6,w3_l6_mc_20,multiple_choice,"Ընտրիր "մարշրուտկա"-ի թարգմանությունը","minibus",000226,NO
w3_l6,w3_l6_tr_20,translate,"Թարգմանիր՝ "մարշրուտկա"","minibus",000232,NO
w3_l6,w3_l6_mc_21,multiple_choice,"Ընտրիր "տրոլեյբուս"-ի թարգմանությունը","trolleybus",000236,NO
w3_l6,w3_l6_tr_21,translate,"Թարգմանիր՝ "տրոլեյբուս"","trolleybus",000242,NO
w3_l6,w3_l6_mc_22,multiple_choice,"Ընտրիր "մետրո"-ի թարգմանությունը","metro",000246,NO
w3_l6,w3_l6_tr_22,translate,"Թարգմանիր՝ "մետրո"","metro",000252,NO
w3_l6,w3_l6_mc_23,multiple_choice,"Ընտրիր "քարտ"-ի թարգմանությունը","card",000256,NO
w3_l6,w3_l6_tr_23,translate,"Թարգմանիր՝ "քարտ"","card",000262,NO
w3_l6,w3_l6_mc_24,multiple_choice,"Ընտրիր "փոխվճար"-ի թարգմանությունը","transfer",000266,NO
w3_l6,w3_l6_tr_24,translate,"Թարգմանիր՝ "փոխվճար"","transfer",000272,NO
w3_l6,w3_l6_match,match_pairs,"Կապիր հայերեն բառերը անգլերեն թարգմանությունների հետ","",007240,NO
w3_l7,w3_l7_mc_0,multiple_choice,"Ընտրիր "զբոսաշրջիկ"-ի թարգմանությունը","tourist",000026,NO
w3_l7,w3_l7_tr_0,translate,"Թարգմանիր՝ "զբոսաշրջիկ"","tourist",000032,NO
w3_l7,w3_l7_mc_1,multiple_choice,"Ընտրիր "զբոսաշրջություն"-ի թարգմանությունը","tourism",000036,NO
w3_l7,w3_l7_tr_1,translate,"Թարգմանիր՝ "զբոսաշրջություն"","tourism",000042,NO
w3_l7,w3_l7_mc_2,multiple_choice,"Ընտրիր "թանգարան"-ի թարգմանությունը","museum",000046,NO
w3_l7,w3_l7_tr_2,translate,"Թարգմանիր՝ "թանգարան"","museum",000052,NO
w3_l7,w3_l7_mc_3,multiple_choice,"Ընտրիր "եկեղեցի"-ի թարգմանությունը","church",000056,NO
w3_l7,w3_l7_tr_3,translate,"Թարգմանիր՝ "եկեղեցի"","church",000062,NO
w3_l7,w3_l7_mc_4,multiple_choice,"Ընտրիր "վանք"-ի թարգմանությունը","monastery",000066,NO
w3_l7,w3_l7_tr_4,translate,"Թարգմանիր՝ "վանք"","monastery",000072,NO
w3_l7,w3_l7_mc_5,multiple_choice,"Ընտրիր "բերդ"-ի թարգմանությունը","fortress",000076,NO
w3_l7,w3_l7_tr_5,translate,"Թարգմանիր՝ "բերդ"","fortress",000082,NO
w3_l7,w3_l7_mc_6,multiple_choice,"Ընտրիր "քանդակ"-ի թարգմանությունը","sculpture",000086,NO
w3_l7,w3_l7_tr_6,translate,"Թարգմանիր՝ "քանդակ"","sculpture",000092,NO
w3_l7,w3_l7_mc_7,multiple_choice,"Ընտրիր "հուշարձան"-ի թարգմանությունը","monument",000096,NO
w3_l7,w3_l7_tr_7,translate,"Թարգմանիր՝ "հուշարձան"","monument",000102,NO
w3_l7,w3_l7_mc_8,multiple_choice,"Ընտրիր "այգի"-ի թարգմանությունը","park",000106,NO
w3_l7,w3_l7_tr_8,translate,"Թարգմանիր՝ "այգի"","park",000112,NO
w3_l7,w3_l7_mc_9,multiple_choice,"Ընտրիր "հրապարակ"-ի թարգմանությունը","square",000116,NO
w3_l7,w3_l7_tr_9,translate,"Թարգմանիր՝ "հրապարակ"","square",000122,NO
w3_l7,w3_l7_mc_10,multiple_choice,"Ընտրիր "էքսկուրսիա"-ի թարգմանությունը","tour",000126,NO
w3_l7,w3_l7_tr_10,translate,"Թարգմանիր՝ "էքսկուրսիա"","tour",000132,NO
w3_l7,w3_l7_mc_11,multiple_choice,"Ընտրիր "ուղեկցորդ"-ի թարգմանությունը","guide",000136,NO
w3_l7,w3_l7_tr_11,translate,"Թարգմանիր՝ "ուղեկցորդ"","guide",000142,NO
w3_l7,w3_l7_mc_12,multiple_choice,"Ընտրիր "տոմս"-ի թարգմանությունը","ticket",000146,NO
w3_l7,w3_l7_tr_12,translate,"Թարգմանիր՝ "տոմս"","ticket",000152,NO
w3_l7,w3_l7_mc_13,multiple_choice,"Ընտրիր "լուսանկար"-ի թարգմանությունը","photo",000156,NO
w3_l7,w3_l7_tr_13,translate,"Թարգմանիր՝ "լուսանկար"","photo",000162,NO
w3_l7,w3_l7_mc_14,multiple_choice,"Ընտրիր "հուշանվեր"-ի թարգմանությունը","souvenir",000166,NO
w3_l7,w3_l7_tr_14,translate,"Թարգմանիր՝ "հուշանվեր"","souvenir",000172,NO
w3_l7,w3_l7_mc_15,multiple_choice,"Ընտրիր "պատմություն"-ի թարգմանությունը","history",000176,NO
w3_l7,w3_l7_tr_15,translate,"Թարգմանիր՝ "պատմություն"","history",000182,NO
w3_l7,w3_l7_mc_16,multiple_choice,"Ընտրիր "մշակույթ"-ի թարգմանությունը","culture",000186,NO
w3_l7,w3_l7_tr_16,translate,"Թարգմանիր՝ "մշակույթ"","culture",000192,NO
w3_l7,w3_l7_mc_17,multiple_choice,"Ընտրիր "արվեստ"-ի թարգմանությունը","art",000196,NO
w3_l7,w3_l7_tr_17,translate,"Թարգմանիր՝ "արվեստ"","art",000202,NO
w3_l7,w3_l7_mc_18,multiple_choice,"Ընտրիր "հին"-ի թարգմանությունը","ancient",000206,NO
w3_l7,w3_l7_tr_18,translate,"Թարգմանիր՝ "հին"","ancient",000212,NO
w3_l7,w3_l7_mc_19,multiple_choice,"Ընտրիր "գեղեցիկ"-ի թարգմանությունը","beautiful",000216,NO
w3_l7,w3_l7_tr_19,translate,"Թարգմանիր՝ "գեղեցիկ"","beautiful",000222,NO
w3_l7,w3_l7_mc_20,multiple_choice,"Ընտրիր "տպավորիչ"-ի թարգմանությունը","impressive",000226,NO
w3_l7,w3_l7_tr_20,translate,"Թարգմանիր՝ "տպավորիչ"","impressive",000232,NO
w3_l7,w3_l7_mc_21,multiple_choice,"Ընտրիր "հանրահայտ"-ի թարգմանությունը","famous",000236,NO
w3_l7,w3_l7_tr_21,translate,"Թարգմանիր՝ "հանրահայտ"","famous",000242,NO
w3_l7,w3_l7_mc_22,multiple_choice,"Ընտրիր "այցելել"-ի թարգմանությունը","to visit",000246,NO
w3_l7,w3_l7_tr_22,translate,"Թարգմանիր՝ "այցելել"","to visit",000252,NO
w3_l7,w3_l7_mc_23,multiple_choice,"Ընտրիր "տեսնել"-ի թարգմանությունը","to see",000256,NO
w3_l7,w3_l7_tr_23,translate,"Թարգմանիր՝ "տեսնել"","to see",000262,NO
w3_l7,w3_l7_mc_24,multiple_choice,"Ընտրիր "լուսանկարել"-ի թարգմանությունը","to photograph",000266,NO
w3_l7,w3_l7_tr_24,translate,"Թարգմանիր՝ "լուսանկարել"","to photograph",000272,NO
w3_l7,w3_l7_match,match_pairs,"Կապիր հայերեն բառերը անգլերեն թարգմանությունների հետ","",007519,NO
w3_l8,w3_l8_mc_0,multiple_choice,"Ընտրիր "արտակարգ"-ի թարգմանությունը","emergency",000026,NO
w3_l8,w3_l8_tr_0,translate,"Թարգմանիր՝ "արտակարգ"","emergency",000032,NO
w3_l8,w3_l8_mc_1,multiple_choice,"Ընտրիր "օգնություն"-ի թարգմանությունը","help",000036,NO
w3_l8,w3_l8_tr_1,translate,"Թարգմանիր՝ "օգնություն"","help",000042,NO
w3_l8,w3_l8_mc_2,multiple_choice,"Ընտրիր "ոստիկանություն"-ի թարգմանությունը","police",000046,NO
w3_l8,w3_l8_tr_2,translate,"Թարգմանիր՝ "ոստիկանություն"","police",000052,NO
w3_l8,w3_l8_mc_3,multiple_choice,"Ընտրիր "շտապ օգնություն"-ի թարգմանությունը","ambulance",000056,NO
w3_l8,w3_l8_tr_3,translate,"Թարգմանիր՝ "շտապ օգնություն"","ambulance",000062,NO
w3_l8,w3_l8_mc_4,multiple_choice,"Ընտրիր "հրշեջ"-ի թարգմանությունը","fire",000066,NO
w3_l8,w3_l8_tr_4,translate,"Թարգմանիր՝ "հրշեջ"","fire",000072,NO
w3_l8,w3_l8_mc_5,multiple_choice,"Ընտրիր "հիվանդանոց"-ի թարգմանությունը","hospital",000076,NO
w3_l8,w3_l8_tr_5,translate,"Թարգմանիր՝ "հիվանդանոց"","hospital",000082,NO
w3_l8,w3_l8_mc_6,multiple_choice,"Ընտրիր "բժիշկ"-ի թարգմանությունը","doctor",000086,NO
w3_l8,w3_l8_tr_6,translate,"Թարգմանիր՝ "բժիշկ"","doctor",000092,NO
w3_l8,w3_l8_mc_7,multiple_choice,"Ընտրիր "դեղատուն"-ի թարգմանությունը","pharmacy",000096,NO
w3_l8,w3_l8_tr_7,translate,"Թարգմանիր՝ "դեղատուն"","pharmacy",000102,NO
w3_l8,w3_l8_mc_8,multiple_choice,"Ընտրիր "վթար"-ի թարգմանությունը","accident",000106,NO
w3_l8,w3_l8_tr_8,translate,"Թարգմանիր՝ "վթար"","accident",000112,NO
w3_l8,w3_l8_mc_9,multiple_choice,"Ընտրիր "հրդեհ"-ի թարգմանությունը","fire",000116,NO
w3_l8,w3_l8_tr_9,translate,"Թարգմանիր՝ "հրդեհ"","fire",000122,NO
w3_l8,w3_l8_mc_10,multiple_choice,"Ընտրիր "գող"-ի թարգմանությունը","thief",000126,NO
w3_l8,w3_l8_tr_10,translate,"Թարգմանիր՝ "գող"","thief",000132,NO
w3_l8,w3_l8_mc_11,multiple_choice,"Ընտրիր "կորած"-ի թարգմանությունը","lost",000136,NO
w3_l8,w3_l8_tr_11,translate,"Թարգմանիր՝ "կորած"","lost",000142,NO
w3_l8,w3_l8_mc_12,multiple_choice,"Ընտրիր "վնասված"-ի թարգմանությունը","injured",000146,NO
w3_l8,w3_l8_tr_12,translate,"Թարգմանիր՝ "վնասված"","injured",000152,NO
w3_l8,w3_l8_mc_13,multiple_choice,"Ընտրիր "հիվանդ"-ի թարգմանությունը","sick",000156,NO
w3_l8,w3_l8_tr_13,translate,"Թարգմանիր՝ "հիվանդ"","sick",000162,NO
w3_l8,w3_l8_mc_14,multiple_choice,"Ընտրիր "ցավ"-ի թարգմանությունը","pain",000166,NO
w3_l8,w3_l8_tr_14,translate,"Թարգմանիր՝ "ցավ"","pain",000172,NO
w3_l8,w3_l8_mc_15,multiple_choice,"Ընտրիր "արյուն"-ի թարգմանությունը","blood",000176,NO
w3_l8,w3_l8_tr_15,translate,"Թարգմանիր՝ "արյուն"","blood",000182,NO
w3_l8,w3_l8_mc_16,multiple_choice,"Ընտրիր "դեղ"-ի թարգմանությունը","medicine",000186,NO
w3_l8,w3_l8_tr_16,translate,"Թարգմանիր՝ "դեղ"","medicine",000192,NO
w3_l8,w3_l8_mc_17,multiple_choice,"Ընտրիր "հեռախոս"-ի թարգմանությունը","phone",000196,NO
w3_l8,w3_l8_tr_17,translate,"Թարգմանիր՝ "հեռախոս"","phone",000202,NO
w3_l8,w3_l8_mc_18,multiple_choice,"Ընտրիր "զանգել"-ի թարգմանությունը","to call",000206,NO
w3_l8,w3_l8_tr_18,translate,"Թարգմանիր՝ "զանգել"","to call",000212,NO
w3_l8,w3_l8_mc_19,multiple_choice,"Ընտրիր "օգնել"-ի թարգմանությունը","to help",000216,NO
w3_l8,w3_l8_tr_19,translate,"Թարգմանիր՝ "օգնել"","to help",000222,NO
w3_l8,w3_l8_mc_20,multiple_choice,"Ընտրիր "փրկել"-ի թարգմանությունը","to save",000226,NO
w3_l8,w3_l8_tr_20,translate,"Թարգմանիր՝ "փրկել"","to save",000232,NO
w3_l8,w3_l8_mc_21,multiple_choice,"Ընտրիր "վտանգ"-ի թարգմանությունը","danger",000236,NO
w3_l8,w3_l8_tr_21,translate,"Թարգմանիր՝ "վտանգ"","danger",000242,NO
w3_l8,w3_l8_mc_22,multiple_choice,"Ընտրիր "անվտանգ"-ի թարգմանությունը","safe",000246,NO
w3_l8,w3_l8_tr_22,translate,"Թարգմանիր՝ "անվտանգ"","safe",000252,NO
w3_l8,w3_l8_mc_23,multiple_choice,"Ընտրիր "արագ"-ի թարգմանությունը","quickly",000256,NO
w3_l8,w3_l8_tr_23,translate,"Թարգմանիր՝ "արագ"","quickly",000262,NO
w3_l8,w3_l8_mc_24,multiple_choice,"Ընտրիր "խնդիր"-ի թարգմանությունը","problem",000266,NO
w3_l8,w3_l8_tr_24,translate,"Թարգմանիր՝ "խնդիր"","problem",000272,NO
w3_l8,w3_l8_match,match_pairs,"Կապիր հայերեն բառերը անգլերեն թարգմանությունների հետ","",007798,NO
w4_l1,w4_l1_mc_0,multiple_choice,"Ընտրիր "դպրոց"-ի թարգմանությունը","school",000026,NO
w4_l1,w4_l1_tr_0,translate,"Թարգմանիր՝ "դպրոց"","school",000032,NO
w4_l1,w4_l1_mc_1,multiple_choice,"Ընտրիր "աշակերտ"-ի թարգմանությունը","pupil",000036,NO
w4_l1,w4_l1_tr_1,translate,"Թարգմանիր՝ "աշակերտ"","pupil",000042,NO
w4_l1,w4_l1_mc_2,multiple_choice,"Ընտրիր "ուսուցիչ"-ի թարգմանությունը","teacher",000046,NO
w4_l1,w4_l1_tr_2,translate,"Թարգմանիր՝ "ուսուցիչ"","teacher",000052,NO
w4_l1,w4_l1_mc_3,multiple_choice,"Ընտրիր "դաս"-ի թարգմանությունը","lesson",000056,NO
w4_l1,w4_l1_tr_3,translate,"Թարգմանիր՝ "դաս"","lesson",000062,NO
w4_l1,w4_l1_mc_4,multiple_choice,"Ընտրիր "դասարան"-ի թարգմանությունը","classroom",000066,NO
w4_l1,w4_l1_tr_4,translate,"Թարգմանիր՝ "դասարան"","classroom",000072,NO
w4_l1,w4_l1_mc_5,multiple_choice,"Ընտրիր "տնային"-ի թարգմանությունը","homework",000076,NO
w4_l1,w4_l1_tr_5,translate,"Թարգմանիր՝ "տնային"","homework",000082,NO
w4_l1,w4_l1_mc_6,multiple_choice,"Ընտրիր "քննություն"-ի թարգմանությունը","exam",000086,NO
w4_l1,w4_l1_tr_6,translate,"Թարգմանիր՝ "քննություն"","exam",000092,NO
w4_l1,w4_l1_mc_7,multiple_choice,"Ընտրիր "գնահատական"-ի թարգմանությունը","grade",000096,NO
w4_l1,w4_l1_tr_7,translate,"Թարգմանիր՝ "գնահատական"","grade",000102,NO
w4_l1,w4_l1_mc_8,multiple_choice,"Ընտրիր "գիրք"-ի թարգմանությունը","book",000106,NO
w4_l1,w4_l1_tr_8,translate,"Թարգմանիր՝ "գիրք"","book",000112,NO
w4_l1,w4_l1_mc_9,multiple_choice,"Ընտրիր "տետր"-ի թարգմանությունը","notebook",000116,NO
w4_l1,w4_l1_tr_9,translate,"Թարգմանիր՝ "տետր"","notebook",000122,NO
w4_l1,w4_l1_mc_10,multiple_choice,"Ընտրիր "գրիչ"-ի թարգմանությունը","pen",000126,NO
w4_l1,w4_l1_tr_10,translate,"Թարգմանիր՝ "գրիչ"","pen",000132,NO
w4_l1,w4_l1_mc_11,multiple_choice,"Ընտրիր "մատիտ"-ի թարգմանությունը","pencil",000136,NO
w4_l1,w4_l1_tr_11,translate,"Թարգմանիր՝ "մատիտ"","pencil",000142,NO
w4_l1,w4_l1_mc_12,multiple_choice,"Ընտրիր "գրատախտակ"-ի թարգմանությունը","blackboard",000146,NO
w4_l1,w4_l1_tr_12,translate,"Թարգմանիր՝ "գրատախտակ"","blackboard",000152,NO
w4_l1,w4_l1_mc_13,multiple_choice,"Ընտրիր "կավիճ"-ի թարգմանությունը","chalk",000156,NO
w4_l1,w4_l1_tr_13,translate,"Թարգմանիր՝ "կավիճ"","chalk",000162,NO
w4_l1,w4_l1_mc_14,multiple_choice,"Ընտրիր "պայուսակ"-ի թարգմանությունը","bag",000166,NO
w4_l1,w4_l1_tr_14,translate,"Թարգմանիր՝ "պայուսակ"","bag",000172,NO
w4_l1,w4_l1_mc_15,multiple_choice,"Ընտրիր "ընդմիջում"-ի թարգմանությունը","break",000176,NO
w4_l1,w4_l1_tr_15,translate,"Թարգմանիր՝ "ընդմիջում"","break",000182,NO
w4_l1,w4_l1_mc_16,multiple_choice,"Ընտրիր "մաթեմատիկա"-ի թարգմանությունը","mathematics",000186,NO
w4_l1,w4_l1_tr_16,translate,"Թարգմանիր՝ "մաթեմատիկա"","mathematics",000192,NO
w4_l1,w4_l1_mc_17,multiple_choice,"Ընտրիր "պատմություն"-ի թարգմանությունը","history",000196,NO
w4_l1,w4_l1_tr_17,translate,"Թարգմանիր՝ "պատմություն"","history",000202,NO
w4_l1,w4_l1_mc_18,multiple_choice,"Ընտրիր "աշխարհագրություն"-ի թարգմանությունը","geography",000206,NO
w4_l1,w4_l1_tr_18,translate,"Թարգմանիր՝ "աշխարհագրություն"","geography",000212,NO
w4_l1,w4_l1_mc_19,multiple_choice,"Ընտրիր "ֆիզիկա"-ի թարգմանությունը","physics",000216,NO
w4_l1,w4_l1_tr_19,translate,"Թարգմանիր՝ "ֆիզիկա"","physics",000222,NO
w4_l1,w4_l1_mc_20,multiple_choice,"Ընտրիր "քիմիա"-ի թարգմանությունը","chemistry",000226,NO
w4_l1,w4_l1_tr_20,translate,"Թարգմանիր՝ "քիմիա"","chemistry",000232,NO
w4_l1,w4_l1_mc_21,multiple_choice,"Ընտրիր "լեզու"-ի թարգմանությունը","language",000236,NO
w4_l1,w4_l1_tr_21,translate,"Թարգմանիր՝ "լեզու"","language",000242,NO
w4_l1,w4_l1_mc_22,multiple_choice,"Ընտրիր "գրականություն"-ի թարգմանությունը","literature",000246,NO
w4_l1,w4_l1_tr_22,translate,"Թարգմանիր՝ "գրականություն"","literature",000252,NO
w4_l1,w4_l1_mc_23,multiple_choice,"Ընտրիր "սպորտ"-ի թարգմանությունը","sport",000256,NO
w4_l1,w4_l1_tr_23,translate,"Թարգմանիր՝ "սպորտ"","sport",000262,NO
w4_l1,w4_l1_mc_24,multiple_choice,"Ընտրիր "արվեստ"-ի թարգմանությունը","art",000266,NO
w4_l1,w4_l1_tr_24,translate,"Թարգմանիր՝ "արվեստ"","art",000272,NO
w4_l1,w4_l1_match,match_pairs,"Կապիր հայերեն բառերը անգլերեն թարգմանությունների հետ","",008077,NO
w4_l2,w4_l2_mc_0,multiple_choice,"Ընտրիր "համալսարան"-ի թարգմանությունը","university",000026,NO
w4_l2,w4_l2_tr_0,translate,"Թարգմանիր՝ "համալսարան"","university",000032,NO
w4_l2,w4_l2_mc_1,multiple_choice,"Ընտրիր "ուսանող"-ի թարգմանությունը","student",000036,NO
w4_l2,w4_l2_tr_1,translate,"Թարգմանիր՝ "ուսանող"","student",000042,NO
w4_l2,w4_l2_mc_2,multiple_choice,"Ընտրիր "դասախոս"-ի թարգմանությունը","lecturer",000046,NO
w4_l2,w4_l2_tr_2,translate,"Թարգմանիր՝ "դասախոս"","lecturer",000052,NO
w4_l2,w4_l2_mc_3,multiple_choice,"Ընտրիր "պրոֆեսոր"-ի թարգմանությունը","professor",000056,NO
w4_l2,w4_l2_tr_3,translate,"Թարգմանիր՝ "պրոֆեսոր"","professor",000062,NO
w4_l2,w4_l2_mc_4,multiple_choice,"Ընտրիր "ֆակուլտետ"-ի թարգմանությունը","faculty",000066,NO
w4_l2,w4_l2_tr_4,translate,"Թարգմանիր՝ "ֆակուլտետ"","faculty",000072,NO
w4_l2,w4_l2_mc_5,multiple_choice,"Ընտրիր "մասնագիտություն"-ի թարգմանությունը","major",000076,NO
w4_l2,w4_l2_tr_5,translate,"Թարգմանիր՝ "մասնագիտություն"","major",000082,NO
w4_l2,w4_l2_mc_6,multiple_choice,"Ընտրիր "կուրս"-ի թարգմանությունը","course/year",000086,NO
w4_l2,w4_l2_tr_6,translate,"Թարգմանիր՝ "կուրս"","course/year",000092,NO
w4_l2,w4_l2_mc_7,multiple_choice,"Ընտրիր "սեմեստր"-ի թարգմանությունը","semester",000096,NO
w4_l2,w4_l2_tr_7,translate,"Թարգմանիր՝ "սեմեստր"","semester",000102,NO
w4_l2,w4_l2_mc_8,multiple_choice,"Ընտրիր "լեկցիա"-ի թարգմանությունը","lecture",000106,NO
w4_l2,w4_l2_tr_8,translate,"Թարգմանիր՝ "լեկցիա"","lecture",000112,NO
w4_l2,w4_l2_mc_9,multiple_choice,"Ընտրիր "սեմինար"-ի թարգմանությունը","seminar",000116,NO
w4_l2,w4_l2_tr_9,translate,"Թարգմանիր՝ "սեմինար"","seminar",000122,NO
w4_l2,w4_l2_mc_10,multiple_choice,"Ընտրիր "քննություն"-ի թարգմանությունը","exam",000126,NO
w4_l2,w4_l2_tr_10,translate,"Թարգմանիր՝ "քննություն"","exam",000132,NO
w4_l2,w4_l2_mc_11,multiple_choice,"Ընտրիր "զաչոտ"-ի թարգմանությունը","credit test",000136,NO
w4_l2,w4_l2_tr_11,translate,"Թարգմանիր՝ "զաչոտ"","credit test",000142,NO
w4_l2,w4_l2_mc_12,multiple_choice,"Ընտրիր "դիպլոմ"-ի թարգմանությունը","diploma",000146,NO
w4_l2,w4_l2_tr_12,translate,"Թարգմանիր՝ "դիպլոմ"","diploma",000152,NO
w4_l2,w4_l2_mc_13,multiple_choice,"Ընտրիր "գիտություն"-ի թարգմանությունը","science",000156,NO
w4_l2,w4_l2_tr_13,translate,"Թարգմանիր՝ "գիտություն"","science",000162,NO
w4_l2,w4_l2_mc_14,multiple_choice,"Ընտրիր "հետազոտություն"-ի թարգմանությունը","research",000166,NO
w4_l2,w4_l2_tr_14,translate,"Թարգմանիր՝ "հետազոտություն"","research",000172,NO
w4_l2,w4_l2_mc_15,multiple_choice,"Ընտրիր "գրադարան"-ի թարգմանությունը","library",000176,NO
w4_l2,w4_l2_tr_15,translate,"Թարգմանիր՝ "գրադարան"","library",000182,NO
w4_l2,w4_l2_mc_16,multiple_choice,"Ընտրիր "լաբորատորիա"-ի թարգմանությունը","lab",000186,NO
w4_l2,w4_l2_tr_16,translate,"Թարգմանիր՝ "լաբորատորիա"","lab",000192,NO
w4_l2,w4_l2_mc_17,multiple_choice,"Ընտրիր "հանրակացարան"-ի թարգմանությունը","dorm",000196,NO
w4_l2,w4_l2_tr_17,translate,"Թարգմանիր՝ "հանրակացարան"","dorm",000202,NO
w4_l2,w4_l2_mc_18,multiple_choice,"Ընտրիր "կրթաթոշակ"-ի թարգմանությունը","scholarship",000206,NO
w4_l2,w4_l2_tr_18,translate,"Թարգմանիր՝ "կրթաթոշակ"","scholarship",000212,NO
w4_l2,w4_l2_mc_19,multiple_choice,"Ընտրիր "մագիստրատուրա"-ի թարգմանությունը","master's",000216,NO
w4_l2,w4_l2_tr_19,translate,"Թարգմանիր՝ "մագիստրատուրա"","master's",000222,NO
w4_l2,w4_l2_mc_20,multiple_choice,"Ընտրիր "բակալավրիատ"-ի թարգմանությունը","bachelor's",000226,NO
w4_l2,w4_l2_tr_20,translate,"Թարգմանիր՝ "բակալավրիատ"","bachelor's",000232,NO
w4_l2,w4_l2_mc_21,multiple_choice,"Ընտրիր "ասպիրանտուրա"-ի թարգմանությունը","PhD program",000236,NO
w4_l2,w4_l2_tr_21,translate,"Թարգմանիր՝ "ասպիրանտուրա"","PhD program",000242,NO
w4_l2,w4_l2_mc_22,multiple_choice,"Ընտրիր "գիտաժողով"-ի թարգմանությունը","conference",000246,NO
w4_l2,w4_l2_tr_22,translate,"Թարգմանիր՝ "գիտաժողով"","conference",000252,NO
w4_l2,w4_l2_mc_23,multiple_choice,"Ընտրիր "հոդված"-ի թարգմանությունը","article",000256,NO
w4_l2,w4_l2_tr_23,translate,"Թարգմանիր՝ "հոդված"","article",000262,NO
w4_l2,w4_l2_mc_24,multiple_choice,"Ընտրիր "թեզ"-ի թարգմանությունը","thesis",000266,NO
w4_l2,w4_l2_tr_24,translate,"Թարգմանիր՝ "թեզ"","thesis",000272,NO
w4_l2,w4_l2_match,match_pairs,"Կապիր հայերեն բառերը անգլերեն թարգմանությունների հետ","",008356,NO
w4_l3,w4_l3_mc_0,multiple_choice,"Ընտրիր "գրասենյակ"-ի թարգմանությունը","office",000026,NO
w4_l3,w4_l3_tr_0,translate,"Թարգմանիր՝ "գրասենյակ"","office",000032,NO
w4_l3,w4_l3_mc_1,multiple_choice,"Ընտրիր "աշխատակից"-ի թարգմանությունը","employee",000036,NO
w4_l3,w4_l3_tr_1,translate,"Թարգմանիր՝ "աշխատակից"","employee",000042,NO
w4_l3,w4_l3_mc_2,multiple_choice,"Ընտրիր "գործընկեր"-ի թարգմանությունը","colleague",000046,NO
w4_l3,w4_l3_tr_2,translate,"Թարգմանիր՝ "գործընկեր"","colleague",000052,NO
w4_l3,w4_l3_mc_3,multiple_choice,"Ընտրիր "ղեկավար"-ի թարգմանությունը","manager",000056,NO
w4_l3,w4_l3_tr_3,translate,"Թարգմանիր՝ "ղեկավար"","manager",000062,NO
w4_l3,w4_l3_mc_4,multiple_choice,"Ընտրիր "տնօրեն"-ի թարգմանությունը","director",000066,NO
w4_l3,w4_l3_tr_4,translate,"Թարգմանիր՝ "տնօրեն"","director",000072,NO
w4_l3,w4_l3_mc_5,multiple_choice,"Ընտրիր "փոխտնօրեն"-ի թարգմանությունը","deputy director",000076,NO
w4_l3,w4_l3_tr_5,translate,"Թարգմանիր՝ "փոխտնօրեն"","deputy director",000082,NO
w4_l3,w4_l3_mc_6,multiple_choice,"Ընտրիր "աշխատանք"-ի թարգմանությունը","work",000086,NO
w4_l3,w4_l3_tr_6,translate,"Թարգմանիր՝ "աշխատանք"","work",000092,NO
w4_l3,w4_l3_mc_7,multiple_choice,"Ընտրիր "պայմանագիր"-ի թարգմանությունը","contract",000096,NO
w4_l3,w4_l3_tr_7,translate,"Թարգմանիր՝ "պայմանագիր"","contract",000102,NO
w4_l3,w4_l3_mc_8,multiple_choice,"Ընտրիր "աշխատավարձ"-ի թարգմանությունը","salary",000106,NO
w4_l3,w4_l3_tr_8,translate,"Թարգմանիր՝ "աշխատավարձ"","salary",000112,NO
w4_l3,w4_l3_mc_9,multiple_choice,"Ընտրիր "արձակուրդ"-ի թարգմանությունը","vacation",000116,NO
w4_l3,w4_l3_tr_9,translate,"Թարգմանիր՝ "արձակուրդ"","vacation",000122,NO
w4_l3,w4_l3_mc_10,multiple_choice,"Ընտրիր "հանդիպում"-ի թարգմանությունը","meeting",000126,NO
w4_l3,w4_l3_tr_10,translate,"Թարգմանիր՝ "հանդիպում"","meeting",000132,NO
w4_l3,w4_l3_mc_11,multiple_choice,"Ընտրիր "զեկույց"-ի թարգմանությունը","report",000136,NO
w4_l3,w4_l3_tr_11,translate,"Թարգմանիր՝ "զեկույց"","report",000142,NO
w4_l3,w4_l3_mc_12,multiple_choice,"Ընտրիր "նախագիծ"-ի թարգմանությունը","project",000146,NO
w4_l3,w4_l3_tr_12,translate,"Թարգմանիր՝ "նախագիծ"","project",000152,NO
w4_l3,w4_l3_mc_13,multiple_choice,"Ընտրիր "խնդիր"-ի թարգմանությունը","task",000156,NO
w4_l3,w4_l3_tr_13,translate,"Թարգմանիր՝ "խնդիր"","task",000162,NO
w4_l3,w4_l3_mc_14,multiple_choice,"Ընտրիր "վերջնաժամկետ"-ի թարգմանությունը","deadline",000166,NO
w4_l3,w4_l3_tr_14,translate,"Թարգմանիր՝ "վերջնաժամկետ"","deadline",000172,NO
w4_l3,w4_l3_mc_15,multiple_choice,"Ընտրիր "զանգ"-ի թարգմանությունը","call",000176,NO
w4_l3,w4_l3_tr_15,translate,"Թարգմանիր՝ "զանգ"","call",000182,NO
w4_l3,w4_l3_mc_16,multiple_choice,"Ընտրիր "էլեկտրոնային փոստ"-ի թարգմանությունը","email",000186,NO
w4_l3,w4_l3_tr_16,translate,"Թարգմանիր՝ "էլեկտրոնային փոստ"","email",000192,NO
w4_l3,w4_l3_mc_17,multiple_choice,"Ընտրիր "համակարգիչ"-ի թարգմանությունը","computer",000196,NO
w4_l3,w4_l3_tr_17,translate,"Թարգմանիր՝ "համակարգիչ"","computer",000202,NO
w4_l3,w4_l3_mc_18,multiple_choice,"Ընտրիր "տպիչ"-ի թարգմանությունը","printer",000206,NO
w4_l3,w4_l3_tr_18,translate,"Թարգմանիր՝ "տպիչ"","printer",000212,NO
w4_l3,w4_l3_mc_19,multiple_choice,"Ընտրիր "ֆայլ"-ի թարգմանությունը","file",000216,NO
w4_l3,w4_l3_tr_19,translate,"Թարգմանիր՝ "ֆայլ"","file",000222,NO
w4_l3,w4_l3_mc_20,multiple_choice,"Ընտրիր "փաստաթուղթ"-ի թարգմանությունը","document",000226,NO
w4_l3,w4_l3_tr_20,translate,"Թարգմանիր՝ "փաստաթուղթ"","document",000232,NO
w4_l3,w4_l3_mc_21,multiple_choice,"Ընտրիր "ստորագրություն"-ի թարգմանությունը","signature",000236,NO
w4_l3,w4_l3_tr_21,translate,"Թարգմանիր՝ "ստորագրություն"","signature",000242,NO
w4_l3,w4_l3_mc_22,multiple_choice,"Ընտրիր "կնիք"-ի թարգմանությունը","stamp",000246,NO
w4_l3,w4_l3_tr_22,translate,"Թարգմանիր՝ "կնիք"","stamp",000252,NO
w4_l3,w4_l3_mc_23,multiple_choice,"Ընտրիր "հաճախորդ"-ի թարգմանությունը","client",000256,NO
w4_l3,w4_l3_tr_23,translate,"Թարգմանիր՝ "հաճախորդ"","client",000262,NO
w4_l3,w4_l3_mc_24,multiple_choice,"Ընտրիր "ընկերություն"-ի թարգմանությունը","company",000266,NO
w4_l3,w4_l3_tr_24,translate,"Թարգմանիր՝ "ընկերություն"","company",000272,NO
w4_l3,w4_l3_match,match_pairs,"Կապիր հայերեն բառերը անգլերեն թարգմանությունների հետ","",008635,NO
w4_l4,w4_l4_mc_0,multiple_choice,"Ընտրիր "բժիշկ"-ի թարգմանությունը","doctor",000026,NO
w4_l4,w4_l4_tr_0,translate,"Թարգմանիր՝ "բժիշկ"","doctor",000032,NO
w4_l4,w4_l4_mc_1,multiple_choice,"Ընտրիր "ուսուցիչ"-ի թարգմանությունը","teacher",000036,NO
w4_l4,w4_l4_tr_1,translate,"Թարգմանիր՝ "ուսուցիչ"","teacher",000042,NO
w4_l4,w4_l4_mc_2,multiple_choice,"Ընտրիր "ինժեներ"-ի թարգմանությունը","engineer",000046,NO
w4_l4,w4_l4_tr_2,translate,"Թարգմանիր՝ "ինժեներ"","engineer",000052,NO
w4_l4,w4_l4_mc_3,multiple_choice,"Ընտրիր "ծրագրավորող"-ի թարգմանությունը","programmer",000056,NO
w4_l4,w4_l4_tr_3,translate,"Թարգմանիր՝ "ծրագրավորող"","programmer",000062,NO
w4_l4,w4_l4_mc_4,multiple_choice,"Ընտրիր "լրագրող"-ի թարգմանությունը","journalist",000066,NO
w4_l4,w4_l4_tr_4,translate,"Թարգմանիր՝ "լրագրող"","journalist",000072,NO
w4_l4,w4_l4_mc_5,multiple_choice,"Ընտրիր "իրավաբան"-ի թարգմանությունը","lawyer",000076,NO
w4_l4,w4_l4_tr_5,translate,"Թարգմանիր՝ "իրավաբան"","lawyer",000082,NO
w4_l4,w4_l4_mc_6,multiple_choice,"Ընտրիր "արտիստ"-ի թարգմանությունը","artist",000086,NO
w4_l4,w4_l4_tr_6,translate,"Թարգմանիր՝ "արտիստ"","artist",000092,NO
w4_l4,w4_l4_mc_7,multiple_choice,"Ընտրիր "երաժիշտ"-ի թարգմանությունը","musician",000096,NO
w4_l4,w4_l4_tr_7,translate,"Թարգմանիր՝ "երաժիշտ"","musician",000102,NO
w4_l4,w4_l4_mc_8,multiple_choice,"Ընտրիր "խոհարար"-ի թարգմանությունը","chef",000106,NO
w4_l4,w4_l4_tr_8,translate,"Թարգմանիր՝ "խոհարար"","chef",000112,NO
w4_l4,w4_l4_mc_9,multiple_choice,"Ընտրիր "մատուցող"-ի թարգմանությունը","waiter",000116,NO
w4_l4,w4_l4_tr_9,translate,"Թարգմանիր՝ "մատուցող"","waiter",000122,NO
w4_l4,w4_l4_mc_10,multiple_choice,"Ընտրիր "վարորդ"-ի թարգմանությունը","driver",000126,NO
w4_l4,w4_l4_tr_10,translate,"Թարգմանիր՝ "վարորդ"","driver",000132,NO
w4_l4,w4_l4_mc_11,multiple_choice,"Ընտրիր "ոստիկան"-ի թարգմանությունը","policeman",000136,NO
w4_l4,w4_l4_tr_11,translate,"Թարգմանիր՝ "ոստիկան"","policeman",000142,NO
w4_l4,w4_l4_mc_12,multiple_choice,"Ընտրիր "քարտուղար"-ի թարգմանությունը","secretary",000146,NO
w4_l4,w4_l4_tr_12,translate,"Թարգմանիր՝ "քարտուղար"","secretary",000152,NO
w4_l4,w4_l4_mc_13,multiple_choice,"Ընտրիր "մենեջեր"-ի թարգմանությունը","manager",000156,NO
w4_l4,w4_l4_tr_13,translate,"Թարգմանիր՝ "մենեջեր"","manager",000162,NO
w4_l4,w4_l4_mc_14,multiple_choice,"Ընտրիր "տնօրեն"-ի թարգմանությունը","director",000166,NO
w4_l4,w4_l4_tr_14,translate,"Թարգմանիր՝ "տնօրեն"","director",000172,NO
w4_l4,w4_l4_mc_15,multiple_choice,"Ընտրիր "գիտնական"-ի թարգմանությունը","scientist",000176,NO
w4_l4,w4_l4_tr_15,translate,"Թարգմանիր՝ "գիտնական"","scientist",000182,NO
w4_l4,w4_l4_mc_16,multiple_choice,"Ընտրիր "բուժքույր"-ի թարգմանությունը","nurse",000186,NO
w4_l4,w4_l4_tr_16,translate,"Թարգմանիր՝ "բուժքույր"","nurse",000192,NO
w4_l4,w4_l4_mc_17,multiple_choice,"Ընտրիր "ճարտարապետ"-ի թարգմանությունը","architect",000196,NO
w4_l4,w4_l4_tr_17,translate,"Թարգմանիր՝ "ճարտարապետ"","architect",000202,NO
w4_l4,w4_l4_mc_18,multiple_choice,"Ընտրիր "լուսանկարիչ"-ի թարգմանությունը","photographer",000206,NO
w4_l4,w4_l4_tr_18,translate,"Թարգմանիր՝ "լուսանկարիչ"","photographer",000212,NO
w4_l4,w4_l4_mc_19,multiple_choice,"Ընտրիր "դիզայներ"-ի թարգմանությունը","designer",000216,NO
w4_l4,w4_l4_tr_19,translate,"Թարգմանիր՝ "դիզայներ"","designer",000222,NO
w4_l4,w4_l4_mc_20,multiple_choice,"Ընտրիր "հաշվապահ"-ի թարգմանությունը","accountant",000226,NO
w4_l4,w4_l4_tr_20,translate,"Թարգմանիր՝ "հաշվապահ"","accountant",000232,NO
w4_l4,w4_l4_mc_21,multiple_choice,"Ընտրիր "բանվոր"-ի թարգմանությունը","worker",000236,NO
w4_l4,w4_l4_tr_21,translate,"Թարգմանիր՝ "բանվոր"","worker",000242,NO
w4_l4,w4_l4_mc_22,multiple_choice,"Ընտրիր "գյուղացի"-ի թարգմանությունը","farmer",000246,NO
w4_l4,w4_l4_tr_22,translate,"Թարգմանիր՝ "գյուղացի"","farmer",000252,NO
w4_l4,w4_l4_mc_23,multiple_choice,"Ընտրիր "զինվոր"-ի թարգմանությունը","soldier",000256,NO
w4_l4,w4_l4_tr_23,translate,"Թարգմանիր՝ "զինվոր"","soldier",000262,NO
w4_l4,w4_l4_mc_24,multiple_choice,"Ընտրիր "հոգևորական"-ի թարգմանությունը","priest",000266,NO
w4_l4,w4_l4_tr_24,translate,"Թարգմանիր՝ "հոգևորական"","priest",000272,NO
w4_l4,w4_l4_match,match_pairs,"Կապիր հայերեն բառերը անգլերեն թարգմանությունների հետ","",008914,NO
w4_l5,w4_l5_mc_0,multiple_choice,"Ընտրիր "հանդիպում"-ի թարգմանությունը","meeting",000026,NO
w4_l5,w4_l5_tr_0,translate,"Թարգմանիր՝ "հանդիպում"","meeting",000032,NO
w4_l5,w4_l5_mc_1,multiple_choice,"Ընտրիր "քննարկում"-ի թարգմանությունը","discussion",000036,NO
w4_l5,w4_l5_tr_1,translate,"Թարգմանիր՝ "քննարկում"","discussion",000042,NO
w4_l5,w4_l5_mc_2,multiple_choice,"Ընտրիր "որոշում"-ի թարգմանությունը","decision",000046,NO
w4_l5,w4_l5_tr_2,translate,"Թարգմանիր՝ "որոշում"","decision",000052,NO
w4_l5,w4_l5_mc_3,multiple_choice,"Ընտրիր "օրակարգ"-ի թարգմանությունը","agenda",000056,NO
w4_l5,w4_l5_tr_3,translate,"Թարգմանիր՝ "օրակարգ"","agenda",000062,NO
w4_l5,w4_l5_mc_4,multiple_choice,"Ընտրիր "նիստ"-ի թարգմանությունը","session",000066,NO
w4_l5,w4_l5_tr_4,translate,"Թարգմանիր՝ "նիստ"","session",000072,NO
w4_l5,w4_l5_mc_5,multiple_choice,"Ընտրիր "մասնակից"-ի թարգմանությունը","participant",000076,NO
w4_l5,w4_l5_tr_5,translate,"Թարգմանիր՝ "մասնակից"","participant",000082,NO
w4_l5,w4_l5_mc_6,multiple_choice,"Ընտրիր "նախագահ"-ի թարգմանությունը","chair",000086,NO
w4_l5,w4_l5_tr_6,translate,"Թարգմանիր՝ "նախագահ"","chair",000092,NO
w4_l5,w4_l5_mc_7,multiple_choice,"Ընտրիր "քարտուղար"-ի թարգմանությունը","secretary",000096,NO
w4_l5,w4_l5_tr_7,translate,"Թարգմանիր՝ "քարտուղար"","secretary",000102,NO
w4_l5,w4_l5_mc_8,multiple_choice,"Ընտրիր "զեկույց"-ի թարգմանությունը","report",000106,NO
w4_l5,w4_l5_tr_8,translate,"Թարգմանիր՝ "զեկույց"","report",000112,NO
w4_l5,w4_l5_mc_9,multiple_choice,"Ընտրիր "ներկայացում"-ի թարգմանությունը","presentation",000116,NO
w4_l5,w4_l5_tr_9,translate,"Թարգմանիր՝ "ներկայացում"","presentation",000122,NO
w4_l5,w4_l5_mc_10,multiple_choice,"Ընտրիր "հարց"-ի թարգմանությունը","question",000126,NO
w4_l5,w4_l5_tr_10,translate,"Թարգմանիր՝ "հարց"","question",000132,NO
w4_l5,w4_l5_mc_11,multiple_choice,"Ընտրիր "պատասխան"-ի թարգմանությունը","answer",000136,NO
w4_l5,w4_l5_tr_11,translate,"Թարգմանիր՝ "պատասխան"","answer",000142,NO
w4_l5,w4_l5_mc_12,multiple_choice,"Ընտրիր "կարծիք"-ի թարգմանությունը","opinion",000146,NO
w4_l5,w4_l5_tr_12,translate,"Թարգմանիր՝ "կարծիք"","opinion",000152,NO
w4_l5,w4_l5_mc_13,multiple_choice,"Ընտրիր "առաջարկ"-ի թարգմանությունը","proposal",000156,NO
w4_l5,w4_l5_tr_13,translate,"Թարգմանիր՝ "առաջարկ"","proposal",000162,NO
w4_l5,w4_l5_mc_14,multiple_choice,"Ընտրիր "քվեարկություն"-ի թարգմանությունը","vote",000166,NO
w4_l5,w4_l5_tr_14,translate,"Թարգմանիր՝ "քվեարկություն"","vote",000172,NO
w4_l5,w4_l5_mc_15,multiple_choice,"Ընտրիր "համաձայնություն"-ի թարգմանությունը","agreement",000176,NO
w4_l5,w4_l5_tr_15,translate,"Թարգմանիր՝ "համաձայնություն"","agreement",000182,NO
w4_l5,w4_l5_mc_16,multiple_choice,"Ընտրիր "դեմ"-ի թարգմանությունը","against",000186,NO
w4_l5,w4_l5_tr_16,translate,"Թարգմանիր՝ "դեմ"","against",000192,NO
w4_l5,w4_l5_mc_17,multiple_choice,"Ընտրիր "կողմ"-ի թարգմանությունը","for",000196,NO
w4_l5,w4_l5_tr_17,translate,"Թարգմանիր՝ "կողմ"","for",000202,NO
w4_l5,w4_l5_mc_18,multiple_choice,"Ընտրիր "ձեռնպահ"-ի թարգմանությունը","abstain",000206,NO
w4_l5,w4_l5_tr_18,translate,"Թարգմանիր՝ "ձեռնպահ"","abstain",000212,NO
w4_l5,w4_l5_mc_19,multiple_choice,"Ընտրիր "արձանագրություն"-ի թարգմանությունը","minutes",000216,NO
w4_l5,w4_l5_tr_19,translate,"Թարգմանիր՝ "արձանագրություն"","minutes",000222,NO
w4_l5,w4_l5_mc_20,multiple_choice,"Ընտրիր "պաշտոնական"-ի թարգմանությունը","official",000226,NO
w4_l5,w4_l5_tr_20,translate,"Թարգմանիր՝ "պաշտոնական"","official",000232,NO
w4_l5,w4_l5_mc_21,multiple_choice,"Ընտրիր "ոչ պաշտոնական"-ի թարգմանությունը","informal",000236,NO
w4_l5,w4_l5_tr_21,translate,"Թարգմանիր՝ "ոչ պաշտոնական"","informal",000242,NO
w4_l5,w4_l5_mc_22,multiple_choice,"Ընտրիր "հեռակա"-ի թարգմանությունը","remote",000246,NO
w4_l5,w4_l5_tr_22,translate,"Թարգմանիր՝ "հեռակա"","remote",000252,NO
w4_l5,w4_l5_mc_23,multiple_choice,"Ընտրիր "տեսազանգ"-ի թարգմանությունը","video call",000256,NO
w4_l5,w4_l5_tr_23,translate,"Թարգմանիր՝ "տեսազանգ"","video call",000262,NO
w4_l5,w4_l5_mc_24,multiple_choice,"Ընտրիր "ընդմիջում"-ի թարգմանությունը","break",000266,NO
w4_l5,w4_l5_tr_24,translate,"Թարգմանիր՝ "ընդմիջում"","break",000272,NO
w4_l5,w4_l5_match,match_pairs,"Կապիր հայերեն բառերը անգլերեն թարգմանությունների հետ","",009193,NO
w4_l6,w4_l6_mc_0,multiple_choice,"Ընտրիր "համակարգիչ"-ի թարգմանությունը","computer",000026,NO
w4_l6,w4_l6_tr_0,translate,"Թարգմանիր՝ "համակարգիչ"","computer",000032,NO
w4_l6,w4_l6_mc_1,multiple_choice,"Ընտրիր "նոութբուք"-ի թարգմանությունը","laptop",000036,NO
w4_l6,w4_l6_tr_1,translate,"Թարգմանիր՝ "նոութբուք"","laptop",000042,NO
w4_l6,w4_l6_mc_2,multiple_choice,"Ընտրիր "հեռախոս"-ի թարգմանությունը","phone",000046,NO
w4_l6,w4_l6_tr_2,translate,"Թարգմանիր՝ "հեռախոս"","phone",000052,NO
w4_l6,w4_l6_mc_3,multiple_choice,"Ընտրիր "պլանշետ"-ի թարգմանությունը","tablet",000056,NO
w4_l6,w4_l6_tr_3,translate,"Թարգմանիր՝ "պլանշետ"","tablet",000062,NO
w4_l6,w4_l6_mc_4,multiple_choice,"Ընտրիր "էկրան"-ի թարգմանությունը","screen",000066,NO
w4_l6,w4_l6_tr_4,translate,"Թարգմանիր՝ "էկրան"","screen",000072,NO
w4_l6,w4_l6_mc_5,multiple_choice,"Ընտրիր "ստեղնաշար"-ի թարգմանությունը","keyboard",000076,NO
w4_l6,w4_l6_tr_5,translate,"Թարգմանիր՝ "ստեղնաշար"","keyboard",000082,NO
w4_l6,w4_l6_mc_6,multiple_choice,"Ընտրիր "մկնիկ"-ի թարգմանությունը","mouse",000086,NO
w4_l6,w4_l6_tr_6,translate,"Թարգմանիր՝ "մկնիկ"","mouse",000092,NO
w4_l6,w4_l6_mc_7,multiple_choice,"Ընտրիր "ֆայլ"-ի թարգմանությունը","file",000096,NO
w4_l6,w4_l6_tr_7,translate,"Թարգմանիր՝ "ֆայլ"","file",000102,NO
w4_l6,w4_l6_mc_8,multiple_choice,"Ընտրիր "թղթապանակ"-ի թարգմանությունը","folder",000106,NO
w4_l6,w4_l6_tr_8,translate,"Թարգմանիր՝ "թղթապանակ"","folder",000112,NO
w4_l6,w4_l6_mc_9,multiple_choice,"Ընտրիր "ծրագիր"-ի թարգմանությունը","program",000116,NO
w4_l6,w4_l6_tr_9,translate,"Թարգմանիր՝ "ծրագիր"","program",000122,NO
w4_l6,w4_l6_mc_10,multiple_choice,"Ընտրիր "հավելված"-ի թարգմանությունը","app",000126,NO
w4_l6,w4_l6_tr_10,translate,"Թարգմանիր՝ "հավելված"","app",000132,NO
w4_l6,w4_l6_mc_11,multiple_choice,"Ընտրիր "կայք"-ի թարգմանությունը","website",000136,NO
w4_l6,w4_l6_tr_11,translate,"Թարգմանիր՝ "կայք"","website",000142,NO
w4_l6,w4_l6_mc_12,multiple_choice,"Ընտրիր "էջ"-ի թարգմանությունը","page",000146,NO
w4_l6,w4_l6_tr_12,translate,"Թարգմանիր՝ "էջ"","page",000152,NO
w4_l6,w4_l6_mc_13,multiple_choice,"Ընտրիր "հղում"-ի թարգմանությունը","link",000156,NO
w4_l6,w4_l6_tr_13,translate,"Թարգմանիր՝ "հղում"","link",000162,NO
w4_l6,w4_l6_mc_14,multiple_choice,"Ընտրիր "գաղտնաբառ"-ի թարգմանությունը","password",000166,NO
w4_l6,w4_l6_tr_14,translate,"Թարգմանիր՝ "գաղտնաբառ"","password",000172,NO
w4_l6,w4_l6_mc_15,multiple_choice,"Ընտրիր "օգտանուն"-ի թարգմանությունը","username",000176,NO
w4_l6,w4_l6_tr_15,translate,"Թարգմանիր՝ "օգտանուն"","username",000182,NO
w4_l6,w4_l6_mc_16,multiple_choice,"Ընտրիր "հաշիվ"-ի թարգմանությունը","account",000186,NO
w4_l6,w4_l6_tr_16,translate,"Թարգմանիր՝ "հաշիվ"","account",000192,NO
w4_l6,w4_l6_mc_17,multiple_choice,"Ընտրիր "ինտերնետ"-ի թարգմանությունը","internet",000196,NO
w4_l6,w4_l6_tr_17,translate,"Թարգմանիր՝ "ինտերնետ"","internet",000202,NO
w4_l6,w4_l6_mc_18,multiple_choice,"Ընտրիր "wifi"-ի թարգմանությունը","wifi",000206,NO
w4_l6,w4_l6_tr_18,translate,"Թարգմանիր՝ "wifi"","wifi",000212,NO
w4_l6,w4_l6_mc_19,multiple_choice,"Ընտրիր "ցանց"-ի թարգմանությունը","network",000216,NO
w4_l6,w4_l6_tr_19,translate,"Թարգմանիր՝ "ցանց"","network",000222,NO
w4_l6,w4_l6_mc_20,multiple_choice,"Ընտրիր "տվյալներ"-ի թարգմանությունը","data",000226,NO
w4_l6,w4_l6_tr_20,translate,"Թարգմանիր՝ "տվյալներ"","data",000232,NO
w4_l6,w4_l6_mc_21,multiple_choice,"Ընտրիր "կրկնօրինակ"-ի թարգմանությունը","backup",000236,NO
w4_l6,w4_l6_tr_21,translate,"Թարգմանիր՝ "կրկնօրինակ"","backup",000242,NO
w4_l6,w4_l6_mc_22,multiple_choice,"Ընտրիր "թարմացում"-ի թարգմանությունը","update",000246,NO
w4_l6,w4_l6_tr_22,translate,"Թարգմանիր՝ "թարմացում"","update",000252,NO
w4_l6,w4_l6_mc_23,multiple_choice,"Ընտրիր "սխալ"-ի թարգմանությունը","error",000256,NO
w4_l6,w4_l6_tr_23,translate,"Թարգմանիր՝ "սխալ"","error",000262,NO
w4_l6,w4_l6_mc_24,multiple_choice,"Ընտրիր "վիրուս"-ի թարգմանությունը","virus",000266,NO
w4_l6,w4_l6_tr_24,translate,"Թարգմանիր՝ "վիրուս"","virus",000272,NO
w4_l6,w4_l6_match,match_pairs,"Կապիր հայերեն բառերը անգլերեն թարգմանությունների հետ","",009472,NO
w5_l1,w5_l1_mc_0,multiple_choice,"Ընտրիր "կարծիք"-ի թարգմանությունը","opinion",000026,NO
w5_l1,w5_l1_tr_0,translate,"Թարգմանիր՝ "կարծիք"","opinion",000032,NO
w5_l1,w5_l1_mc_1,multiple_choice,"Ընտրիր "տեսակետ"-ի թարգմանությունը","viewpoint",000036,NO
w5_l1,w5_l1_tr_1,translate,"Թարգմանիր՝ "տեսակետ"","viewpoint",000042,NO
w5_l1,w5_l1_mc_2,multiple_choice,"Ընտրիր "համաձայն"-ի թարգմանությունը","agree",000046,NO
w5_l1,w5_l1_tr_2,translate,"Թարգմանիր՝ "համաձայն"","agree",000052,NO
w5_l1,w5_l1_mc_3,multiple_choice,"Ընտրիր "անհամաձայն"-ի թարգմանությունը","disagree",000056,NO
w5_l1,w5_l1_tr_3,translate,"Թարգմանիր՝ "անհամաձայն"","disagree",000062,NO
w5_l1,w5_l1_mc_4,multiple_choice,"Ընտրիր "քննարկում"-ի թարգմանությունը","discussion",000066,NO
w5_l1,w5_l1_tr_4,translate,"Թարգմանիր՝ "քննարկում"","discussion",000072,NO
w5_l1,w5_l1_mc_5,multiple_choice,"Ընտրիր "փաստարկ"-ի թարգմանությունը","argument",000076,NO
w5_l1,w5_l1_tr_5,translate,"Թարգմանիր՝ "փաստարկ"","argument",000082,NO
w5_l1,w5_l1_mc_6,multiple_choice,"Ընտրիր "ապացույց"-ի թարգմանությունը","proof",000086,NO
w5_l1,w5_l1_tr_6,translate,"Թարգմանիր՝ "ապացույց"","proof",000092,NO
w5_l1,w5_l1_mc_7,multiple_choice,"Ընտրիր "փաստ"-ի թարգմանությունը","fact",000096,NO
w5_l1,w5_l1_tr_7,translate,"Թարգմանիր՝ "փաստ"","fact",000102,NO
w5_l1,w5_l1_mc_8,multiple_choice,"Ընտրիր "կարծել"-ի թարգմանությունը","to think",000106,NO
w5_l1,w5_l1_tr_8,translate,"Թարգմանիր՝ "կարծել"","to think",000112,NO
w5_l1,w5_l1_mc_9,multiple_choice,"Ընտրիր "հավատալ"-ի թարգմանությունը","to believe",000116,NO
w5_l1,w5_l1_tr_9,translate,"Թարգմանիր՝ "հավատալ"","to believe",000122,NO
w5_l1,w5_l1_mc_10,multiple_choice,"Ընտրիր "մտածել"-ի թարգմանությունը","to consider",000126,NO
w5_l1,w5_l1_tr_10,translate,"Թարգմանիր՝ "մտածել"","to consider",000132,NO
w5_l1,w5_l1_mc_11,multiple_choice,"Ընտրիր "տպավորություն"-ի թարգմանությունը","impression",000136,NO
w5_l1,w5_l1_tr_11,translate,"Թարգմանիր՝ "տպավորություն"","impression",000142,NO
w5_l1,w5_l1_mc_12,multiple_choice,"Ընտրիր "համոզմունք"-ի թարգմանությունը","conviction",000146,NO
w5_l1,w5_l1_tr_12,translate,"Թարգմանիր՝ "համոզմունք"","conviction",000152,NO
w5_l1,w5_l1_mc_13,multiple_choice,"Ընտրիր "կասկած"-ի թարգմանությունը","doubt",000156,NO
w5_l1,w5_l1_tr_13,translate,"Թարգմանիր՝ "կասկած"","doubt",000162,NO
w5_l1,w5_l1_mc_14,multiple_choice,"Ընտրիր "տրամաբանական"-ի թարգմանությունը","logical",000166,NO
w5_l1,w5_l1_tr_14,translate,"Թարգմանիր՝ "տրամաբանական"","logical",000172,NO
w5_l1,w5_l1_mc_15,multiple_choice,"Ընտրիր "հակասական"-ի թարգմանությունը","contradictory",000176,NO
w5_l1,w5_l1_tr_15,translate,"Թարգմանիր՝ "հակասական"","contradictory",000182,NO
w5_l1,w5_l1_mc_16,multiple_choice,"Ընտրիր "ուժեղ"-ի թարգմանությունը","strong",000186,NO
w5_l1,w5_l1_tr_16,translate,"Թարգմանիր՝ "ուժեղ"","strong",000192,NO
w5_l1,w5_l1_mc_17,multiple_choice,"Ընտրիր "թույլ"-ի թարգմանությունը","weak",000196,NO
w5_l1,w5_l1_tr_17,translate,"Թարգմանիր՝ "թույլ"","weak",000202,NO
w5_l1,w5_l1_mc_18,multiple_choice,"Ընտրիր "խելամիտ"-ի թարգմանությունը","reasonable",000206,NO
w5_l1,w5_l1_tr_18,translate,"Թարգմանիր՝ "խելամիտ"","reasonable",000212,NO
w5_l1,w5_l1_mc_19,multiple_choice,"Ընտրիր "անհիմն"-ի թարգմանությունը","groundless",000216,NO
w5_l1,w5_l1_tr_19,translate,"Թարգմանիր՝ "անհիմն"","groundless",000222,NO
w5_l1,w5_l1_mc_20,multiple_choice,"Ընտրիր "կասկածել"-ի թարգմանությունը","to doubt",000226,NO
w5_l1,w5_l1_tr_20,translate,"Թարգմանիր՝ "կասկածել"","to doubt",000232,NO
w5_l1,w5_l1_mc_21,multiple_choice,"Ընտրիր "հիմնավորել"-ի թարգմանությունը","to justify",000236,NO
w5_l1,w5_l1_tr_21,translate,"Թարգմանիր՝ "հիմնավորել"","to justify",000242,NO
w5_l1,w5_l1_mc_22,multiple_choice,"Ընտրիր "կողմ"-ի թարգմանությունը","side",000246,NO
w5_l1,w5_l1_tr_22,translate,"Թարգմանիր՝ "կողմ"","side",000252,NO
w5_l1,w5_l1_mc_23,multiple_choice,"Ընտրիր "հակառակորդ"-ի թարգմանությունը","opponent",000256,NO
w5_l1,w5_l1_tr_23,translate,"Թարգմանիր՝ "հակառակորդ"","opponent",000262,NO
w5_l1,w5_l1_mc_24,multiple_choice,"Ընտրիր "համախոհ"-ի թարգմանությունը","supporter",000266,NO
w5_l1,w5_l1_tr_24,translate,"Թարգմանիր՝ "համախոհ"","supporter",000272,NO
w5_l1,w5_l1_match,match_pairs,"Կապիր հայերեն բառերը անգլերեն թարգմանությունների հետ","",009751,NO
w5_l2,w5_l2_mc_0,multiple_choice,"Ընտրիր "երջանիկ"-ի թարգմանությունը","happy",000026,NO
w5_l2,w5_l2_tr_0,translate,"Թարգմանիր՝ "երջանիկ"","happy",000032,NO
w5_l2,w5_l2_mc_1,multiple_choice,"Ընտրիր "տխուր"-ի թարգմանությունը","sad",000036,NO
w5_l2,w5_l2_tr_1,translate,"Թարգմանիր՝ "տխուր"","sad",000042,NO
w5_l2,w5_l2_mc_2,multiple_choice,"Ընտրիր "զայրացած"-ի թարգմանությունը","angry",000046,NO
w5_l2,w5_l2_tr_2,translate,"Թարգմանիր՝ "զայրացած"","angry",000052,NO
w5_l2,w5_l2_mc_3,multiple_choice,"Ընտրիր "զարմացած"-ի թարգմանությունը","surprised",000056,NO
w5_l2,w5_l2_tr_3,translate,"Թարգմանիր՝ "զարմացած"","surprised",000062,NO
w5_l2,w5_l2_mc_4,multiple_choice,"Ընտրիր "վախեցած"-ի թարգմանությունը","scared",000066,NO
w5_l2,w5_l2_tr_4,translate,"Թարգմանիր՝ "վախեցած"","scared",000072,NO
w5_l2,w5_l2_mc_5,multiple_choice,"Ընտրիր "հոգնած"-ի թարգմանությունը","tired",000076,NO
w5_l2,w5_l2_tr_5,translate,"Թարգմանիր՝ "հոգնած"","tired",000082,NO
w5_l2,w5_l2_mc_6,multiple_choice,"Ընտրիր "հանգիստ"-ի թարգմանությունը","calm",000086,NO
w5_l2,w5_l2_tr_6,translate,"Թարգմանիր՝ "հանգիստ"","calm",000092,NO
w5_l2,w5_l2_mc_7,multiple_choice,"Ընտրիր "անհանգիստ"-ի թարգմանությունը","anxious",000096,NO
w5_l2,w5_l2_tr_7,translate,"Թարգմանիր՝ "անհանգիստ"","anxious",000102,NO
w5_l2,w5_l2_mc_8,multiple_choice,"Ընտրիր "հուզված"-ի թարգմանությունը","excited",000106,NO
w5_l2,w5_l2_tr_8,translate,"Թարգմանիր՝ "հուզված"","excited",000112,NO
w5_l2,w5_l2_mc_9,multiple_choice,"Ընտրիր "ձանձրացած"-ի թարգմանությունը","bored",000116,NO
w5_l2,w5_l2_tr_9,translate,"Թարգմանիր՝ "ձանձրացած"","bored",000122,NO
w5_l2,w5_l2_mc_10,multiple_choice,"Ընտրիր "հպարտ"-ի թարգմանությունը","proud",000126,NO
w5_l2,w5_l2_tr_10,translate,"Թարգմանիր՝ "հպարտ"","proud",000132,NO
w5_l2,w5_l2_mc_11,multiple_choice,"Ընտրիր "ամաչկոտ"-ի թարգմանությունը","shy",000136,NO
w5_l2,w5_l2_tr_11,translate,"Թարգմանիր՝ "ամաչկոտ"","shy",000142,NO
w5_l2,w5_l2_mc_12,multiple_choice,"Ընտրիր "սիրահարված"-ի թարգմանությունը","in love",000146,NO
w5_l2,w5_l2_tr_12,translate,"Թարգմանիր՝ "սիրահարված"","in love",000152,NO
w5_l2,w5_l2_mc_13,multiple_choice,"Ընտրիր "ատելի"-ի թարգմանությունը","hateful",000156,NO
w5_l2,w5_l2_tr_13,translate,"Թարգմանիր՝ "ատելի"","hateful",000162,NO
w5_l2,w5_l2_mc_14,multiple_choice,"Ընտրիր "ուրախ"-ի թարգմանությունը","joyful",000166,NO
w5_l2,w5_l2_tr_14,translate,"Թարգմանիր՝ "ուրախ"","joyful",000172,NO
w5_l2,w5_l2_mc_15,multiple_choice,"Ընտրիր "հիասթափված"-ի թարգմանությունը","disappointed",000176,NO
w5_l2,w5_l2_tr_15,translate,"Թարգմանիր՝ "հիասթափված"","disappointed",000182,NO
w5_l2,w5_l2_mc_16,multiple_choice,"Ընտրիր "շփոթված"-ի թարգմանությունը","confused",000186,NO
w5_l2,w5_l2_tr_16,translate,"Թարգմանիր՝ "շփոթված"","confused",000192,NO
w5_l2,w5_l2_mc_17,multiple_choice,"Ընտրիր "համբերատար"-ի թարգմանությունը","patient",000196,NO
w5_l2,w5_l2_tr_17,translate,"Թարգմանիր՝ "համբերատար"","patient",000202,NO
w5_l2,w5_l2_mc_18,multiple_choice,"Ընտրիր "անհամբեր"-ի թարգմանությունը","impatient",000206,NO
w5_l2,w5_l2_tr_18,translate,"Թարգմանիր՝ "անհամբեր"","impatient",000212,NO
w5_l2,w5_l2_mc_19,multiple_choice,"Ընտրիր "ընկճված"-ի թարգմանությունը","depressed",000216,NO
w5_l2,w5_l2_tr_19,translate,"Թարգմանիր՝ "ընկճված"","depressed",000222,NO
w5_l2,w5_l2_mc_20,multiple_choice,"Ընտրիր "զգացմունք"-ի թարգմանությունը","feeling",000226,NO
w5_l2,w5_l2_tr_20,translate,"Թարգմանիր՝ "զգացմունք"","feeling",000232,NO
w5_l2,w5_l2_mc_21,multiple_choice,"Ընտրիր "տրամադրություն"-ի թարգմանությունը","mood",000236,NO
w5_l2,w5_l2_tr_21,translate,"Թարգմանիր՝ "տրամադրություն"","mood",000242,NO
w5_l2,w5_l2_mc_22,multiple_choice,"Ընտրիր "արցունք"-ի թարգմանությունը","tear",000246,NO
w5_l2,w5_l2_tr_22,translate,"Թարգմանիր՝ "արցունք"","tear",000252,NO
w5_l2,w5_l2_mc_23,multiple_choice,"Ընտրիր "ծիծաղ"-ի թարգմանությունը","laughter",000256,NO
w5_l2,w5_l2_tr_23,translate,"Թարգմանիր՝ "ծիծաղ"","laughter",000262,NO
w5_l2,w5_l2_mc_24,multiple_choice,"Ընտրիր "ժպիտ"-ի թարգմանությունը","smile",000266,NO
w5_l2,w5_l2_tr_24,translate,"Թարգմանիր՝ "ժպիտ"","smile",000272,NO
w5_l2,w5_l2_match,match_pairs,"Կապիր հայերեն բառերը անգլերեն թարգմանությունների հետ","",010030,NO
w5_l3,w5_l3_mc_0,multiple_choice,"Ընտրիր "պատմություն"-ի թարգմանությունը","story",000026,NO
w5_l3,w5_l3_tr_0,translate,"Թարգմանիր՝ "պատմություն"","story",000032,NO
w5_l3,w5_l3_mc_1,multiple_choice,"Ընտրիր "հեքիաթ"-ի թարգմանությունը","fairytale",000036,NO
w5_l3,w5_l3_tr_1,translate,"Թարգմանիր՝ "հեքիաթ"","fairytale",000042,NO
w5_l3,w5_l3_mc_2,multiple_choice,"Ընտրիր "հերոս"-ի թարգմանությունը","hero",000046,NO
w5_l3,w5_l3_tr_2,translate,"Թարգմանիր՝ "հերոս"","hero",000052,NO
w5_l3,w5_l3_mc_3,multiple_choice,"Ընտրիր "հերոսուհի"-ի թարգմանությունը","heroine",000056,NO
w5_l3,w5_l3_tr_3,translate,"Թարգմանիր՝ "հերոսուհի"","heroine",000062,NO
w5_l3,w5_l3_mc_4,multiple_choice,"Ընտրիր "չարագործ"-ի թարգմանությունը","villain",000066,NO
w5_l3,w5_l3_tr_4,translate,"Թարգմանիր՝ "չարագործ"","villain",000072,NO
w5_l3,w5_l3_mc_5,multiple_choice,"Ընտրիր "սկիզբ"-ի թարգմանությունը","beginning",000076,NO
w5_l3,w5_l3_tr_5,translate,"Թարգմանիր՝ "սկիզբ"","beginning",000082,NO
w5_l3,w5_l3_mc_6,multiple_choice,"Ընտրիր "մեջտեղ"-ի թարգմանությունը","middle",000086,NO
w5_l3,w5_l3_tr_6,translate,"Թարգմանիր՝ "մեջտեղ"","middle",000092,NO
w5_l3,w5_l3_mc_7,multiple_choice,"Ընտրիր "վերջ"-ի թարգմանությունը","end",000096,NO
w5_l3,w5_l3_tr_7,translate,"Թարգմանիր՝ "վերջ"","end",000102,NO
w5_l3,w5_l3_mc_8,multiple_choice,"Ընտրիր "կերպար"-ի թարգմանությունը","character",000106,NO
w5_l3,w5_l3_tr_8,translate,"Թարգմանիր՝ "կերպար"","character",000112,NO
w5_l3,w5_l3_mc_9,multiple_choice,"Ընտրիր "սյուժե"-ի թարգմանությունը","plot",000116,NO
w5_l3,w5_l3_tr_9,translate,"Թարգմանիր՝ "սյուժե"","plot",000122,NO
w5_l3,w5_l3_mc_10,multiple_choice,"Ընտրիր "իրադարձություն"-ի թարգմանությունը","event",000126,NO
w5_l3,w5_l3_tr_10,translate,"Թարգմանիր՝ "իրադարձություն"","event",000132,NO
w5_l3,w5_l3_mc_11,multiple_choice,"Ընտրիր "տեղ"-ի թարգմանությունը","place",000136,NO
w5_l3,w5_l3_tr_11,translate,"Թարգմանիր՝ "տեղ"","place",000142,NO
w5_l3,w5_l3_mc_12,multiple_choice,"Ընտրիր "ժամանակ"-ի թարգմանությունը","time",000146,NO
w5_l3,w5_l3_tr_12,translate,"Թարգմանիր՝ "ժամանակ"","time",000152,NO
w5_l3,w5_l3_mc_13,multiple_choice,"Ընտրիր "արկած"-ի թարգմանությունը","adventure",000156,NO
w5_l3,w5_l3_tr_13,translate,"Թարգմանիր՝ "արկած"","adventure",000162,NO
w5_l3,w5_l3_mc_14,multiple_choice,"Ընտրիր "գաղտնիք"-ի թարգմանությունը","secret",000166,NO
w5_l3,w5_l3_tr_14,translate,"Թարգմանիր՝ "գաղտնիք"","secret",000172,NO
w5_l3,w5_l3_mc_15,multiple_choice,"Ընտրիր "հրաշք"-ի թարգմանությունը","miracle",000176,NO
w5_l3,w5_l3_tr_15,translate,"Թարգմանիր՝ "հրաշք"","miracle",000182,NO
w5_l3,w5_l3_mc_16,multiple_choice,"Ընտրիր "պատահել"-ի թարգմանությունը","to happen",000186,NO
w5_l3,w5_l3_tr_16,translate,"Թարգմանիր՝ "պատահել"","to happen",000192,NO
w5_l3,w5_l3_mc_17,multiple_choice,"Ընտրիր "պատմել"-ի թարգմանությունը","to tell",000196,NO
w5_l3,w5_l3_tr_17,translate,"Թարգմանիր՝ "պատմել"","to tell",000202,NO
w5_l3,w5_l3_mc_18,multiple_choice,"Ընտրիր "հիշել"-ի թարգմանությունը","to remember",000206,NO
w5_l3,w5_l3_tr_18,translate,"Թարգմանիր՝ "հիշել"","to remember",000212,NO
w5_l3,w5_l3_mc_19,multiple_choice,"Ընտրիր "մոռանալ"-ի թարգմանությունը","to forget",000216,NO
w5_l3,w5_l3_tr_19,translate,"Թարգմանիր՝ "մոռանալ"","to forget",000222,NO
w5_l3,w5_l3_mc_20,multiple_choice,"Ընտրիր "հնում"-ի թարգմանությունը","long ago",000226,NO
w5_l3,w5_l3_tr_20,translate,"Թարգմանիր՝ "հնում"","long ago",000232,NO
w5_l3,w5_l3_mc_21,multiple_choice,"Ընտրիր "հանկարծ"-ի թարգմանությունը","suddenly",000236,NO
w5_l3,w5_l3_tr_21,translate,"Թարգմանիր՝ "հանկարծ"","suddenly",000242,NO
w5_l3,w5_l3_mc_22,multiple_choice,"Ընտրիր "վերջապես"-ի թարգմանությունը","finally",000246,NO
w5_l3,w5_l3_tr_22,translate,"Թարգմանիր՝ "վերջապես"","finally",000252,NO
w5_l3,w5_l3_mc_23,multiple_choice,"Ընտրիր "հետո"-ի թարգմանությունը","then",000256,NO
w5_l3,w5_l3_tr_23,translate,"Թարգմանիր՝ "հետո"","then",000262,NO
w5_l3,w5_l3_mc_24,multiple_choice,"Ընտրիր "մինչդեռ"-ի թարգմանությունը","meanwhile",000266,NO
w5_l3,w5_l3_tr_24,translate,"Թարգմանիր՝ "մինչդեռ"","meanwhile",000272,NO
w5_l3,w5_l3_match,match_pairs,"Կապիր հայերեն բառերը անգլերեն թարգմանությունների հետ","",010309,NO
w5_l4,w5_l4_mc_0,multiple_choice,"Ընտրիր "խնդիր"-ի թարգմանությունը","problem",000026,NO
w5_l4,w5_l4_tr_0,translate,"Թարգմանիր՝ "խնդիր"","problem",000032,NO
w5_l4,w5_l4_mc_1,multiple_choice,"Ընտրիր "լուծում"-ի թարգմանությունը","solution",000036,NO
w5_l4,w5_l4_tr_1,translate,"Թարգմանիր՝ "լուծում"","solution",000042,NO
w5_l4,w5_l4_mc_2,multiple_choice,"Ընտրիր "պատճառ"-ի թարգմանությունը","cause",000046,NO
w5_l4,w5_l4_tr_2,translate,"Թարգմանիր՝ "պատճառ"","cause",000052,NO
w5_l4,w5_l4_mc_3,multiple_choice,"Ընտրիր "հետևանք"-ի թարգմանությունը","consequence",000056,NO
w5_l4,w5_l4_tr_3,translate,"Թարգմանիր՝ "հետևանք"","consequence",000062,NO
w5_l4,w5_l4_mc_4,multiple_choice,"Ընտրիր "վերլուծել"-ի թարգմանությունը","to analyze",000066,NO
w5_l4,w5_l4_tr_4,translate,"Թարգմանիր՝ "վերլուծել"","to analyze",000072,NO
w5_l4,w5_l4_mc_5,multiple_choice,"Ընտրիր "որոշել"-ի թարգմանությունը","to decide",000076,NO
w5_l4,w5_l4_tr_5,translate,"Թարգմանիր՝ "որոշել"","to decide",000082,NO
w5_l4,w5_l4_mc_6,multiple_choice,"Ընտրիր "մտածել"-ի թարգմանությունը","to think",000086,NO
w5_l4,w5_l4_tr_6,translate,"Թարգմանիր՝ "մտածել"","to think",000092,NO
w5_l4,w5_l4_mc_7,multiple_choice,"Ընտրիր "փորձել"-ի թարգմանությունը","to try",000096,NO
w5_l4,w5_l4_tr_7,translate,"Թարգմանիր՝ "փորձել"","to try",000102,NO
w5_l4,w5_l4_mc_8,multiple_choice,"Ընտրիր "հաջողվել"-ի թարգմանությունը","to succeed",000106,NO
w5_l4,w5_l4_tr_8,translate,"Թարգմանիր՝ "հաջողվել"","to succeed",000112,NO
w5_l4,w5_l4_mc_9,multiple_choice,"Ընտրիր "ձախողվել"-ի թարգմանությունը","to fail",000116,NO
w5_l4,w5_l4_tr_9,translate,"Թարգմանիր՝ "ձախողվել"","to fail",000122,NO
w5_l4,w5_l4_mc_10,multiple_choice,"Ընտրիր "քայլ"-ի թարգմանությունը","step",000126,NO
w5_l4,w5_l4_tr_10,translate,"Թարգմանիր՝ "քայլ"","step",000132,NO
w5_l4,w5_l4_mc_11,multiple_choice,"Ընտրիր "տարբերակ"-ի թարգմանությունը","option",000136,NO
w5_l4,w5_l4_tr_11,translate,"Թարգմանիր՝ "տարբերակ"","option",000142,NO
w5_l4,w5_l4_mc_12,multiple_choice,"Ընտրիր "ընտրություն"-ի թարգմանությունը","choice",000146,NO
w5_l4,w5_l4_tr_12,translate,"Թարգմանիր՝ "ընտրություն"","choice",000152,NO
w5_l4,w5_l4_mc_13,multiple_choice,"Ընտրիր "որոշում"-ի թարգմանությունը","decision",000156,NO
w5_l4,w5_l4_tr_13,translate,"Թարգմանիր՝ "որոշում"","decision",000162,NO
w5_l4,w5_l4_mc_14,multiple_choice,"Ընտրիր "բարդություն"-ի թարգմանությունը","difficulty",000166,NO
w5_l4,w5_l4_tr_14,translate,"Թարգմանիր՝ "բարդություն"","difficulty",000172,NO
w5_l4,w5_l4_mc_15,multiple_choice,"Ընտրիր "հաջողություն"-ի թարգմանությունը","success",000176,NO
w5_l4,w5_l4_tr_15,translate,"Թարգմանիր՝ "հաջողություն"","success",000182,NO
w5_l4,w5_l4_mc_16,multiple_choice,"Ընտրիր "ձախողում"-ի թարգմանությունը","failure",000186,NO
w5_l4,w5_l4_tr_16,translate,"Թարգմանիր՝ "ձախողում"","failure",000192,NO
w5_l4,w5_l4_mc_17,multiple_choice,"Ընտրիր "կարճ ճանապարհ"-ի թարգմանությունը","shortcut",000196,NO
w5_l4,w5_l4_tr_17,translate,"Թարգմանիր՝ "կարճ ճանապարհ"","shortcut",000202,NO
w5_l4,w5_l4_mc_18,multiple_choice,"Ընտրիր "լավագույն"-ի թարգմանությունը","best",000206,NO
w5_l4,w5_l4_tr_18,translate,"Թարգմանիր՝ "լավագույն"","best",000212,NO
w5_l4,w5_l4_mc_19,multiple_choice,"Ընտրիր "արագ"-ի թարգմանությունը","fast",000216,NO
w5_l4,w5_l4_tr_19,translate,"Թարգմանիր՝ "արագ"","fast",000222,NO
w5_l4,w5_l4_mc_20,multiple_choice,"Ընտրիր "ստեղծագործ"-ի թարգմանությունը","creative",000226,NO
w5_l4,w5_l4_tr_20,translate,"Թարգմանիր՝ "ստեղծագործ"","creative",000232,NO
w5_l4,w5_l4_mc_21,multiple_choice,"Ընտրիր "համբերություն"-ի թարգմանությունը","patience",000236,NO
w5_l4,w5_l4_tr_21,translate,"Թարգմանիր՝ "համբերություն"","patience",000242,NO
w5_l4,w5_l4_mc_22,multiple_choice,"Ընտրիր "աշխատանք"-ի թարգմանությունը","work",000246,NO
w5_l4,w5_l4_tr_22,translate,"Թարգմանիր՝ "աշխատանք"","work",000252,NO
w5_l4,w5_l4_mc_23,multiple_choice,"Ընտրիր "պլան"-ի թարգմանությունը","plan",000256,NO
w5_l4,w5_l4_tr_23,translate,"Թարգմանիր՝ "պլան"","plan",000262,NO
w5_l4,w5_l4_mc_24,multiple_choice,"Ընտրիր "հանգստություն"-ի թարգմանությունը","calmness",000266,NO
w5_l4,w5_l4_tr_24,translate,"Թարգմանիր՝ "հանգստություն"","calmness",000272,NO
w5_l4,w5_l4_match,match_pairs,"Կապիր հայերեն բառերը անգլերեն թարգմանությունների հետ","",010588,NO
w5_l5,w5_l5_mc_0,multiple_choice,"Ընտրիր "բանակցություն"-ի թարգմանությունը","negotiation",000026,NO
w5_l5,w5_l5_tr_0,translate,"Թարգմանիր՝ "բանակցություն"","negotiation",000032,NO
w5_l5,w5_l5_mc_1,multiple_choice,"Ընտրիր "համաձայնագիր"-ի թարգմանությունը","agreement",000036,NO
w5_l5,w5_l5_tr_1,translate,"Թարգմանիր՝ "համաձայնագիր"","agreement",000042,NO
w5_l5,w5_l5_mc_2,multiple_choice,"Ընտրիր "պայմաններ"-ի թարգմանությունը","terms",000046,NO
w5_l5,w5_l5_tr_2,translate,"Թարգմանիր՝ "պայմաններ"","terms",000052,NO
w5_l5,w5_l5_mc_3,multiple_choice,"Ընտրիր "գին"-ի թարգմանությունը","price",000056,NO
w5_l5,w5_l5_tr_3,translate,"Թարգմանիր՝ "գին"","price",000062,NO
w5_l5,w5_l5_mc_4,multiple_choice,"Ընտրիր "զեղչ"-ի թարգմանությունը","discount",000066,NO
w5_l5,w5_l5_tr_4,translate,"Թարգմանիր՝ "զեղչ"","discount",000072,NO
w5_l5,w5_l5_mc_5,multiple_choice,"Ընտրիր "առաջարկ"-ի թարգմանությունը","offer",000076,NO
w5_l5,w5_l5_tr_5,translate,"Թարգմանիր՝ "առաջարկ"","offer",000082,NO
w5_l5,w5_l5_mc_6,multiple_choice,"Ընտրիր "հակաառաջարկ"-ի թարգմանությունը","counter-offer",000086,NO
w5_l5,w5_l5_tr_6,translate,"Թարգմանիր՝ "հակաառաջարկ"","counter-offer",000092,NO
w5_l5,w5_l5_mc_7,multiple_choice,"Ընտրիր "համաձայն"-ի թարգմանությունը","agreed",000096,NO
w5_l5,w5_l5_tr_7,translate,"Թարգմանիր՝ "համաձայն"","agreed",000102,NO
w5_l5,w5_l5_mc_8,multiple_choice,"Ընտրիր "մերժել"-ի թարգմանությունը","to reject",000106,NO
w5_l5,w5_l5_tr_8,translate,"Թարգմանիր՝ "մերժել"","to reject",000112,NO
w5_l5,w5_l5_mc_9,multiple_choice,"Ընտրիր "ընդունել"-ի թարգմանությունը","to accept",000116,NO
w5_l5,w5_l5_tr_9,translate,"Թարգմանիր՝ "ընդունել"","to accept",000122,NO
w5_l5,w5_l5_mc_10,multiple_choice,"Ընտրիր "քննարկել"-ի թարգմանությունը","to discuss",000126,NO
w5_l5,w5_l5_tr_10,translate,"Թարգմանիր՝ "քննարկել"","to discuss",000132,NO
w5_l5,w5_l5_mc_11,multiple_choice,"Ընտրիր "պայմանավորվել"-ի թարգմանությունը","to agree",000136,NO
w5_l5,w5_l5_tr_11,translate,"Թարգմանիր՝ "պայմանավորվել"","to agree",000142,NO
w5_l5,w5_l5_mc_12,multiple_choice,"Ընտրիր "զիջել"-ի թարգմանությունը","to concede",000146,NO
w5_l5,w5_l5_tr_12,translate,"Թարգմանիր՝ "զիջել"","to concede",000152,NO
w5_l5,w5_l5_mc_13,multiple_choice,"Ընտրիր "պահանջել"-ի թարգմանությունը","to demand",000156,NO
w5_l5,w5_l5_tr_13,translate,"Թարգմանիր՝ "պահանջել"","to demand",000162,NO
w5_l5,w5_l5_mc_14,multiple_choice,"Ընտրիր "փոխզիջում"-ի թարգմանությունը","compromise",000166,NO
w5_l5,w5_l5_tr_14,translate,"Թարգմանիր՝ "փոխզիջում"","compromise",000172,NO
w5_l5,w5_l5_mc_15,multiple_choice,"Ընտրիր "շահ"-ի թարգմանությունը","benefit",000176,NO
w5_l5,w5_l5_tr_15,translate,"Թարգմանիր՝ "շահ"","benefit",000182,NO
w5_l5,w5_l5_mc_16,multiple_choice,"Ընտրիր "պարտություն"-ի թարգմանությունը","loss",000186,NO
w5_l5,w5_l5_tr_16,translate,"Թարգմանիր՝ "պարտություն"","loss",000192,NO
w5_l5,w5_l5_mc_17,multiple_choice,"Ընտրիր "ռիսկ"-ի թարգմանությունը","risk",000196,NO
w5_l5,w5_l5_tr_17,translate,"Թարգմանիր՝ "ռիսկ"","risk",000202,NO
w5_l5,w5_l5_mc_18,multiple_choice,"Ընտրիր "հնարավորություն"-ի թարգմանությունը","opportunity",000206,NO
w5_l5,w5_l5_tr_18,translate,"Թարգմանիր՝ "հնարավորություն"","opportunity",000212,NO
w5_l5,w5_l5_mc_19,multiple_choice,"Ընտրիր "պայման"-ի թարգմանությունը","condition",000216,NO
w5_l5,w5_l5_tr_19,translate,"Թարգմանիր՝ "պայման"","condition",000222,NO
w5_l5,w5_l5_mc_20,multiple_choice,"Ընտրիր "ստորագրել"-ի թարգմանությունը","to sign",000226,NO
w5_l5,w5_l5_tr_20,translate,"Թարգմանիր՝ "ստորագրել"","to sign",000232,NO
w5_l5,w5_l5_mc_21,multiple_choice,"Ընտրիր "հեղինակություն"-ի թարգմանությունը","authority",000236,NO
w5_l5,w5_l5_tr_21,translate,"Թարգմանիր՝ "հեղինակություն"","authority",000242,NO
w5_l5,w5_l5_mc_22,multiple_choice,"Ընտրիր "կողմ"-ի թարգմանությունը","side",000246,NO
w5_l5,w5_l5_tr_22,translate,"Թարգմանիր՝ "կողմ"","side",000252,NO
w5_l5,w5_l5_mc_23,multiple_choice,"Ընտրիր "հաճախորդ"-ի թարգմանությունը","client",000256,NO
w5_l5,w5_l5_tr_23,translate,"Թարգմանիր՝ "հաճախորդ"","client",000262,NO
w5_l5,w5_l5_mc_24,multiple_choice,"Ընտրիր "մատակարար"-ի թարգմանությունը","supplier",000266,NO
w5_l5,w5_l5_tr_24,translate,"Թարգմանիր՝ "մատակարար"","supplier",000272,NO
w5_l5,w5_l5_match,match_pairs,"Կապիր հայերեն բառերը անգլերեն թարգմանությունների հետ","",010867,NO
w5_l6,w5_l6_mc_0,multiple_choice,"Ընտրիր "մշակույթ"-ի թարգմանությունը","culture",000026,NO
w5_l6,w5_l6_tr_0,translate,"Թարգմանիր՝ "մշակույթ"","culture",000032,NO
w5_l6,w5_l6_mc_1,multiple_choice,"Ընտրիր "ավանդույթ"-ի թարգմանությունը","tradition",000036,NO
w5_l6,w5_l6_tr_1,translate,"Թարգմանիր՝ "ավանդույթ"","tradition",000042,NO
w5_l6,w5_l6_mc_2,multiple_choice,"Ընտրիր "սովորույթ"-ի թարգմանությունը","custom",000046,NO
w5_l6,w5_l6_tr_2,translate,"Թարգմանիր՝ "սովորույթ"","custom",000052,NO
w5_l6,w5_l6_mc_3,multiple_choice,"Ընտրիր "տոն"-ի թարգմանությունը","holiday",000056,NO
w5_l6,w5_l6_tr_3,translate,"Թարգմանիր՝ "տոն"","holiday",000062,NO
w5_l6,w5_l6_mc_4,multiple_choice,"Ընտրիր "կրոն"-ի թարգմանությունը","religion",000066,NO
w5_l6,w5_l6_tr_4,translate,"Թարգմանիր՝ "կրոն"","religion",000072,NO
w5_l6,w5_l6_mc_5,multiple_choice,"Ընտրիր "արվեստ"-ի թարգմանությունը","art",000076,NO
w5_l6,w5_l6_tr_5,translate,"Թարգմանիր՝ "արվեստ"","art",000082,NO
w5_l6,w5_l6_mc_6,multiple_choice,"Ընտրիր "երաժշտություն"-ի թարգմանությունը","music",000086,NO
w5_l6,w5_l6_tr_6,translate,"Թարգմանիր՝ "երաժշտություն"","music",000092,NO
w5_l6,w5_l6_mc_7,multiple_choice,"Ընտրիր "պար"-ի թարգմանությունը","dance",000096,NO
w5_l6,w5_l6_tr_7,translate,"Թարգմանիր՝ "պար"","dance",000102,NO
w5_l6,w5_l6_mc_8,multiple_choice,"Ընտրիր "խոհանոց"-ի թարգմանությունը","cuisine",000106,NO
w5_l6,w5_l6_tr_8,translate,"Թարգմանիր՝ "խոհանոց"","cuisine",000112,NO
w5_l6,w5_l6_mc_9,multiple_choice,"Ընտրիր "լեզու"-ի թարգմանությունը","language",000116,NO
w5_l6,w5_l6_tr_9,translate,"Թարգմանիր՝ "լեզու"","language",000122,NO
w5_l6,w5_l6_mc_10,multiple_choice,"Ընտրիր "գրականություն"-ի թարգմանությունը","literature",000126,NO
w5_l6,w5_l6_tr_10,translate,"Թարգմանիր՝ "գրականություն"","literature",000132,NO
w5_l6,w5_l6_mc_11,multiple_choice,"Ընտրիր "պոեզիա"-ի թարգմանությունը","poetry",000136,NO
w5_l6,w5_l6_tr_11,translate,"Թարգմանիր՝ "պոեզիա"","poetry",000142,NO
w5_l6,w5_l6_mc_12,multiple_choice,"Ընտրիր "պատմություն"-ի թարգմանությունը","history",000146,NO
w5_l6,w5_l6_tr_12,translate,"Թարգմանիր՝ "պատմություն"","history",000152,NO
w5_l6,w5_l6_mc_13,multiple_choice,"Ընտրիր "ժողովուրդ"-ի թարգմանությունը","people",000156,NO
w5_l6,w5_l6_tr_13,translate,"Թարգմանիր՝ "ժողովուրդ"","people",000162,NO
w5_l6,w5_l6_mc_14,multiple_choice,"Ընտրիր "ազգ"-ի թարգմանությունը","nation",000166,NO
w5_l6,w5_l6_tr_14,translate,"Թարգմանիր՝ "ազգ"","nation",000172,NO
w5_l6,w5_l6_mc_15,multiple_choice,"Ընտրիր "հայրենիք"-ի թարգմանությունը","homeland",000176,NO
w5_l6,w5_l6_tr_15,translate,"Թարգմանիր՝ "հայրենիք"","homeland",000182,NO
w5_l6,w5_l6_mc_16,multiple_choice,"Ընտրիր "արմատներ"-ի թարգմանությունը","roots",000186,NO
w5_l6,w5_l6_tr_16,translate,"Թարգմանիր՝ "արմատներ"","roots",000192,NO
w5_l6,w5_l6_mc_17,multiple_choice,"Ընտրիր "ինքնություն"-ի թարգմանությունը","identity",000196,NO
w5_l6,w5_l6_tr_17,translate,"Թարգմանիր՝ "ինքնություն"","identity",000202,NO
w5_l6,w5_l6_mc_18,multiple_choice,"Ընտրիր "արժեքներ"-ի թարգմանությունը","values",000206,NO
w5_l6,w5_l6_tr_18,translate,"Թարգմանիր՝ "արժեքներ"","values",000212,NO
w5_l6,w5_l6_mc_19,multiple_choice,"Ընտրիր "հարգանք"-ի թարգմանությունը","respect",000216,NO
w5_l6,w5_l6_tr_19,translate,"Թարգմանիր՝ "հարգանք"","respect",000222,NO
w5_l6,w5_l6_mc_20,multiple_choice,"Ընտրիր "տարբերություն"-ի թարգմանությունը","difference",000226,NO
w5_l6,w5_l6_tr_20,translate,"Թարգմանիր՝ "տարբերություն"","difference",000232,NO
w5_l6,w5_l6_mc_21,multiple_choice,"Ընտրիր "բազմազանություն"-ի թարգմանությունը","diversity",000236,NO
w5_l6,w5_l6_tr_21,translate,"Թարգմանիր՝ "բազմազանություն"","diversity",000242,NO
w5_l6,w5_l6_mc_22,multiple_choice,"Ընտրիր "հանդուրժողականություն"-ի թարգմանությունը","tolerance",000246,NO
w5_l6,w5_l6_tr_22,translate,"Թարգմանիր՝ "հանդուրժողականություն"","tolerance",000252,NO
w5_l6,w5_l6_mc_23,multiple_choice,"Ընտրիր "համատեղ"-ի թարգմանությունը","shared",000256,NO
w5_l6,w5_l6_tr_23,translate,"Թարգմանիր՝ "համատեղ"","shared",000262,NO
w5_l6,w5_l6_mc_24,multiple_choice,"Ընտրիր "հպարտություն"-ի թարգմանությունը","pride",000266,NO
w5_l6,w5_l6_tr_24,translate,"Թարգմանիր՝ "հպարտություն"","pride",000272,NO
w5_l6,w5_l6_match,match_pairs,"Կապիր հայերեն բառերը անգլերեն թարգմանությունների հետ","",011146,NO
w6_l1,w6_l1_mc_0,multiple_choice,"Ընտրիր "հոբբի"-ի թարգմանությունը","hobby",000026,NO
w6_l1,w6_l1_tr_0,translate,"Թարգմանիր՝ "հոբբի"","hobby",000032,NO
w6_l1,w6_l1_mc_1,multiple_choice,"Ընտրիր "ազատ ժամանակ"-ի թարգմանությունը","free time",000036,NO
w6_l1,w6_l1_tr_1,translate,"Թարգմանիր՝ "ազատ ժամանակ"","free time",000042,NO
w6_l1,w6_l1_mc_2,multiple_choice,"Ընտրիր "հետաքրքրություն"-ի թարգմանությունը","interest",000046,NO
w6_l1,w6_l1_tr_2,translate,"Թարգմանիր՝ "հետաքրքրություն"","interest",000052,NO
w6_l1,w6_l1_mc_3,multiple_choice,"Ընտրիր "սիրել"-ի թարգմանությունը","to love",000056,NO
w6_l1,w6_l1_tr_3,translate,"Թարգմանիր՝ "սիրել"","to love",000062,NO
w6_l1,w6_l1_mc_4,multiple_choice,"Ընտրիր "վայելել"-ի թարգմանությունը","to enjoy",000066,NO
w6_l1,w6_l1_tr_4,translate,"Թարգմանիր՝ "վայելել"","to enjoy",000072,NO
w6_l1,w6_l1_mc_5,multiple_choice,"Ընտրիր "զբաղվել"-ի թարգմանությունը","to practice",000076,NO
w6_l1,w6_l1_tr_5,translate,"Թարգմանիր՝ "զբաղվել"","to practice",000082,NO
w6_l1,w6_l1_mc_6,multiple_choice,"Ընտրիր "հմտություն"-ի թարգմանությունը","skill",000086,NO
w6_l1,w6_l1_tr_6,translate,"Թարգմանիր՝ "հմտություն"","skill",000092,NO
w6_l1,w6_l1_mc_7,multiple_choice,"Ընտրիր "պարապմունք"-ի թարգմանությունը","practice",000096,NO
w6_l1,w6_l1_tr_7,translate,"Թարգմանիր՝ "պարապմունք"","practice",000102,NO
w6_l1,w6_l1_mc_8,multiple_choice,"Ընտրիր "ակումբ"-ի թարգմանությունը","club",000106,NO
w6_l1,w6_l1_tr_8,translate,"Թարգմանիր՝ "ակումբ"","club",000112,NO
w6_l1,w6_l1_mc_9,multiple_choice,"Ընտրիր "ուսուցիչ"-ի թարգմանությունը","teacher",000116,NO
w6_l1,w6_l1_tr_9,translate,"Թարգմանիր՝ "ուսուցիչ"","teacher",000122,NO
w6_l1,w6_l1_mc_10,multiple_choice,"Ընտրիր "ընկերներ"-ի թարգմանությունը","friends",000126,NO
w6_l1,w6_l1_tr_10,translate,"Թարգմանիր՝ "ընկերներ"","friends",000132,NO
w6_l1,w6_l1_mc_11,multiple_choice,"Ընտրիր "ժամանակ անցկացնել"-ի թարգմանությունը","to spend time",000136,NO
w6_l1,w6_l1_tr_11,translate,"Թարգմանիր՝ "ժամանակ անցկացնել"","to spend time",000142,NO
w6_l1,w6_l1_mc_12,multiple_choice,"Ընտրիր "հանգիստ"-ի թարգմանությունը","relaxation",000146,NO
w6_l1,w6_l1_tr_12,translate,"Թարգմանիր՝ "հանգիստ"","relaxation",000152,NO
w6_l1,w6_l1_mc_13,multiple_choice,"Ընտրիր "առողջություն"-ի թարգմանությունը","health",000156,NO
w6_l1,w6_l1_tr_13,translate,"Թարգմանիր՝ "առողջություն"","health",000162,NO
w6_l1,w6_l1_mc_14,multiple_choice,"Ընտրիր "սարքավորում"-ի թարգմանությունը","equipment",000166,NO
w6_l1,w6_l1_tr_14,translate,"Թարգմանիր՝ "սարքավորում"","equipment",000172,NO
w6_l1,w6_l1_mc_15,multiple_choice,"Ընտրիր "ծախս"-ի թարգմանությունը","cost",000176,NO
w6_l1,w6_l1_tr_15,translate,"Թարգմանիր՝ "ծախս"","cost",000182,NO
w6_l1,w6_l1_mc_16,multiple_choice,"Ընտրիր "ժամանակացույց"-ի թարգմանությունը","schedule",000186,NO
w6_l1,w6_l1_tr_16,translate,"Թարգմանիր՝ "ժամանակացույց"","schedule",000192,NO
w6_l1,w6_l1_mc_17,multiple_choice,"Ընտրիր "մրցույթ"-ի թարգմանությունը","competition",000196,NO
w6_l1,w6_l1_tr_17,translate,"Թարգմանիր՝ "մրցույթ"","competition",000202,NO
w6_l1,w6_l1_mc_18,multiple_choice,"Ընտրիր "սիրողական"-ի թարգմանությունը","amateur",000206,NO
w6_l1,w6_l1_tr_18,translate,"Թարգմանիր՝ "սիրողական"","amateur",000212,NO
w6_l1,w6_l1_mc_19,multiple_choice,"Ընտրիր "պրոֆեսիոնալ"-ի թարգմանությունը","professional",000216,NO
w6_l1,w6_l1_tr_19,translate,"Թարգմանիր՝ "պրոֆեսիոնալ"","professional",000222,NO
w6_l1,w6_l1_mc_20,multiple_choice,"Ընտրիր "էներգիա"-ի թարգմանությունը","energy",000226,NO
w6_l1,w6_l1_tr_20,translate,"Թարգմանիր՝ "էներգիա"","energy",000232,NO
w6_l1,w6_l1_mc_21,multiple_choice,"Ընտրիր "հաջողություն"-ի թարգմանությունը","success",000236,NO
w6_l1,w6_l1_tr_21,translate,"Թարգմանիր՝ "հաջողություն"","success",000242,NO
w6_l1,w6_l1_mc_22,multiple_choice,"Ընտրիր "սովորել"-ի թարգմանությունը","to learn",000246,NO
w6_l1,w6_l1_tr_22,translate,"Թարգմանիր՝ "սովորել"","to learn",000252,NO
w6_l1,w6_l1_mc_23,multiple_choice,"Ընտրիր "բարելավել"-ի թարգմանությունը","to improve",000256,NO
w6_l1,w6_l1_tr_23,translate,"Թարգմանիր՝ "բարելավել"","to improve",000262,NO
w6_l1,w6_l1_mc_24,multiple_choice,"Ընտրիր "հանգստանալ"-ի թարգմանությունը","to relax",000266,NO
w6_l1,w6_l1_tr_24,translate,"Թարգմանիր՝ "հանգստանալ"","to relax",000272,NO
w6_l1,w6_l1_match,match_pairs,"Կապիր հայերեն բառերը անգլերեն թարգմանությունների հետ","",011425,NO
w6_l2,w6_l2_mc_0,multiple_choice,"Ընտրիր "հոբբի"-ի թարգմանությունը","hobby",000026,NO
w6_l2,w6_l2_tr_0,translate,"Թարգմանիր՝ "հոբբի"","hobby",000032,NO
w6_l2,w6_l2_mc_1,multiple_choice,"Ընտրիր "ազատ ժամանակ"-ի թարգմանությունը","free time",000036,NO
w6_l2,w6_l2_tr_1,translate,"Թարգմանիր՝ "ազատ ժամանակ"","free time",000042,NO
w6_l2,w6_l2_mc_2,multiple_choice,"Ընտրիր "հետաքրքրություն"-ի թարգմանությունը","interest",000046,NO
w6_l2,w6_l2_tr_2,translate,"Թարգմանիր՝ "հետաքրքրություն"","interest",000052,NO
w6_l2,w6_l2_mc_3,multiple_choice,"Ընտրիր "սիրել"-ի թարգմանությունը","to love",000056,NO
w6_l2,w6_l2_tr_3,translate,"Թարգմանիր՝ "սիրել"","to love",000062,NO
w6_l2,w6_l2_mc_4,multiple_choice,"Ընտրիր "վայելել"-ի թարգմանությունը","to enjoy",000066,NO
w6_l2,w6_l2_tr_4,translate,"Թարգմանիր՝ "վայելել"","to enjoy",000072,NO
w6_l2,w6_l2_mc_5,multiple_choice,"Ընտրիր "զբաղվել"-ի թարգմանությունը","to practice",000076,NO
w6_l2,w6_l2_tr_5,translate,"Թարգմանիր՝ "զբաղվել"","to practice",000082,NO
w6_l2,w6_l2_mc_6,multiple_choice,"Ընտրիր "հմտություն"-ի թարգմանությունը","skill",000086,NO
w6_l2,w6_l2_tr_6,translate,"Թարգմանիր՝ "հմտություն"","skill",000092,NO
w6_l2,w6_l2_mc_7,multiple_choice,"Ընտրիր "պարապմունք"-ի թարգմանությունը","practice",000096,NO
w6_l2,w6_l2_tr_7,translate,"Թարգմանիր՝ "պարապմունք"","practice",000102,NO
w6_l2,w6_l2_mc_8,multiple_choice,"Ընտրիր "ակումբ"-ի թարգմանությունը","club",000106,NO
w6_l2,w6_l2_tr_8,translate,"Թարգմանիր՝ "ակումբ"","club",000112,NO
w6_l2,w6_l2_mc_9,multiple_choice,"Ընտրիր "ուսուցիչ"-ի թարգմանությունը","teacher",000116,NO
w6_l2,w6_l2_tr_9,translate,"Թարգմանիր՝ "ուսուցիչ"","teacher",000122,NO
w6_l2,w6_l2_mc_10,multiple_choice,"Ընտրիր "ընկերներ"-ի թարգմանությունը","friends",000126,NO
w6_l2,w6_l2_tr_10,translate,"Թարգմանիր՝ "ընկերներ"","friends",000132,NO
w6_l2,w6_l2_mc_11,multiple_choice,"Ընտրիր "ժամանակ անցկացնել"-ի թարգմանությունը","to spend time",000136,NO
w6_l2,w6_l2_tr_11,translate,"Թարգմանիր՝ "ժամանակ անցկացնել"","to spend time",000142,NO
w6_l2,w6_l2_mc_12,multiple_choice,"Ընտրիր "հանգիստ"-ի թարգմանությունը","relaxation",000146,NO
w6_l2,w6_l2_tr_12,translate,"Թարգմանիր՝ "հանգիստ"","relaxation",000152,NO
w6_l2,w6_l2_mc_13,multiple_choice,"Ընտրիր "առողջություն"-ի թարգմանությունը","health",000156,NO
w6_l2,w6_l2_tr_13,translate,"Թարգմանիր՝ "առողջություն"","health",000162,NO
w6_l2,w6_l2_mc_14,multiple_choice,"Ընտրիր "սարքավորում"-ի թարգմանությունը","equipment",000166,NO
w6_l2,w6_l2_tr_14,translate,"Թարգմանիր՝ "սարքավորում"","equipment",000172,NO
w6_l2,w6_l2_mc_15,multiple_choice,"Ընտրիր "ծախս"-ի թարգմանությունը","cost",000176,NO
w6_l2,w6_l2_tr_15,translate,"Թարգմանիր՝ "ծախս"","cost",000182,NO
w6_l2,w6_l2_mc_16,multiple_choice,"Ընտրիր "ժամանակացույց"-ի թարգմանությունը","schedule",000186,NO
w6_l2,w6_l2_tr_16,translate,"Թարգմանիր՝ "ժամանակացույց"","schedule",000192,NO
w6_l2,w6_l2_mc_17,multiple_choice,"Ընտրիր "մրցույթ"-ի թարգմանությունը","competition",000196,NO
w6_l2,w6_l2_tr_17,translate,"Թարգմանիր՝ "մրցույթ"","competition",000202,NO
w6_l2,w6_l2_mc_18,multiple_choice,"Ընտրիր "սիրողական"-ի թարգմանությունը","amateur",000206,NO
w6_l2,w6_l2_tr_18,translate,"Թարգմանիր՝ "սիրողական"","amateur",000212,NO
w6_l2,w6_l2_mc_19,multiple_choice,"Ընտրիր "պրոֆեսիոնալ"-ի թարգմանությունը","professional",000216,NO
w6_l2,w6_l2_tr_19,translate,"Թարգմանիր՝ "պրոֆեսիոնալ"","professional",000222,NO
w6_l2,w6_l2_mc_20,multiple_choice,"Ընտրիր "էներգիա"-ի թարգմանությունը","energy",000226,NO
w6_l2,w6_l2_tr_20,translate,"Թարգմանիր՝ "էներգիա"","energy",000232,NO
w6_l2,w6_l2_mc_21,multiple_choice,"Ընտրիր "հաջողություն"-ի թարգմանությունը","success",000236,NO
w6_l2,w6_l2_tr_21,translate,"Թարգմանիր՝ "հաջողություն"","success",000242,NO
w6_l2,w6_l2_mc_22,multiple_choice,"Ընտրիր "սովորել"-ի թարգմանությունը","to learn",000246,NO
w6_l2,w6_l2_tr_22,translate,"Թարգմանիր՝ "սովորել"","to learn",000252,NO
w6_l2,w6_l2_mc_23,multiple_choice,"Ընտրիր "բարելավել"-ի թարգմանությունը","to improve",000256,NO
w6_l2,w6_l2_tr_23,translate,"Թարգմանիր՝ "բարելավել"","to improve",000262,NO
w6_l2,w6_l2_mc_24,multiple_choice,"Ընտրիր "հանգստանալ"-ի թարգմանությունը","to relax",000266,NO
w6_l2,w6_l2_tr_24,translate,"Թարգմանիր՝ "հանգստանալ"","to relax",000272,NO
w6_l2,w6_l2_match,match_pairs,"Կապիր հայերեն բառերը անգլերեն թարգմանությունների հետ","",011704,NO
w6_l3,w6_l3_mc_0,multiple_choice,"Ընտրիր "հոբբի"-ի թարգմանությունը","hobby",000026,NO
w6_l3,w6_l3_tr_0,translate,"Թարգմանիր՝ "հոբբի"","hobby",000032,NO
w6_l3,w6_l3_mc_1,multiple_choice,"Ընտրիր "ազատ ժամանակ"-ի թարգմանությունը","free time",000036,NO
w6_l3,w6_l3_tr_1,translate,"Թարգմանիր՝ "ազատ ժամանակ"","free time",000042,NO
w6_l3,w6_l3_mc_2,multiple_choice,"Ընտրիր "հետաքրքրություն"-ի թարգմանությունը","interest",000046,NO
w6_l3,w6_l3_tr_2,translate,"Թարգմանիր՝ "հետաքրքրություն"","interest",000052,NO
w6_l3,w6_l3_mc_3,multiple_choice,"Ընտրիր "սիրել"-ի թարգմանությունը","to love",000056,NO
w6_l3,w6_l3_tr_3,translate,"Թարգմանիր՝ "սիրել"","to love",000062,NO
w6_l3,w6_l3_mc_4,multiple_choice,"Ընտրիր "վայելել"-ի թարգմանությունը","to enjoy",000066,NO
w6_l3,w6_l3_tr_4,translate,"Թարգմանիր՝ "վայելել"","to enjoy",000072,NO
w6_l3,w6_l3_mc_5,multiple_choice,"Ընտրիր "զբաղվել"-ի թարգմանությունը","to practice",000076,NO
w6_l3,w6_l3_tr_5,translate,"Թարգմանիր՝ "զբաղվել"","to practice",000082,NO
w6_l3,w6_l3_mc_6,multiple_choice,"Ընտրիր "հմտություն"-ի թարգմանությունը","skill",000086,NO
w6_l3,w6_l3_tr_6,translate,"Թարգմանիր՝ "հմտություն"","skill",000092,NO
w6_l3,w6_l3_mc_7,multiple_choice,"Ընտրիր "պարապմունք"-ի թարգմանությունը","practice",000096,NO
w6_l3,w6_l3_tr_7,translate,"Թարգմանիր՝ "պարապմունք"","practice",000102,NO
w6_l3,w6_l3_mc_8,multiple_choice,"Ընտրիր "ակումբ"-ի թարգմանությունը","club",000106,NO
w6_l3,w6_l3_tr_8,translate,"Թարգմանիր՝ "ակումբ"","club",000112,NO
w6_l3,w6_l3_mc_9,multiple_choice,"Ընտրիր "ուսուցիչ"-ի թարգմանությունը","teacher",000116,NO
w6_l3,w6_l3_tr_9,translate,"Թարգմանիր՝ "ուսուցիչ"","teacher",000122,NO
w6_l3,w6_l3_mc_10,multiple_choice,"Ընտրիր "ընկերներ"-ի թարգմանությունը","friends",000126,NO
w6_l3,w6_l3_tr_10,translate,"Թարգմանիր՝ "ընկերներ"","friends",000132,NO
w6_l3,w6_l3_mc_11,multiple_choice,"Ընտրիր "ժամանակ անցկացնել"-ի թարգմանությունը","to spend time",000136,NO
w6_l3,w6_l3_tr_11,translate,"Թարգմանիր՝ "ժամանակ անցկացնել"","to spend time",000142,NO
w6_l3,w6_l3_mc_12,multiple_choice,"Ընտրիր "հանգիստ"-ի թարգմանությունը","relaxation",000146,NO
w6_l3,w6_l3_tr_12,translate,"Թարգմանիր՝ "հանգիստ"","relaxation",000152,NO
w6_l3,w6_l3_mc_13,multiple_choice,"Ընտրիր "առողջություն"-ի թարգմանությունը","health",000156,NO
w6_l3,w6_l3_tr_13,translate,"Թարգմանիր՝ "առողջություն"","health",000162,NO
w6_l3,w6_l3_mc_14,multiple_choice,"Ընտրիր "սարքավորում"-ի թարգմանությունը","equipment",000166,NO
w6_l3,w6_l3_tr_14,translate,"Թարգմանիր՝ "սարքավորում"","equipment",000172,NO
w6_l3,w6_l3_mc_15,multiple_choice,"Ընտրիր "ծախս"-ի թարգմանությունը","cost",000176,NO
w6_l3,w6_l3_tr_15,translate,"Թարգմանիր՝ "ծախս"","cost",000182,NO
w6_l3,w6_l3_mc_16,multiple_choice,"Ընտրիր "ժամանակացույց"-ի թարգմանությունը","schedule",000186,NO
w6_l3,w6_l3_tr_16,translate,"Թարգմանիր՝ "ժամանակացույց"","schedule",000192,NO
w6_l3,w6_l3_mc_17,multiple_choice,"Ընտրիր "մրցույթ"-ի թարգմանությունը","competition",000196,NO
w6_l3,w6_l3_tr_17,translate,"Թարգմանիր՝ "մրցույթ"","competition",000202,NO
w6_l3,w6_l3_mc_18,multiple_choice,"Ընտրիր "սիրողական"-ի թարգմանությունը","amateur",000206,NO
w6_l3,w6_l3_tr_18,translate,"Թարգմանիր՝ "սիրողական"","amateur",000212,NO
w6_l3,w6_l3_mc_19,multiple_choice,"Ընտրիր "պրոֆեսիոնալ"-ի թարգմանությունը","professional",000216,NO
w6_l3,w6_l3_tr_19,translate,"Թարգմանիր՝ "պրոֆեսիոնալ"","professional",000222,NO
w6_l3,w6_l3_mc_20,multiple_choice,"Ընտրիր "էներգիա"-ի թարգմանությունը","energy",000226,NO
w6_l3,w6_l3_tr_20,translate,"Թարգմանիր՝ "էներգիա"","energy",000232,NO
w6_l3,w6_l3_mc_21,multiple_choice,"Ընտրիր "հաջողություն"-ի թարգմանությունը","success",000236,NO
w6_l3,w6_l3_tr_21,translate,"Թարգմանիր՝ "հաջողություն"","success",000242,NO
w6_l3,w6_l3_mc_22,multiple_choice,"Ընտրիր "սովորել"-ի թարգմանությունը","to learn",000246,NO
w6_l3,w6_l3_tr_22,translate,"Թարգմանիր՝ "սովորել"","to learn",000252,NO
w6_l3,w6_l3_mc_23,multiple_choice,"Ընտրիր "բարելավել"-ի թարգմանությունը","to improve",000256,NO
w6_l3,w6_l3_tr_23,translate,"Թարգմանիր՝ "բարելավել"","to improve",000262,NO
w6_l3,w6_l3_mc_24,multiple_choice,"Ընտրիր "հանգստանալ"-ի թարգմանությունը","to relax",000266,NO
w6_l3,w6_l3_tr_24,translate,"Թարգմանիր՝ "հանգստանալ"","to relax",000272,NO
w6_l3,w6_l3_match,match_pairs,"Կապիր հայերեն բառերը անգլերեն թարգմանությունների հետ","",011983,NO
w6_l4,w6_l4_mc_0,multiple_choice,"Ընտրիր "հոբբի"-ի թարգմանությունը","hobby",000026,NO
w6_l4,w6_l4_tr_0,translate,"Թարգմանիր՝ "հոբբի"","hobby",000032,NO
w6_l4,w6_l4_mc_1,multiple_choice,"Ընտրիր "ազատ ժամանակ"-ի թարգմանությունը","free time",000036,NO
w6_l4,w6_l4_tr_1,translate,"Թարգմանիր՝ "ազատ ժամանակ"","free time",000042,NO
w6_l4,w6_l4_mc_2,multiple_choice,"Ընտրիր "հետաքրքրություն"-ի թարգմանությունը","interest",000046,NO
w6_l4,w6_l4_tr_2,translate,"Թարգմանիր՝ "հետաքրքրություն"","interest",000052,NO
w6_l4,w6_l4_mc_3,multiple_choice,"Ընտրիր "սիրել"-ի թարգմանությունը","to love",000056,NO
w6_l4,w6_l4_tr_3,translate,"Թարգմանիր՝ "սիրել"","to love",000062,NO
w6_l4,w6_l4_mc_4,multiple_choice,"Ընտրիր "վայելել"-ի թարգմանությունը","to enjoy",000066,NO
w6_l4,w6_l4_tr_4,translate,"Թարգմանիր՝ "վայելել"","to enjoy",000072,NO
w6_l4,w6_l4_mc_5,multiple_choice,"Ընտրիր "զբաղվել"-ի թարգմանությունը","to practice",000076,NO
w6_l4,w6_l4_tr_5,translate,"Թարգմանիր՝ "զբաղվել"","to practice",000082,NO
w6_l4,w6_l4_mc_6,multiple_choice,"Ընտրիր "հմտություն"-ի թարգմանությունը","skill",000086,NO
w6_l4,w6_l4_tr_6,translate,"Թարգմանիր՝ "հմտություն"","skill",000092,NO
w6_l4,w6_l4_mc_7,multiple_choice,"Ընտրիր "պարապմունք"-ի թարգմանությունը","practice",000096,NO
w6_l4,w6_l4_tr_7,translate,"Թարգմանիր՝ "պարապմունք"","practice",000102,NO
w6_l4,w6_l4_mc_8,multiple_choice,"Ընտրիր "ակումբ"-ի թարգմանությունը","club",000106,NO
w6_l4,w6_l4_tr_8,translate,"Թարգմանիր՝ "ակումբ"","club",000112,NO
w6_l4,w6_l4_mc_9,multiple_choice,"Ընտրիր "ուսուցիչ"-ի թարգմանությունը","teacher",000116,NO
w6_l4,w6_l4_tr_9,translate,"Թարգմանիր՝ "ուսուցիչ"","teacher",000122,NO
w6_l4,w6_l4_mc_10,multiple_choice,"Ընտրիր "ընկերներ"-ի թարգմանությունը","friends",000126,NO
w6_l4,w6_l4_tr_10,translate,"Թարգմանիր՝ "ընկերներ"","friends",000132,NO
w6_l4,w6_l4_mc_11,multiple_choice,"Ընտրիր "ժամանակ անցկացնել"-ի թարգմանությունը","to spend time",000136,NO
w6_l4,w6_l4_tr_11,translate,"Թարգմանիր՝ "ժամանակ անցկացնել"","to spend time",000142,NO
w6_l4,w6_l4_mc_12,multiple_choice,"Ընտրիր "հանգիստ"-ի թարգմանությունը","relaxation",000146,NO
w6_l4,w6_l4_tr_12,translate,"Թարգմանիր՝ "հանգիստ"","relaxation",000152,NO
w6_l4,w6_l4_mc_13,multiple_choice,"Ընտրիր "առողջություն"-ի թարգմանությունը","health",000156,NO
w6_l4,w6_l4_tr_13,translate,"Թարգմանիր՝ "առողջություն"","health",000162,NO
w6_l4,w6_l4_mc_14,multiple_choice,"Ընտրիր "սարքավորում"-ի թարգմանությունը","equipment",000166,NO
w6_l4,w6_l4_tr_14,translate,"Թարգմանիր՝ "սարքավորում"","equipment",000172,NO
w6_l4,w6_l4_mc_15,multiple_choice,"Ընտրիր "ծախս"-ի թարգմանությունը","cost",000176,NO
w6_l4,w6_l4_tr_15,translate,"Թարգմանիր՝ "ծախս"","cost",000182,NO
w6_l4,w6_l4_mc_16,multiple_choice,"Ընտրիր "ժամանակացույց"-ի թարգմանությունը","schedule",000186,NO
w6_l4,w6_l4_tr_16,translate,"Թարգմանիր՝ "ժամանակացույց"","schedule",000192,NO
w6_l4,w6_l4_mc_17,multiple_choice,"Ընտրիր "մրցույթ"-ի թարգմանությունը","competition",000196,NO
w6_l4,w6_l4_tr_17,translate,"Թարգմանիր՝ "մրցույթ"","competition",000202,NO
w6_l4,w6_l4_mc_18,multiple_choice,"Ընտրիր "սիրողական"-ի թարգմանությունը","amateur",000206,NO
w6_l4,w6_l4_tr_18,translate,"Թարգմանիր՝ "սիրողական"","amateur",000212,NO
w6_l4,w6_l4_mc_19,multiple_choice,"Ընտրիր "պրոֆեսիոնալ"-ի թարգմանությունը","professional",000216,NO
w6_l4,w6_l4_tr_19,translate,"Թարգմանիր՝ "պրոֆեսիոնալ"","professional",000222,NO
w6_l4,w6_l4_mc_20,multiple_choice,"Ընտրիր "էներգիա"-ի թարգմանությունը","energy",000226,NO
w6_l4,w6_l4_tr_20,translate,"Թարգմանիր՝ "էներգիա"","energy",000232,NO
w6_l4,w6_l4_mc_21,multiple_choice,"Ընտրիր "հաջողություն"-ի թարգմանությունը","success",000236,NO
w6_l4,w6_l4_tr_21,translate,"Թարգմանիր՝ "հաջողություն"","success",000242,NO
w6_l4,w6_l4_mc_22,multiple_choice,"Ընտրիր "սովորել"-ի թարգմանությունը","to learn",000246,NO
w6_l4,w6_l4_tr_22,translate,"Թարգմանիր՝ "սովորել"","to learn",000252,NO
w6_l4,w6_l4_mc_23,multiple_choice,"Ընտրիր "բարելավել"-ի թարգմանությունը","to improve",000256,NO
w6_l4,w6_l4_tr_23,translate,"Թարգմանիր՝ "բարելավել"","to improve",000262,NO
w6_l4,w6_l4_mc_24,multiple_choice,"Ընտրիր "հանգստանալ"-ի թարգմանությունը","to relax",000266,NO
w6_l4,w6_l4_tr_24,translate,"Թարգմանիր՝ "հանգստանալ"","to relax",000272,NO
w6_l4,w6_l4_match,match_pairs,"Կապիր հայերեն բառերը անգլերեն թարգմանությունների հետ","",012262,NO
w6_l5,w6_l5_mc_0,multiple_choice,"Ընտրիր "հոբբի"-ի թարգմանությունը","hobby",000026,NO
w6_l5,w6_l5_tr_0,translate,"Թարգմանիր՝ "հոբբի"","hobby",000032,NO
w6_l5,w6_l5_mc_1,multiple_choice,"Ընտրիր "ազատ ժամանակ"-ի թարգմանությունը","free time",000036,NO
w6_l5,w6_l5_tr_1,translate,"Թարգմանիր՝ "ազատ ժամանակ"","free time",000042,NO
w6_l5,w6_l5_mc_2,multiple_choice,"Ընտրիր "հետաքրքրություն"-ի թարգմանությունը","interest",000046,NO
w6_l5,w6_l5_tr_2,translate,"Թարգմանիր՝ "հետաքրքրություն"","interest",000052,NO
w6_l5,w6_l5_mc_3,multiple_choice,"Ընտրիր "սիրել"-ի թարգմանությունը","to love",000056,NO
w6_l5,w6_l5_tr_3,translate,"Թարգմանիր՝ "սիրել"","to love",000062,NO
w6_l5,w6_l5_mc_4,multiple_choice,"Ընտրիր "վայելել"-ի թարգմանությունը","to enjoy",000066,NO
w6_l5,w6_l5_tr_4,translate,"Թարգմանիր՝ "վայելել"","to enjoy",000072,NO
w6_l5,w6_l5_mc_5,multiple_choice,"Ընտրիր "զբաղվել"-ի թարգմանությունը","to practice",000076,NO
w6_l5,w6_l5_tr_5,translate,"Թարգմանիր՝ "զբաղվել"","to practice",000082,NO
w6_l5,w6_l5_mc_6,multiple_choice,"Ընտրիր "հմտություն"-ի թարգմանությունը","skill",000086,NO
w6_l5,w6_l5_tr_6,translate,"Թարգմանիր՝ "հմտություն"","skill",000092,NO
w6_l5,w6_l5_mc_7,multiple_choice,"Ընտրիր "պարապմունք"-ի թարգմանությունը","practice",000096,NO
w6_l5,w6_l5_tr_7,translate,"Թարգմանիր՝ "պարապմունք"","practice",000102,NO
w6_l5,w6_l5_mc_8,multiple_choice,"Ընտրիր "ակումբ"-ի թարգմանությունը","club",000106,NO
w6_l5,w6_l5_tr_8,translate,"Թարգմանիր՝ "ակումբ"","club",000112,NO
w6_l5,w6_l5_mc_9,multiple_choice,"Ընտրիր "ուսուցիչ"-ի թարգմանությունը","teacher",000116,NO
w6_l5,w6_l5_tr_9,translate,"Թարգմանիր՝ "ուսուցիչ"","teacher",000122,NO
w6_l5,w6_l5_mc_10,multiple_choice,"Ընտրիր "ընկերներ"-ի թարգմանությունը","friends",000126,NO
w6_l5,w6_l5_tr_10,translate,"Թարգմանիր՝ "ընկերներ"","friends",000132,NO
w6_l5,w6_l5_mc_11,multiple_choice,"Ընտրիր "ժամանակ անցկացնել"-ի թարգմանությունը","to spend time",000136,NO
w6_l5,w6_l5_tr_11,translate,"Թարգմանիր՝ "ժամանակ անցկացնել"","to spend time",000142,NO
w6_l5,w6_l5_mc_12,multiple_choice,"Ընտրիր "հանգիստ"-ի թարգմանությունը","relaxation",000146,NO
w6_l5,w6_l5_tr_12,translate,"Թարգմանիր՝ "հանգիստ"","relaxation",000152,NO
w6_l5,w6_l5_mc_13,multiple_choice,"Ընտրիր "առողջություն"-ի թարգմանությունը","health",000156,NO
w6_l5,w6_l5_tr_13,translate,"Թարգմանիր՝ "առողջություն"","health",000162,NO
w6_l5,w6_l5_mc_14,multiple_choice,"Ընտրիր "սարքավորում"-ի թարգմանությունը","equipment",000166,NO
w6_l5,w6_l5_tr_14,translate,"Թարգմանիր՝ "սարքավորում"","equipment",000172,NO
w6_l5,w6_l5_mc_15,multiple_choice,"Ընտրիր "ծախս"-ի թարգմանությունը","cost",000176,NO
w6_l5,w6_l5_tr_15,translate,"Թարգմանիր՝ "ծախս"","cost",000182,NO
w6_l5,w6_l5_mc_16,multiple_choice,"Ընտրիր "ժամանակացույց"-ի թարգմանությունը","schedule",000186,NO
w6_l5,w6_l5_tr_16,translate,"Թարգմանիր՝ "ժամանակացույց"","schedule",000192,NO
w6_l5,w6_l5_mc_17,multiple_choice,"Ընտրիր "մրցույթ"-ի թարգմանությունը","competition",000196,NO
w6_l5,w6_l5_tr_17,translate,"Թարգմանիր՝ "մրցույթ"","competition",000202,NO
w6_l5,w6_l5_mc_18,multiple_choice,"Ընտրիր "սիրողական"-ի թարգմանությունը","amateur",000206,NO
w6_l5,w6_l5_tr_18,translate,"Թարգմանիր՝ "սիրողական"","amateur",000212,NO
w6_l5,w6_l5_mc_19,multiple_choice,"Ընտրիր "պրոֆեսիոնալ"-ի թարգմանությունը","professional",000216,NO
w6_l5,w6_l5_tr_19,translate,"Թարգմանիր՝ "պրոֆեսիոնալ"","professional",000222,NO
w6_l5,w6_l5_mc_20,multiple_choice,"Ընտրիր "էներգիա"-ի թարգմանությունը","energy",000226,NO
w6_l5,w6_l5_tr_20,translate,"Թարգմանիր՝ "էներգիա"","energy",000232,NO
w6_l5,w6_l5_mc_21,multiple_choice,"Ընտրիր "հաջողություն"-ի թարգմանությունը","success",000236,NO
w6_l5,w6_l5_tr_21,translate,"Թարգմանիր՝ "հաջողություն"","success",000242,NO
w6_l5,w6_l5_mc_22,multiple_choice,"Ընտրիր "սովորել"-ի թարգմանությունը","to learn",000246,NO
w6_l5,w6_l5_tr_22,translate,"Թարգմանիր՝ "սովորել"","to learn",000252,NO
w6_l5,w6_l5_mc_23,multiple_choice,"Ընտրիր "բարելավել"-ի թարգմանությունը","to improve",000256,NO
w6_l5,w6_l5_tr_23,translate,"Թարգմանիր՝ "բարելավել"","to improve",000262,NO
w6_l5,w6_l5_mc_24,multiple_choice,"Ընտրիր "հանգստանալ"-ի թարգմանությունը","to relax",000266,NO
w6_l5,w6_l5_tr_24,translate,"Թարգմանիր՝ "հանգստանալ"","to relax",000272,NO
w6_l5,w6_l5_match,match_pairs,"Կապիր հայերեն բառերը անգլերեն թարգմանությունների հետ","",012541,NO
w6_l6,w6_l6_mc_0,multiple_choice,"Ընտրիր "հոբբի"-ի թարգմանությունը","hobby",000026,NO
w6_l6,w6_l6_tr_0,translate,"Թարգմանիր՝ "հոբբի"","hobby",000032,NO
w6_l6,w6_l6_mc_1,multiple_choice,"Ընտրիր "ազատ ժամանակ"-ի թարգմանությունը","free time",000036,NO
w6_l6,w6_l6_tr_1,translate,"Թարգմանիր՝ "ազատ ժամանակ"","free time",000042,NO
w6_l6,w6_l6_mc_2,multiple_choice,"Ընտրիր "հետաքրքրություն"-ի թարգմանությունը","interest",000046,NO
w6_l6,w6_l6_tr_2,translate,"Թարգմանիր՝ "հետաքրքրություն"","interest",000052,NO
w6_l6,w6_l6_mc_3,multiple_choice,"Ընտրիր "սիրել"-ի թարգմանությունը","to love",000056,NO
w6_l6,w6_l6_tr_3,translate,"Թարգմանիր՝ "սիրել"","to love",000062,NO
w6_l6,w6_l6_mc_4,multiple_choice,"Ընտրիր "վայելել"-ի թարգմանությունը","to enjoy",000066,NO
w6_l6,w6_l6_tr_4,translate,"Թարգմանիր՝ "վայելել"","to enjoy",000072,NO
w6_l6,w6_l6_mc_5,multiple_choice,"Ընտրիր "զբաղվել"-ի թարգմանությունը","to practice",000076,NO
w6_l6,w6_l6_tr_5,translate,"Թարգմանիր՝ "զբաղվել"","to practice",000082,NO
w6_l6,w6_l6_mc_6,multiple_choice,"Ընտրիր "հմտություն"-ի թարգմանությունը","skill",000086,NO
w6_l6,w6_l6_tr_6,translate,"Թարգմանիր՝ "հմտություն"","skill",000092,NO
w6_l6,w6_l6_mc_7,multiple_choice,"Ընտրիր "պարապմունք"-ի թարգմանությունը","practice",000096,NO
w6_l6,w6_l6_tr_7,translate,"Թարգմանիր՝ "պարապմունք"","practice",000102,NO
w6_l6,w6_l6_mc_8,multiple_choice,"Ընտրիր "ակումբ"-ի թարգմանությունը","club",000106,NO
w6_l6,w6_l6_tr_8,translate,"Թարգմանիր՝ "ակումբ"","club",000112,NO
w6_l6,w6_l6_mc_9,multiple_choice,"Ընտրիր "ուսուցիչ"-ի թարգմանությունը","teacher",000116,NO
w6_l6,w6_l6_tr_9,translate,"Թարգմանիր՝ "ուսուցիչ"","teacher",000122,NO
w6_l6,w6_l6_mc_10,multiple_choice,"Ընտրիր "ընկերներ"-ի թարգմանությունը","friends",000126,NO
w6_l6,w6_l6_tr_10,translate,"Թարգմանիր՝ "ընկերներ"","friends",000132,NO
w6_l6,w6_l6_mc_11,multiple_choice,"Ընտրիր "ժամանակ անցկացնել"-ի թարգմանությունը","to spend time",000136,NO
w6_l6,w6_l6_tr_11,translate,"Թարգմանիր՝ "ժամանակ անցկացնել"","to spend time",000142,NO
w6_l6,w6_l6_mc_12,multiple_choice,"Ընտրիր "հանգիստ"-ի թարգմանությունը","relaxation",000146,NO
w6_l6,w6_l6_tr_12,translate,"Թարգմանիր՝ "հանգիստ"","relaxation",000152,NO
w6_l6,w6_l6_mc_13,multiple_choice,"Ընտրիր "առողջություն"-ի թարգմանությունը","health",000156,NO
w6_l6,w6_l6_tr_13,translate,"Թարգմանիր՝ "առողջություն"","health",000162,NO
w6_l6,w6_l6_mc_14,multiple_choice,"Ընտրիր "սարքավորում"-ի թարգմանությունը","equipment",000166,NO
w6_l6,w6_l6_tr_14,translate,"Թարգմանիր՝ "սարքավորում"","equipment",000172,NO
w6_l6,w6_l6_mc_15,multiple_choice,"Ընտրիր "ծախս"-ի թարգմանությունը","cost",000176,NO
w6_l6,w6_l6_tr_15,translate,"Թարգմանիր՝ "ծախս"","cost",000182,NO
w6_l6,w6_l6_mc_16,multiple_choice,"Ընտրիր "ժամանակացույց"-ի թարգմանությունը","schedule",000186,NO
w6_l6,w6_l6_tr_16,translate,"Թարգմանիր՝ "ժամանակացույց"","schedule",000192,NO
w6_l6,w6_l6_mc_17,multiple_choice,"Ընտրիր "մրցույթ"-ի թարգմանությունը","competition",000196,NO
w6_l6,w6_l6_tr_17,translate,"Թարգմանիր՝ "մրցույթ"","competition",000202,NO
w6_l6,w6_l6_mc_18,multiple_choice,"Ընտրիր "սիրողական"-ի թարգմանությունը","amateur",000206,NO
w6_l6,w6_l6_tr_18,translate,"Թարգմանիր՝ "սիրողական"","amateur",000212,NO
w6_l6,w6_l6_mc_19,multiple_choice,"Ընտրիր "պրոֆեսիոնալ"-ի թարգմանությունը","professional",000216,NO
w6_l6,w6_l6_tr_19,translate,"Թարգմանիր՝ "պրոֆեսիոնալ"","professional",000222,NO
w6_l6,w6_l6_mc_20,multiple_choice,"Ընտրիր "էներգիա"-ի թարգմանությունը","energy",000226,NO
w6_l6,w6_l6_tr_20,translate,"Թարգմանիր՝ "էներգիա"","energy",000232,NO
w6_l6,w6_l6_mc_21,multiple_choice,"Ընտրիր "հաջողություն"-ի թարգմանությունը","success",000236,NO
w6_l6,w6_l6_tr_21,translate,"Թարգմանիր՝ "հաջողություն"","success",000242,NO
w6_l6,w6_l6_mc_22,multiple_choice,"Ընտրիր "սովորել"-ի թարգմանությունը","to learn",000246,NO
w6_l6,w6_l6_tr_22,translate,"Թարգմանիր՝ "սովորել"","to learn",000252,NO
w6_l6,w6_l6_mc_23,multiple_choice,"Ընտրիր "բարելավել"-ի թարգմանությունը","to improve",000256,NO
w6_l6,w6_l6_tr_23,translate,"Թարգմանիր՝ "բարելավել"","to improve",000262,NO
w6_l6,w6_l6_mc_24,multiple_choice,"Ընտրիր "հանգստանալ"-ի թարգմանությունը","to relax",000266,NO
w6_l6,w6_l6_tr_24,translate,"Թարգմանիր՝ "հանգստանալ"","to relax",000272,NO
w6_l6,w6_l6_match,match_pairs,"Կապիր հայերեն բառերը անգլերեն թարգմանությունների հետ","",012820,NO
w6_l7,w6_l7_mc_0,multiple_choice,"Ընտրիր "հոբբի"-ի թարգմանությունը","hobby",000026,NO
w6_l7,w6_l7_tr_0,translate,"Թարգմանիր՝ "հոբբի"","hobby",000032,NO
w6_l7,w6_l7_mc_1,multiple_choice,"Ընտրիր "ազատ ժամանակ"-ի թարգմանությունը","free time",000036,NO
w6_l7,w6_l7_tr_1,translate,"Թարգմանիր՝ "ազատ ժամանակ"","free time",000042,NO
w6_l7,w6_l7_mc_2,multiple_choice,"Ընտրիր "հետաքրքրություն"-ի թարգմանությունը","interest",000046,NO
w6_l7,w6_l7_tr_2,translate,"Թարգմանիր՝ "հետաքրքրություն"","interest",000052,NO
w6_l7,w6_l7_mc_3,multiple_choice,"Ընտրիր "սիրել"-ի թարգմանությունը","to love",000056,NO
w6_l7,w6_l7_tr_3,translate,"Թարգմանիր՝ "սիրել"","to love",000062,NO
w6_l7,w6_l7_mc_4,multiple_choice,"Ընտրիր "վայելել"-ի թարգմանությունը","to enjoy",000066,NO
w6_l7,w6_l7_tr_4,translate,"Թարգմանիր՝ "վայելել"","to enjoy",000072,NO
w6_l7,w6_l7_mc_5,multiple_choice,"Ընտրիր "զբաղվել"-ի թարգմանությունը","to practice",000076,NO
w6_l7,w6_l7_tr_5,translate,"Թարգմանիր՝ "զբաղվել"","to practice",000082,NO
w6_l7,w6_l7_mc_6,multiple_choice,"Ընտրիր "հմտություն"-ի թարգմանությունը","skill",000086,NO
w6_l7,w6_l7_tr_6,translate,"Թարգմանիր՝ "հմտություն"","skill",000092,NO
w6_l7,w6_l7_mc_7,multiple_choice,"Ընտրիր "պարապմունք"-ի թարգմանությունը","practice",000096,NO
w6_l7,w6_l7_tr_7,translate,"Թարգմանիր՝ "պարապմունք"","practice",000102,NO
w6_l7,w6_l7_mc_8,multiple_choice,"Ընտրիր "ակումբ"-ի թարգմանությունը","club",000106,NO
w6_l7,w6_l7_tr_8,translate,"Թարգմանիր՝ "ակումբ"","club",000112,NO
w6_l7,w6_l7_mc_9,multiple_choice,"Ընտրիր "ուսուցիչ"-ի թարգմանությունը","teacher",000116,NO
w6_l7,w6_l7_tr_9,translate,"Թարգմանիր՝ "ուսուցիչ"","teacher",000122,NO
w6_l7,w6_l7_mc_10,multiple_choice,"Ընտրիր "ընկերներ"-ի թարգմանությունը","friends",000126,NO
w6_l7,w6_l7_tr_10,translate,"Թարգմանիր՝ "ընկերներ"","friends",000132,NO
w6_l7,w6_l7_mc_11,multiple_choice,"Ընտրիր "ժամանակ անցկացնել"-ի թարգմանությունը","to spend time",000136,NO
w6_l7,w6_l7_tr_11,translate,"Թարգմանիր՝ "ժամանակ անցկացնել"","to spend time",000142,NO
w6_l7,w6_l7_mc_12,multiple_choice,"Ընտրիր "հանգիստ"-ի թարգմանությունը","relaxation",000146,NO
w6_l7,w6_l7_tr_12,translate,"Թարգմանիր՝ "հանգիստ"","relaxation",000152,NO
w6_l7,w6_l7_mc_13,multiple_choice,"Ընտրիր "առողջություն"-ի թարգմանությունը","health",000156,NO
w6_l7,w6_l7_tr_13,translate,"Թարգմանիր՝ "առողջություն"","health",000162,NO
w6_l7,w6_l7_mc_14,multiple_choice,"Ընտրիր "սարքավորում"-ի թարգմանությունը","equipment",000166,NO
w6_l7,w6_l7_tr_14,translate,"Թարգմանիր՝ "սարքավորում"","equipment",000172,NO
w6_l7,w6_l7_mc_15,multiple_choice,"Ընտրիր "ծախս"-ի թարգմանությունը","cost",000176,NO
w6_l7,w6_l7_tr_15,translate,"Թարգմանիր՝ "ծախս"","cost",000182,NO
w6_l7,w6_l7_mc_16,multiple_choice,"Ընտրիր "ժամանակացույց"-ի թարգմանությունը","schedule",000186,NO
w6_l7,w6_l7_tr_16,translate,"Թարգմանիր՝ "ժամանակացույց"","schedule",000192,NO
w6_l7,w6_l7_mc_17,multiple_choice,"Ընտրիր "մրցույթ"-ի թարգմանությունը","competition",000196,NO
w6_l7,w6_l7_tr_17,translate,"Թարգմանիր՝ "մրցույթ"","competition",000202,NO
w6_l7,w6_l7_mc_18,multiple_choice,"Ընտրիր "սիրողական"-ի թարգմանությունը","amateur",000206,NO
w6_l7,w6_l7_tr_18,translate,"Թարգմանիր՝ "սիրողական"","amateur",000212,NO
w6_l7,w6_l7_mc_19,multiple_choice,"Ընտրիր "պրոֆեսիոնալ"-ի թարգմանությունը","professional",000216,NO
w6_l7,w6_l7_tr_19,translate,"Թարգմանիր՝ "պրոֆեսիոնալ"","professional",000222,NO
w6_l7,w6_l7_mc_20,multiple_choice,"Ընտրիր "էներգիա"-ի թարգմանությունը","energy",000226,NO
w6_l7,w6_l7_tr_20,translate,"Թարգմանիր՝ "էներգիա"","energy",000232,NO
w6_l7,w6_l7_mc_21,multiple_choice,"Ընտրիր "հաջողություն"-ի թարգմանությունը","success",000236,NO
w6_l7,w6_l7_tr_21,translate,"Թարգմանիր՝ "հաջողություն"","success",000242,NO
w6_l7,w6_l7_mc_22,multiple_choice,"Ընտրիր "սովորել"-ի թարգմանությունը","to learn",000246,NO
w6_l7,w6_l7_tr_22,translate,"Թարգմանիր՝ "սովորել"","to learn",000252,NO
w6_l7,w6_l7_mc_23,multiple_choice,"Ընտրիր "բարելավել"-ի թարգմանությունը","to improve",000256,NO
w6_l7,w6_l7_tr_23,translate,"Թարգմանիր՝ "բարելավել"","to improve",000262,NO
w6_l7,w6_l7_mc_24,multiple_choice,"Ընտրիր "հանգստանալ"-ի թարգմանությունը","to relax",000266,NO
w6_l7,w6_l7_tr_24,translate,"Թարգմանիր՝ "հանգստանալ"","to relax",000272,NO
w6_l7,w6_l7_match,match_pairs,"Կապիր հայերեն բառերը անգլերեն թարգմանությունների հետ","",013099,NO
w6_l8,w6_l8_mc_0,multiple_choice,"Ընտրիր "հոբբի"-ի թարգմանությունը","hobby",000026,NO
w6_l8,w6_l8_tr_0,translate,"Թարգմանիր՝ "հոբբի"","hobby",000032,NO
w6_l8,w6_l8_mc_1,multiple_choice,"Ընտրիր "ազատ ժամանակ"-ի թարգմանությունը","free time",000036,NO
w6_l8,w6_l8_tr_1,translate,"Թարգմանիր՝ "ազատ ժամանակ"","free time",000042,NO
w6_l8,w6_l8_mc_2,multiple_choice,"Ընտրիր "հետաքրքրություն"-ի թարգմանությունը","interest",000046,NO
w6_l8,w6_l8_tr_2,translate,"Թարգմանիր՝ "հետաքրքրություն"","interest",000052,NO
w6_l8,w6_l8_mc_3,multiple_choice,"Ընտրիր "սիրել"-ի թարգմանությունը","to love",000056,NO
w6_l8,w6_l8_tr_3,translate,"Թարգմանիր՝ "սիրել"","to love",000062,NO
w6_l8,w6_l8_mc_4,multiple_choice,"Ընտրիր "վայելել"-ի թարգմանությունը","to enjoy",000066,NO
w6_l8,w6_l8_tr_4,translate,"Թարգմանիր՝ "վայելել"","to enjoy",000072,NO
w6_l8,w6_l8_mc_5,multiple_choice,"Ընտրիր "զբաղվել"-ի թարգմանությունը","to practice",000076,NO
w6_l8,w6_l8_tr_5,translate,"Թարգմանիր՝ "զբաղվել"","to practice",000082,NO
w6_l8,w6_l8_mc_6,multiple_choice,"Ընտրիր "հմտություն"-ի թարգմանությունը","skill",000086,NO
w6_l8,w6_l8_tr_6,translate,"Թարգմանիր՝ "հմտություն"","skill",000092,NO
w6_l8,w6_l8_mc_7,multiple_choice,"Ընտրիր "պարապմունք"-ի թարգմանությունը","practice",000096,NO
w6_l8,w6_l8_tr_7,translate,"Թարգմանիր՝ "պարապմունք"","practice",000102,NO
w6_l8,w6_l8_mc_8,multiple_choice,"Ընտրիր "ակումբ"-ի թարգմանությունը","club",000106,NO
w6_l8,w6_l8_tr_8,translate,"Թարգմանիր՝ "ակումբ"","club",000112,NO
w6_l8,w6_l8_mc_9,multiple_choice,"Ընտրիր "ուսուցիչ"-ի թարգմանությունը","teacher",000116,NO
w6_l8,w6_l8_tr_9,translate,"Թարգմանիր՝ "ուսուցիչ"","teacher",000122,NO
w6_l8,w6_l8_mc_10,multiple_choice,"Ընտրիր "ընկերներ"-ի թարգմանությունը","friends",000126,NO
w6_l8,w6_l8_tr_10,translate,"Թարգմանիր՝ "ընկերներ"","friends",000132,NO
w6_l8,w6_l8_mc_11,multiple_choice,"Ընտրիր "ժամանակ անցկացնել"-ի թարգմանությունը","to spend time",000136,NO
w6_l8,w6_l8_tr_11,translate,"Թարգմանիր՝ "ժամանակ անցկացնել"","to spend time",000142,NO
w6_l8,w6_l8_mc_12,multiple_choice,"Ընտրիր "հանգիստ"-ի թարգմանությունը","relaxation",000146,NO
w6_l8,w6_l8_tr_12,translate,"Թարգմանիր՝ "հանգիստ"","relaxation",000152,NO
w6_l8,w6_l8_mc_13,multiple_choice,"Ընտրիր "առողջություն"-ի թարգմանությունը","health",000156,NO
w6_l8,w6_l8_tr_13,translate,"Թարգմանիր՝ "առողջություն"","health",000162,NO
w6_l8,w6_l8_mc_14,multiple_choice,"Ընտրիր "սարքավորում"-ի թարգմանությունը","equipment",000166,NO
w6_l8,w6_l8_tr_14,translate,"Թարգմանիր՝ "սարքավորում"","equipment",000172,NO
w6_l8,w6_l8_mc_15,multiple_choice,"Ընտրիր "ծախս"-ի թարգմանությունը","cost",000176,NO
w6_l8,w6_l8_tr_15,translate,"Թարգմանիր՝ "ծախս"","cost",000182,NO
w6_l8,w6_l8_mc_16,multiple_choice,"Ընտրիր "ժամանակացույց"-ի թարգմանությունը","schedule",000186,NO
w6_l8,w6_l8_tr_16,translate,"Թարգմանիր՝ "ժամանակացույց"","schedule",000192,NO
w6_l8,w6_l8_mc_17,multiple_choice,"Ընտրիր "մրցույթ"-ի թարգմանությունը","competition",000196,NO
w6_l8,w6_l8_tr_17,translate,"Թարգմանիր՝ "մրցույթ"","competition",000202,NO
w6_l8,w6_l8_mc_18,multiple_choice,"Ընտրիր "սիրողական"-ի թարգմանությունը","amateur",000206,NO
w6_l8,w6_l8_tr_18,translate,"Թարգմանիր՝ "սիրողական"","amateur",000212,NO
w6_l8,w6_l8_mc_19,multiple_choice,"Ընտրիր "պրոֆեսիոնալ"-ի թարգմանությունը","professional",000216,NO
w6_l8,w6_l8_tr_19,translate,"Թարգմանիր՝ "պրոֆեսիոնալ"","professional",000222,NO
w6_l8,w6_l8_mc_20,multiple_choice,"Ընտրիր "էներգիա"-ի թարգմանությունը","energy",000226,NO
w6_l8,w6_l8_tr_20,translate,"Թարգմանիր՝ "էներգիա"","energy",000232,NO
w6_l8,w6_l8_mc_21,multiple_choice,"Ընտրիր "հաջողություն"-ի թարգմանությունը","success",000236,NO
w6_l8,w6_l8_tr_21,translate,"Թարգմանիր՝ "հաջողություն"","success",000242,NO
w6_l8,w6_l8_mc_22,multiple_choice,"Ընտրիր "սովորել"-ի թարգմանությունը","to learn",000246,NO
w6_l8,w6_l8_tr_22,translate,"Թարգմանիր՝ "սովորել"","to learn",000252,NO
w6_l8,w6_l8_mc_23,multiple_choice,"Ընտրիր "բարելավել"-ի թարգմանությունը","to improve",000256,NO
w6_l8,w6_l8_tr_23,translate,"Թարգմանիր՝ "բարելավել"","to improve",000262,NO
w6_l8,w6_l8_mc_24,multiple_choice,"Ընտրիր "հանգստանալ"-ի թարգմանությունը","to relax",000266,NO
w6_l8,w6_l8_tr_24,translate,"Թարգմանիր՝ "հանգստանալ"","to relax",000272,NO
w6_l8,w6_l8_match,match_pairs,"Կապիր հայերեն բառերը անգլերեն թարգմանությունների հետ","",013378,NO
w6_l9,w6_l9_mc_0,multiple_choice,"Ընտրիր "հոբբի"-ի թարգմանությունը","hobby",000026,NO
w6_l9,w6_l9_tr_0,translate,"Թարգմանիր՝ "հոբբի"","hobby",000032,NO
w6_l9,w6_l9_mc_1,multiple_choice,"Ընտրիր "ազատ ժամանակ"-ի թարգմանությունը","free time",000036,NO
w6_l9,w6_l9_tr_1,translate,"Թարգմանիր՝ "ազատ ժամանակ"","free time",000042,NO
w6_l9,w6_l9_mc_2,multiple_choice,"Ընտրիր "հետաքրքրություն"-ի թարգմանությունը","interest",000046,NO
w6_l9,w6_l9_tr_2,translate,"Թարգմանիր՝ "հետաքրքրություն"","interest",000052,NO
w6_l9,w6_l9_mc_3,multiple_choice,"Ընտրիր "սիրել"-ի թարգմանությունը","to love",000056,NO
w6_l9,w6_l9_tr_3,translate,"Թարգմանիր՝ "սիրել"","to love",000062,NO
w6_l9,w6_l9_mc_4,multiple_choice,"Ընտրիր "վայելել"-ի թարգմանությունը","to enjoy",000066,NO
w6_l9,w6_l9_tr_4,translate,"Թարգմանիր՝ "վայելել"","to enjoy",000072,NO
w6_l9,w6_l9_mc_5,multiple_choice,"Ընտրիր "զբաղվել"-ի թարգմանությունը","to practice",000076,NO
w6_l9,w6_l9_tr_5,translate,"Թարգմանիր՝ "զբաղվել"","to practice",000082,NO
w6_l9,w6_l9_mc_6,multiple_choice,"Ընտրիր "հմտություն"-ի թարգմանությունը","skill",000086,NO
w6_l9,w6_l9_tr_6,translate,"Թարգմանիր՝ "հմտություն"","skill",000092,NO
w6_l9,w6_l9_mc_7,multiple_choice,"Ընտրիր "պարապմունք"-ի թարգմանությունը","practice",000096,NO
w6_l9,w6_l9_tr_7,translate,"Թարգմանիր՝ "պարապմունք"","practice",000102,NO
w6_l9,w6_l9_mc_8,multiple_choice,"Ընտրիր "ակումբ"-ի թարգմանությունը","club",000106,NO
w6_l9,w6_l9_tr_8,translate,"Թարգմանիր՝ "ակումբ"","club",000112,NO
w6_l9,w6_l9_mc_9,multiple_choice,"Ընտրիր "ուսուցիչ"-ի թարգմանությունը","teacher",000116,NO
w6_l9,w6_l9_tr_9,translate,"Թարգմանիր՝ "ուսուցիչ"","teacher",000122,NO
w6_l9,w6_l9_mc_10,multiple_choice,"Ընտրիր "ընկերներ"-ի թարգմանությունը","friends",000126,NO
w6_l9,w6_l9_tr_10,translate,"Թարգմանիր՝ "ընկերներ"","friends",000132,NO
w6_l9,w6_l9_mc_11,multiple_choice,"Ընտրիր "ժամանակ անցկացնել"-ի թարգմանությունը","to spend time",000136,NO
w6_l9,w6_l9_tr_11,translate,"Թարգմանիր՝ "ժամանակ անցկացնել"","to spend time",000142,NO
w6_l9,w6_l9_mc_12,multiple_choice,"Ընտրիր "հանգիստ"-ի թարգմանությունը","relaxation",000146,NO
w6_l9,w6_l9_tr_12,translate,"Թարգմանիր՝ "հանգիստ"","relaxation",000152,NO
w6_l9,w6_l9_mc_13,multiple_choice,"Ընտրիր "առողջություն"-ի թարգմանությունը","health",000156,NO
w6_l9,w6_l9_tr_13,translate,"Թարգմանիր՝ "առողջություն"","health",000162,NO
w6_l9,w6_l9_mc_14,multiple_choice,"Ընտրիր "սարքավորում"-ի թարգմանությունը","equipment",000166,NO
w6_l9,w6_l9_tr_14,translate,"Թարգմանիր՝ "սարքավորում"","equipment",000172,NO
w6_l9,w6_l9_mc_15,multiple_choice,"Ընտրիր "ծախս"-ի թարգմանությունը","cost",000176,NO
w6_l9,w6_l9_tr_15,translate,"Թարգմանիր՝ "ծախս"","cost",000182,NO
w6_l9,w6_l9_mc_16,multiple_choice,"Ընտրիր "ժամանակացույց"-ի թարգմանությունը","schedule",000186,NO
w6_l9,w6_l9_tr_16,translate,"Թարգմանիր՝ "ժամանակացույց"","schedule",000192,NO
w6_l9,w6_l9_mc_17,multiple_choice,"Ընտրիր "մրցույթ"-ի թարգմանությունը","competition",000196,NO
w6_l9,w6_l9_tr_17,translate,"Թարգմանիր՝ "մրցույթ"","competition",000202,NO
w6_l9,w6_l9_mc_18,multiple_choice,"Ընտրիր "սիրողական"-ի թարգմանությունը","amateur",000206,NO
w6_l9,w6_l9_tr_18,translate,"Թարգմանիր՝ "սիրողական"","amateur",000212,NO
w6_l9,w6_l9_mc_19,multiple_choice,"Ընտրիր "պրոֆեսիոնալ"-ի թարգմանությունը","professional",000216,NO
w6_l9,w6_l9_tr_19,translate,"Թարգմանիր՝ "պրոֆեսիոնալ"","professional",000222,NO
w6_l9,w6_l9_mc_20,multiple_choice,"Ընտրիր "էներգիա"-ի թարգմանությունը","energy",000226,NO
w6_l9,w6_l9_tr_20,translate,"Թարգմանիր՝ "էներգիա"","energy",000232,NO
w6_l9,w6_l9_mc_21,multiple_choice,"Ընտրիր "հաջողություն"-ի թարգմանությունը","success",000236,NO
w6_l9,w6_l9_tr_21,translate,"Թարգմանիր՝ "հաջողություն"","success",000242,NO
w6_l9,w6_l9_mc_22,multiple_choice,"Ընտրիր "սովորել"-ի թարգմանությունը","to learn",000246,NO
w6_l9,w6_l9_tr_22,translate,"Թարգմանիր՝ "սովորել"","to learn",000252,NO
w6_l9,w6_l9_mc_23,multiple_choice,"Ընտրիր "բարելավել"-ի թարգմանությունը","to improve",000256,NO
w6_l9,w6_l9_tr_23,translate,"Թարգմանիր՝ "բարելավել"","to improve",000262,NO
w6_l9,w6_l9_mc_24,multiple_choice,"Ընտրիր "հանգստանալ"-ի թարգմանությունը","to relax",000266,NO
w6_l9,w6_l9_tr_24,translate,"Թարգմանիր՝ "հանգստանալ"","to relax",000272,NO
w6_l9,w6_l9_match,match_pairs,"Կապիր հայերեն բառերը անգլերեն թարգմանությունների հետ","",013737,NO
w6_l10,w6_l10_mc_0,multiple_choice,"Ընտրիր "հոբբի"-ի թարգմանությունը","hobby",000026,NO
w6_l10,w6_l10_tr_0,translate,"Թարգմանիր՝ "հոբբի"","hobby",000032,NO
w6_l10,w6_l10_mc_1,multiple_choice,"Ընտրիր "ազատ ժամանակ"-ի թարգմանությունը","free time",000036,NO
w6_l10,w6_l10_tr_1,translate,"Թարգմանիր՝ "ազատ ժամանակ"","free time",000042,NO
w6_l10,w6_l10_mc_2,multiple_choice,"Ընտրիր "հետաքրքրություն"-ի թարգմանությունը","interest",000046,NO
w6_l10,w6_l10_tr_2,translate,"Թարգմանիր՝ "հետաքրքրություն"","interest",000052,NO
w6_l10,w6_l10_mc_3,multiple_choice,"Ընտրիր "սիրել"-ի թարգմանությունը","to love",000056,NO
w6_l10,w6_l10_tr_3,translate,"Թարգմանիր՝ "սիրել"","to love",000062,NO
w6_l10,w6_l10_mc_4,multiple_choice,"Ընտրիր "վայելել"-ի թարգմանությունը","to enjoy",000066,NO
w6_l10,w6_l10_tr_4,translate,"Թարգմանիր՝ "վայելել"","to enjoy",000072,NO
w6_l10,w6_l10_mc_5,multiple_choice,"Ընտրիր "զբաղվել"-ի թարգմանությունը","to practice",000076,NO
w6_l10,w6_l10_tr_5,translate,"Թարգմանիր՝ "զբաղվել"","to practice",000082,NO
w6_l10,w6_l10_mc_6,multiple_choice,"Ընտրիր "հմտություն"-ի թարգմանությունը","skill",000086,NO
w6_l10,w6_l10_tr_6,translate,"Թարգմանիր՝ "հմտություն"","skill",000092,NO
w6_l10,w6_l10_mc_7,multiple_choice,"Ընտրիր "պարապմունք"-ի թարգմանությունը","practice",000096,NO
w6_l10,w6_l10_tr_7,translate,"Թարգմանիր՝ "պարապմունք"","practice",000102,NO
w6_l10,w6_l10_mc_8,multiple_choice,"Ընտրիր "ակումբ"-ի թարգմանությունը","club",000106,NO
w6_l10,w6_l10_tr_8,translate,"Թարգմանիր՝ "ակումբ"","club",000112,NO
w6_l10,w6_l10_mc_9,multiple_choice,"Ընտրիր "ուսուցիչ"-ի թարգմանությունը","teacher",000116,NO
w6_l10,w6_l10_tr_9,translate,"Թարգմանիր՝ "ուսուցիչ"","teacher",000122,NO
w6_l10,w6_l10_mc_10,multiple_choice,"Ընտրիր "ընկերներ"-ի թարգմանությունը","friends",000126,NO
w6_l10,w6_l10_tr_10,translate,"Թարգմանիր՝ "ընկերներ"","friends",000132,NO
w6_l10,w6_l10_mc_11,multiple_choice,"Ընտրիր "ժամանակ անցկացնել"-ի թարգմանությունը","to spend time",000136,NO
w6_l10,w6_l10_tr_11,translate,"Թարգմանիր՝ "ժամանակ անցկացնել"","to spend time",000142,NO
w6_l10,w6_l10_mc_12,multiple_choice,"Ընտրիր "հանգիստ"-ի թարգմանությունը","relaxation",000146,NO
w6_l10,w6_l10_tr_12,translate,"Թարգմանիր՝ "հանգիստ"","relaxation",000152,NO
w6_l10,w6_l10_mc_13,multiple_choice,"Ընտրիր "առողջություն"-ի թարգմանությունը","health",000156,NO
w6_l10,w6_l10_tr_13,translate,"Թարգմանիր՝ "առողջություն"","health",000162,NO
w6_l10,w6_l10_mc_14,multiple_choice,"Ընտրիր "սարքավորում"-ի թարգմանությունը","equipment",000166,NO
w6_l10,w6_l10_tr_14,translate,"Թարգմանիր՝ "սարքավորում"","equipment",000172,NO
w6_l10,w6_l10_mc_15,multiple_choice,"Ընտրիր "ծախս"-ի թարգմանությունը","cost",000176,NO
w6_l10,w6_l10_tr_15,translate,"Թարգմանիր՝ "ծախս"","cost",000182,NO
w6_l10,w6_l10_mc_16,multiple_choice,"Ընտրիր "ժամանակացույց"-ի թարգմանությունը","schedule",000186,NO
w6_l10,w6_l10_tr_16,translate,"Թարգմանիր՝ "ժամանակացույց"","schedule",000192,NO
w6_l10,w6_l10_mc_17,multiple_choice,"Ընտրիր "մրցույթ"-ի թարգմանությունը","competition",000196,NO
w6_l10,w6_l10_tr_17,translate,"Թարգմանիր՝ "մրցույթ"","competition",000202,NO
w6_l10,w6_l10_mc_18,multiple_choice,"Ընտրիր "սիրողական"-ի թարգմանությունը","amateur",000206,NO
w6_l10,w6_l10_tr_18,translate,"Թարգմանիր՝ "սիրողական"","amateur",000212,NO
w6_l10,w6_l10_mc_19,multiple_choice,"Ընտրիր "պրոֆեսիոնալ"-ի թարգմանությունը","professional",000216,NO
w6_l10,w6_l10_tr_19,translate,"Թարգմանիր՝ "պրոֆեսիոնալ"","professional",000222,NO
w6_l10,w6_l10_mc_20,multiple_choice,"Ընտրիր "էներգիա"-ի թարգմանությունը","energy",000226,NO
w6_l10,w6_l10_tr_20,translate,"Թարգմանիր՝ "էներգիա"","energy",000232,NO
w6_l10,w6_l10_mc_21,multiple_choice,"Ընտրիր "հաջողություն"-ի թարգմանությունը","success",000236,NO
w6_l10,w6_l10_tr_21,translate,"Թարգմանիր՝ "հաջողություն"","success",000242,NO
w6_l10,w6_l10_mc_22,multiple_choice,"Ընտրիր "սովորել"-ի թարգմանությունը","to learn",000246,NO
w6_l10,w6_l10_tr_22,translate,"Թարգմանիր՝ "սովորել"","to learn",000252,NO
w6_l10,w6_l10_mc_23,multiple_choice,"Ընտրիր "բարելավել"-ի թարգմանությունը","to improve",000256,NO
w6_l10,w6_l10_tr_23,translate,"Թարգմանիր՝ "բարելավել"","to improve",000262,NO
w6_l10,w6_l10_mc_24,multiple_choice,"Ընտրիր "հանգստանալ"-ի թարգմանությունը","to relax",000266,NO
w6_l10,w6_l10_tr_24,translate,"Թարգմանիր՝ "հանգստանալ"","to relax",000272,NO
w6_l10,w6_l10_match,match_pairs,"Կապիր հայերեն բառերը անգլերեն թարգմանությունների հետ","",014016,NO
w7_l1,w7_l1_mc_0,multiple_choice,"Ընտրիր "համակարգիչ"-ի թարգմանությունը","computer",000026,NO
w7_l1,w7_l1_tr_0,translate,"Թարգմանիր՝ "համակարգիչ"","computer",000032,NO
w7_l1,w7_l1_mc_1,multiple_choice,"Ընտրիր "նոութբուք"-ի թարգմանությունը","laptop",000036,NO
w7_l1,w7_l1_tr_1,translate,"Թարգմանիր՝ "նոութբուք"","laptop",000042,NO
w7_l1,w7_l1_mc_2,multiple_choice,"Ընտրիր "հեռախոս"-ի թարգմանությունը","phone",000046,NO
w7_l1,w7_l1_tr_2,translate,"Թարգմանիր՝ "հեռախոս"","phone",000052,NO
w7_l1,w7_l1_mc_3,multiple_choice,"Ընտրիր "պլանշետ"-ի թարգմանությունը","tablet",000056,NO
w7_l1,w7_l1_tr_3,translate,"Թարգմանիր՝ "պլանշետ"","tablet",000062,NO
w7_l1,w7_l1_mc_4,multiple_choice,"Ընտրիր "էկրան"-ի թարգմանությունը","screen",000066,NO
w7_l1,w7_l1_tr_4,translate,"Թարգմանիր՝ "էկրան"","screen",000072,NO
w7_l1,w7_l1_mc_5,multiple_choice,"Ընտրիր "ստեղնաշար"-ի թարգմանությունը","keyboard",000076,NO
w7_l1,w7_l1_tr_5,translate,"Թարգմանիր՝ "ստեղնաշար"","keyboard",000082,NO
w7_l1,w7_l1_mc_6,multiple_choice,"Ընտրիր "մկնիկ"-ի թարգմանությունը","mouse",000086,NO
w7_l1,w7_l1_tr_6,translate,"Թարգմանիր՝ "մկնիկ"","mouse",000092,NO
w7_l1,w7_l1_mc_7,multiple_choice,"Ընտրիր "ինտերնետ"-ի թարգմանությունը","internet",000096,NO
w7_l1,w7_l1_tr_7,translate,"Թարգմանիր՝ "ինտերնետ"","internet",000102,NO
w7_l1,w7_l1_mc_8,multiple_choice,"Ընտրիր "wifi"-ի թարգմանությունը","wifi",000106,NO
w7_l1,w7_l1_tr_8,translate,"Թարգմանիր՝ "wifi"","wifi",000112,NO
w7_l1,w7_l1_mc_9,multiple_choice,"Ընտրիր "ցանց"-ի թարգմանությունը","network",000116,NO
w7_l1,w7_l1_tr_9,translate,"Թարգմանիր՝ "ցանց"","network",000122,NO
w7_l1,w7_l1_mc_10,multiple_choice,"Ընտրիր "հավելված"-ի թարգմանությունը","app",000126,NO
w7_l1,w7_l1_tr_10,translate,"Թարգմանիր՝ "հավելված"","app",000132,NO
w7_l1,w7_l1_mc_11,multiple_choice,"Ընտրիր "կայք"-ի թարգմանությունը","website",000136,NO
w7_l1,w7_l1_tr_11,translate,"Թարգմանիր՝ "կայք"","website",000142,NO
w7_l1,w7_l1_mc_12,multiple_choice,"Ընտրիր "գաղտնաբառ"-ի թարգմանությունը","password",000146,NO
w7_l1,w7_l1_tr_12,translate,"Թարգմանիր՝ "գաղտնաբառ"","password",000152,NO
w7_l1,w7_l1_mc_13,multiple_choice,"Ընտրիր "հաշիվ"-ի թարգմանությունը","account",000156,NO
w7_l1,w7_l1_tr_13,translate,"Թարգմանիր՝ "հաշիվ"","account",000162,NO
w7_l1,w7_l1_mc_14,multiple_choice,"Ընտրիր "տվյալներ"-ի թարգմանությունը","data",000166,NO
w7_l1,w7_l1_tr_14,translate,"Թարգմանիր՝ "տվյալներ"","data",000172,NO
w7_l1,w7_l1_mc_15,multiple_choice,"Ընտրիր "ամպ"-ի թարգմանությունը","cloud",000176,NO
w7_l1,w7_l1_tr_15,translate,"Թարգմանիր՝ "ամպ"","cloud",000182,NO
w7_l1,w7_l1_mc_16,multiple_choice,"Ընտրիր "անվտանգություն"-ի թարգմանությունը","security",000186,NO
w7_l1,w7_l1_tr_16,translate,"Թարգմանիր՝ "անվտանգություն"","security",000192,NO
w7_l1,w7_l1_mc_17,multiple_choice,"Ընտրիր "վիրուս"-ի թարգմանությունը","virus",000196,NO
w7_l1,w7_l1_tr_17,translate,"Թարգմանիր՝ "վիրուս"","virus",000202,NO
w7_l1,w7_l1_mc_18,multiple_choice,"Ընտրիր "թարմացում"-ի թարգմանությունը","update",000206,NO
w7_l1,w7_l1_tr_18,translate,"Թարգմանիր՝ "թարմացում"","update",000212,NO
w7_l1,w7_l1_mc_19,multiple_choice,"Ընտրիր "սխալ"-ի թարգմանությունը","error",000216,NO
w7_l1,w7_l1_tr_19,translate,"Թարգմանիր՝ "սխալ"","error",000222,NO
w7_l1,w7_l1_mc_20,multiple_choice,"Ընտրիր "ծրագրավորում"-ի թարգմանությունը","programming",000226,NO
w7_l1,w7_l1_tr_20,translate,"Թարգմանիր՝ "ծրագրավորում"","programming",000232,NO
w7_l1,w7_l1_mc_21,multiple_choice,"Ընտրիր "արհեստական բանականություն"-ի թարգմանությունը","AI",000236,NO
w7_l1,w7_l1_tr_21,translate,"Թարգմանիր՝ "արհեստական բանականություն"","AI",000242,NO
w7_l1,w7_l1_mc_22,multiple_choice,"Ընտրիր "վիրտուալ"-ի թարգմանությունը","virtual",000246,NO
w7_l1,w7_l1_tr_22,translate,"Թարգմանիր՝ "վիրտուալ"","virtual",000252,NO
w7_l1,w7_l1_mc_23,multiple_choice,"Ընտրիր "խելացի"-ի թարգմանությունը","smart",000256,NO
w7_l1,w7_l1_tr_23,translate,"Թարգմանիր՝ "խելացի"","smart",000262,NO
w7_l1,w7_l1_mc_24,multiple_choice,"Ընտրիր "արագ"-ի թարգմանությունը","fast",000266,NO
w7_l1,w7_l1_tr_24,translate,"Թարգմանիր՝ "արագ"","fast",000272,NO
w7_l1,w7_l1_match,match_pairs,"Կապիր հայերեն բառերը անգլերեն թարգմանությունների հետ","",014295,NO
w7_l2,w7_l2_mc_0,multiple_choice,"Ընտրիր "համակարգիչ"-ի թարգմանությունը","computer",000026,NO
w7_l2,w7_l2_tr_0,translate,"Թարգմանիր՝ "համակարգիչ"","computer",000032,NO
w7_l2,w7_l2_mc_1,multiple_choice,"Ընտրիր "նոութբուք"-ի թարգմանությունը","laptop",000036,NO
w7_l2,w7_l2_tr_1,translate,"Թարգմանիր՝ "նոութբուք"","laptop",000042,NO
w7_l2,w7_l2_mc_2,multiple_choice,"Ընտրիր "հեռախոս"-ի թարգմանությունը","phone",000046,NO
w7_l2,w7_l2_tr_2,translate,"Թարգմանիր՝ "հեռախոս"","phone",000052,NO
w7_l2,w7_l2_mc_3,multiple_choice,"Ընտրիր "պլանշետ"-ի թարգմանությունը","tablet",000056,NO
w7_l2,w7_l2_tr_3,translate,"Թարգմանիր՝ "պլանշետ"","tablet",000062,NO
w7_l2,w7_l2_mc_4,multiple_choice,"Ընտրիր "էկրան"-ի թարգմանությունը","screen",000066,NO
w7_l2,w7_l2_tr_4,translate,"Թարգմանիր՝ "էկրան"","screen",000072,NO
w7_l2,w7_l2_mc_5,multiple_choice,"Ընտրիր "ստեղնաշար"-ի թարգմանությունը","keyboard",000076,NO
w7_l2,w7_l2_tr_5,translate,"Թարգմանիր՝ "ստեղնաշար"","keyboard",000082,NO
w7_l2,w7_l2_mc_6,multiple_choice,"Ընտրիր "մկնիկ"-ի թարգմանությունը","mouse",000086,NO
w7_l2,w7_l2_tr_6,translate,"Թարգմանիր՝ "մկնիկ"","mouse",000092,NO
w7_l2,w7_l2_mc_7,multiple_choice,"Ընտրիր "ինտերնետ"-ի թարգմանությունը","internet",000096,NO
w7_l2,w7_l2_tr_7,translate,"Թարգմանիր՝ "ինտերնետ"","internet",000102,NO
w7_l2,w7_l2_mc_8,multiple_choice,"Ընտրիր "wifi"-ի թարգմանությունը","wifi",000106,NO
w7_l2,w7_l2_tr_8,translate,"Թարգմանիր՝ "wifi"","wifi",000112,NO
w7_l2,w7_l2_mc_9,multiple_choice,"Ընտրիր "ցանց"-ի թարգմանությունը","network",000116,NO
w7_l2,w7_l2_tr_9,translate,"Թարգմանիր՝ "ցանց"","network",000122,NO
w7_l2,w7_l2_mc_10,multiple_choice,"Ընտրիր "հավելված"-ի թարգմանությունը","app",000126,NO
w7_l2,w7_l2_tr_10,translate,"Թարգմանիր՝ "հավելված"","app",000132,NO
w7_l2,w7_l2_mc_11,multiple_choice,"Ընտրիր "կայք"-ի թարգմանությունը","website",000136,NO
w7_l2,w7_l2_tr_11,translate,"Թարգմանիր՝ "կայք"","website",000142,NO
w7_l2,w7_l2_mc_12,multiple_choice,"Ընտրիր "գաղտնաբառ"-ի թարգմանությունը","password",000146,NO
w7_l2,w7_l2_tr_12,translate,"Թարգմանիր՝ "գաղտնաբառ"","password",000152,NO
w7_l2,w7_l2_mc_13,multiple_choice,"Ընտրիր "հաշիվ"-ի թարգմանությունը","account",000156,NO
w7_l2,w7_l2_tr_13,translate,"Թարգմանիր՝ "հաշիվ"","account",000162,NO
w7_l2,w7_l2_mc_14,multiple_choice,"Ընտրիր "տվյալներ"-ի թարգմանությունը","data",000166,NO
w7_l2,w7_l2_tr_14,translate,"Թարգմանիր՝ "տվյալներ"","data",000172,NO
w7_l2,w7_l2_mc_15,multiple_choice,"Ընտրիր "ամպ"-ի թարգմանությունը","cloud",000176,NO
w7_l2,w7_l2_tr_15,translate,"Թարգմանիր՝ "ամպ"","cloud",000182,NO
w7_l2,w7_l2_mc_16,multiple_choice,"Ընտրիր "անվտանգություն"-ի թարգմանությունը","security",000186,NO
w7_l2,w7_l2_tr_16,translate,"Թարգմանիր՝ "անվտանգություն"","security",000192,NO
w7_l2,w7_l2_mc_17,multiple_choice,"Ընտրիր "վիրուս"-ի թարգմանությունը","virus",000196,NO
w7_l2,w7_l2_tr_17,translate,"Թարգմանիր՝ "վիրուս"","virus",000202,NO
w7_l2,w7_l2_mc_18,multiple_choice,"Ընտրիր "թարմացում"-ի թարգմանությունը","update",000206,NO
w7_l2,w7_l2_tr_18,translate,"Թարգմանիր՝ "թարմացում"","update",000212,NO
w7_l2,w7_l2_mc_19,multiple_choice,"Ընտրիր "սխալ"-ի թարգմանությունը","error",000216,NO
w7_l2,w7_l2_tr_19,translate,"Թարգմանիր՝ "սխալ"","error",000222,NO
w7_l2,w7_l2_mc_20,multiple_choice,"Ընտրիր "ծրագրավորում"-ի թարգմանությունը","programming",000226,NO
w7_l2,w7_l2_tr_20,translate,"Թարգմանիր՝ "ծրագրավորում"","programming",000232,NO
w7_l2,w7_l2_mc_21,multiple_choice,"Ընտրիր "արհեստական բանականություն"-ի թարգմանությունը","AI",000236,NO
w7_l2,w7_l2_tr_21,translate,"Թարգմանիր՝ "արհեստական բանականություն"","AI",000242,NO
w7_l2,w7_l2_mc_22,multiple_choice,"Ընտրիր "վիրտուալ"-ի թարգմանությունը","virtual",000246,NO
w7_l2,w7_l2_tr_22,translate,"Թարգմանիր՝ "վիրտուալ"","virtual",000252,NO
w7_l2,w7_l2_mc_23,multiple_choice,"Ընտրիր "խելացի"-ի թարգմանությունը","smart",000256,NO
w7_l2,w7_l2_tr_23,translate,"Թարգմանիր՝ "խելացի"","smart",000262,NO
w7_l2,w7_l2_mc_24,multiple_choice,"Ընտրիր "արագ"-ի թարգմանությունը","fast",000266,NO
w7_l2,w7_l2_tr_24,translate,"Թարգմանիր՝ "արագ"","fast",000272,NO
w7_l2,w7_l2_match,match_pairs,"Կապիր հայերեն բառերը անգլերեն թարգմանությունների հետ","",014574,NO
w7_l3,w7_l3_mc_0,multiple_choice,"Ընտրիր "համակարգիչ"-ի թարգմանությունը","computer",000026,NO
w7_l3,w7_l3_tr_0,translate,"Թարգմանիր՝ "համակարգիչ"","computer",000032,NO
w7_l3,w7_l3_mc_1,multiple_choice,"Ընտրիր "նոութբուք"-ի թարգմանությունը","laptop",000036,NO
w7_l3,w7_l3_tr_1,translate,"Թարգմանիր՝ "նոութբուք"","laptop",000042,NO
w7_l3,w7_l3_mc_2,multiple_choice,"Ընտրիր "հեռախոս"-ի թարգմանությունը","phone",000046,NO
w7_l3,w7_l3_tr_2,translate,"Թարգմանիր՝ "հեռախոս"","phone",000052,NO
w7_l3,w7_l3_mc_3,multiple_choice,"Ընտրիր "պլանշետ"-ի թարգմանությունը","tablet",000056,NO
w7_l3,w7_l3_tr_3,translate,"Թարգմանիր՝ "պլանշետ"","tablet",000062,NO
w7_l3,w7_l3_mc_4,multiple_choice,"Ընտրիր "էկրան"-ի թարգմանությունը","screen",000066,NO
w7_l3,w7_l3_tr_4,translate,"Թարգմանիր՝ "էկրան"","screen",000072,NO
w7_l3,w7_l3_mc_5,multiple_choice,"Ընտրիր "ստեղնաշար"-ի թարգմանությունը","keyboard",000076,NO
w7_l3,w7_l3_tr_5,translate,"Թարգմանիր՝ "ստեղնաշար"","keyboard",000082,NO
w7_l3,w7_l3_mc_6,multiple_choice,"Ընտրիր "մկնիկ"-ի թարգմանությունը","mouse",000086,NO
w7_l3,w7_l3_tr_6,translate,"Թարգմանիր՝ "մկնիկ"","mouse",000092,NO
w7_l3,w7_l3_mc_7,multiple_choice,"Ընտրիր "ինտերնետ"-ի թարգմանությունը","internet",000096,NO
w7_l3,w7_l3_tr_7,translate,"Թարգմանիր՝ "ինտերնետ"","internet",000102,NO
w7_l3,w7_l3_mc_8,multiple_choice,"Ընտրիր "wifi"-ի թարգմանությունը","wifi",000106,NO
w7_l3,w7_l3_tr_8,translate,"Թարգմանիր՝ "wifi"","wifi",000112,NO
w7_l3,w7_l3_mc_9,multiple_choice,"Ընտրիր "ցանց"-ի թարգմանությունը","network",000116,NO
w7_l3,w7_l3_tr_9,translate,"Թարգմանիր՝ "ցանց"","network",000122,NO
w7_l3,w7_l3_mc_10,multiple_choice,"Ընտրիր "հավելված"-ի թարգմանությունը","app",000126,NO
w7_l3,w7_l3_tr_10,translate,"Թարգմանիր՝ "հավելված"","app",000132,NO
w7_l3,w7_l3_mc_11,multiple_choice,"Ընտրիր "կայք"-ի թարգմանությունը","website",000136,NO
w7_l3,w7_l3_tr_11,translate,"Թարգմանիր՝ "կայք"","website",000142,NO
w7_l3,w7_l3_mc_12,multiple_choice,"Ընտրիր "գաղտնաբառ"-ի թարգմանությունը","password",000146,NO
w7_l3,w7_l3_tr_12,translate,"Թարգմանիր՝ "գաղտնաբառ"","password",000152,NO
w7_l3,w7_l3_mc_13,multiple_choice,"Ընտրիր "հաշիվ"-ի թարգմանությունը","account",000156,NO
w7_l3,w7_l3_tr_13,translate,"Թարգմանիր՝ "հաշիվ"","account",000162,NO
w7_l3,w7_l3_mc_14,multiple_choice,"Ընտրիր "տվյալներ"-ի թարգմանությունը","data",000166,NO
w7_l3,w7_l3_tr_14,translate,"Թարգմանիր՝ "տվյալներ"","data",000172,NO
w7_l3,w7_l3_mc_15,multiple_choice,"Ընտրիր "ամպ"-ի թարգմանությունը","cloud",000176,NO
w7_l3,w7_l3_tr_15,translate,"Թարգմանիր՝ "ամպ"","cloud",000182,NO
w7_l3,w7_l3_mc_16,multiple_choice,"Ընտրիր "անվտանգություն"-ի թարգմանությունը","security",000186,NO
w7_l3,w7_l3_tr_16,translate,"Թարգմանիր՝ "անվտանգություն"","security",000192,NO
w7_l3,w7_l3_mc_17,multiple_choice,"Ընտրիր "վիրուս"-ի թարգմանությունը","virus",000196,NO
w7_l3,w7_l3_tr_17,translate,"Թարգմանիր՝ "վիրուս"","virus",000202,NO
w7_l3,w7_l3_mc_18,multiple_choice,"Ընտրիր "թարմացում"-ի թարգմանությունը","update",000206,NO
w7_l3,w7_l3_tr_18,translate,"Թարգմանիր՝ "թարմացում"","update",000212,NO
w7_l3,w7_l3_mc_19,multiple_choice,"Ընտրիր "սխալ"-ի թարգմանությունը","error",000216,NO
w7_l3,w7_l3_tr_19,translate,"Թարգմանիր՝ "սխալ"","error",000222,NO
w7_l3,w7_l3_mc_20,multiple_choice,"Ընտրիր "ծրագրավորում"-ի թարգմանությունը","programming",000226,NO
w7_l3,w7_l3_tr_20,translate,"Թարգմանիր՝ "ծրագրավորում"","programming",000232,NO
w7_l3,w7_l3_mc_21,multiple_choice,"Ընտրիր "արհեստական բանականություն"-ի թարգմանությունը","AI",000236,NO
w7_l3,w7_l3_tr_21,translate,"Թարգմանիր՝ "արհեստական բանականություն"","AI",000242,NO
w7_l3,w7_l3_mc_22,multiple_choice,"Ընտրիր "վիրտուալ"-ի թարգմանությունը","virtual",000246,NO
w7_l3,w7_l3_tr_22,translate,"Թարգմանիր՝ "վիրտուալ"","virtual",000252,NO
w7_l3,w7_l3_mc_23,multiple_choice,"Ընտրիր "խելացի"-ի թարգմանությունը","smart",000256,NO
w7_l3,w7_l3_tr_23,translate,"Թարգմանիր՝ "խելացի"","smart",000262,NO
w7_l3,w7_l3_mc_24,multiple_choice,"Ընտրիր "արագ"-ի թարգմանությունը","fast",000266,NO
w7_l3,w7_l3_tr_24,translate,"Թարգմանիր՝ "արագ"","fast",000272,NO
w7_l3,w7_l3_match,match_pairs,"Կապիր հայերեն բառերը անգլերեն թարգմանությունների հետ","",014853,NO
w7_l4,w7_l4_mc_0,multiple_choice,"Ընտրիր "համակարգիչ"-ի թարգմանությունը","computer",000026,NO
w7_l4,w7_l4_tr_0,translate,"Թարգմանիր՝ "համակարգիչ"","computer",000032,NO
w7_l4,w7_l4_mc_1,multiple_choice,"Ընտրիր "նոութբուք"-ի թարգմանությունը","laptop",000036,NO
w7_l4,w7_l4_tr_1,translate,"Թարգմանիր՝ "նոութբուք"","laptop",000042,NO
w7_l4,w7_l4_mc_2,multiple_choice,"Ընտրիր "հեռախոս"-ի թարգմանությունը","phone",000046,NO
w7_l4,w7_l4_tr_2,translate,"Թարգմանիր՝ "հեռախոս"","phone",000052,NO
w7_l4,w7_l4_mc_3,multiple_choice,"Ընտրիր "պլանշետ"-ի թարգմանությունը","tablet",000056,NO
w7_l4,w7_l4_tr_3,translate,"Թարգմանիր՝ "պլանշետ"","tablet",000062,NO
w7_l4,w7_l4_mc_4,multiple_choice,"Ընտրիր "էկրան"-ի թարգմանությունը","screen",000066,NO
w7_l4,w7_l4_tr_4,translate,"Թարգմանիր՝ "էկրան"","screen",000072,NO
w7_l4,w7_l4_mc_5,multiple_choice,"Ընտրիր "ստեղնաշար"-ի թարգմանությունը","keyboard",000076,NO
w7_l4,w7_l4_tr_5,translate,"Թարգմանիր՝ "ստեղնաշար"","keyboard",000082,NO
w7_l4,w7_l4_mc_6,multiple_choice,"Ընտրիր "մկնիկ"-ի թարգմանությունը","mouse",000086,NO
w7_l4,w7_l4_tr_6,translate,"Թարգմանիր՝ "մկնիկ"","mouse",000092,NO
w7_l4,w7_l4_mc_7,multiple_choice,"Ընտրիր "ինտերնետ"-ի թարգմանությունը","internet",000096,NO
w7_l4,w7_l4_tr_7,translate,"Թարգմանիր՝ "ինտերնետ"","internet",000102,NO
w7_l4,w7_l4_mc_8,multiple_choice,"Ընտրիր "wifi"-ի թարգմանությունը","wifi",000106,NO
w7_l4,w7_l4_tr_8,translate,"Թարգմանիր՝ "wifi"","wifi",000112,NO
w7_l4,w7_l4_mc_9,multiple_choice,"Ընտրիր "ցանց"-ի թարգմանությունը","network",000116,NO
w7_l4,w7_l4_tr_9,translate,"Թարգմանիր՝ "ցանց"","network",000122,NO
w7_l4,w7_l4_mc_10,multiple_choice,"Ընտրիր "հավելված"-ի թարգմանությունը","app",000126,NO
w7_l4,w7_l4_tr_10,translate,"Թարգմանիր՝ "հավելված"","app",000132,NO
w7_l4,w7_l4_mc_11,multiple_choice,"Ընտրիր "կայք"-ի թարգմանությունը","website",000136,NO
w7_l4,w7_l4_tr_11,translate,"Թարգմանիր՝ "կայք"","website",000142,NO
w7_l4,w7_l4_mc_12,multiple_choice,"Ընտրիր "գաղտնաբառ"-ի թարգմանությունը","password",000146,NO
w7_l4,w7_l4_tr_12,translate,"Թարգմանիր՝ "գաղտնաբառ"","password",000152,NO
w7_l4,w7_l4_mc_13,multiple_choice,"Ընտրիր "հաշիվ"-ի թարգմանությունը","account",000156,NO
w7_l4,w7_l4_tr_13,translate,"Թարգմանիր՝ "հաշիվ"","account",000162,NO
w7_l4,w7_l4_mc_14,multiple_choice,"Ընտրիր "տվյալներ"-ի թարգմանությունը","data",000166,NO
w7_l4,w7_l4_tr_14,translate,"Թարգմանիր՝ "տվյալներ"","data",000172,NO
w7_l4,w7_l4_mc_15,multiple_choice,"Ընտրիր "ամպ"-ի թարգմանությունը","cloud",000176,NO
w7_l4,w7_l4_tr_15,translate,"Թարգմանիր՝ "ամպ"","cloud",000182,NO
w7_l4,w7_l4_mc_16,multiple_choice,"Ընտրիր "անվտանգություն"-ի թարգմանությունը","security",000186,NO
w7_l4,w7_l4_tr_16,translate,"Թարգմանիր՝ "անվտանգություն"","security",000192,NO
w7_l4,w7_l4_mc_17,multiple_choice,"Ընտրիր "վիրուս"-ի թարգմանությունը","virus",000196,NO
w7_l4,w7_l4_tr_17,translate,"Թարգմանիր՝ "վիրուս"","virus",000202,NO
w7_l4,w7_l4_mc_18,multiple_choice,"Ընտրիր "թարմացում"-ի թարգմանությունը","update",000206,NO
w7_l4,w7_l4_tr_18,translate,"Թարգմանիր՝ "թարմացում"","update",000212,NO
w7_l4,w7_l4_mc_19,multiple_choice,"Ընտրիր "սխալ"-ի թարգմանությունը","error",000216,NO
w7_l4,w7_l4_tr_19,translate,"Թարգմանիր՝ "սխալ"","error",000222,NO
w7_l4,w7_l4_mc_20,multiple_choice,"Ընտրիր "ծրագրավորում"-ի թարգմանությունը","programming",000226,NO
w7_l4,w7_l4_tr_20,translate,"Թարգմանիր՝ "ծրագրավորում"","programming",000232,NO
w7_l4,w7_l4_mc_21,multiple_choice,"Ընտրիր "արհեստական բանականություն"-ի թարգմանությունը","AI",000236,NO
w7_l4,w7_l4_tr_21,translate,"Թարգմանիր՝ "արհեստական բանականություն"","AI",000242,NO
w7_l4,w7_l4_mc_22,multiple_choice,"Ընտրիր "վիրտուալ"-ի թարգմանությունը","virtual",000246,NO
w7_l4,w7_l4_tr_22,translate,"Թարգմանիր՝ "վիրտուալ"","virtual",000252,NO
w7_l4,w7_l4_mc_23,multiple_choice,"Ընտրիր "խելացի"-ի թարգմանությունը","smart",000256,NO
w7_l4,w7_l4_tr_23,translate,"Թարգմանիր՝ "խելացի"","smart",000262,NO
w7_l4,w7_l4_mc_24,multiple_choice,"Ընտրիր "արագ"-ի թարգմանությունը","fast",000266,NO
w7_l4,w7_l4_tr_24,translate,"Թարգմանիր՝ "արագ"","fast",000272,NO
w7_l4,w7_l4_match,match_pairs,"Կապիր հայերեն բառերը անգլերեն թարգմանությունների հետ","",015132,NO
w7_l5,w7_l5_mc_0,multiple_choice,"Ընտրիր "համակարգիչ"-ի թարգմանությունը","computer",000026,NO
w7_l5,w7_l5_tr_0,translate,"Թարգմանիր՝ "համակարգիչ"","computer",000032,NO
w7_l5,w7_l5_mc_1,multiple_choice,"Ընտրիր "նոութբուք"-ի թարգմանությունը","laptop",000036,NO
w7_l5,w7_l5_tr_1,translate,"Թարգմանիր՝ "նոութբուք"","laptop",000042,NO
w7_l5,w7_l5_mc_2,multiple_choice,"Ընտրիր "հեռախոս"-ի թարգմանությունը","phone",000046,NO
w7_l5,w7_l5_tr_2,translate,"Թարգմանիր՝ "հեռախոս"","phone",000052,NO
w7_l5,w7_l5_mc_3,multiple_choice,"Ընտրիր "պլանշետ"-ի թարգմանությունը","tablet",000056,NO
w7_l5,w7_l5_tr_3,translate,"Թարգմանիր՝ "պլանշետ"","tablet",000062,NO
w7_l5,w7_l5_mc_4,multiple_choice,"Ընտրիր "էկրան"-ի թարգմանությունը","screen",000066,NO
w7_l5,w7_l5_tr_4,translate,"Թարգմանիր՝ "էկրան"","screen",000072,NO
w7_l5,w7_l5_mc_5,multiple_choice,"Ընտրիր "ստեղնաշար"-ի թարգմանությունը","keyboard",000076,NO
w7_l5,w7_l5_tr_5,translate,"Թարգմանիր՝ "ստեղնաշար"","keyboard",000082,NO
w7_l5,w7_l5_mc_6,multiple_choice,"Ընտրիր "մկնիկ"-ի թարգմանությունը","mouse",000086,NO
w7_l5,w7_l5_tr_6,translate,"Թարգմանիր՝ "մկնիկ"","mouse",000092,NO
w7_l5,w7_l5_mc_7,multiple_choice,"Ընտրիր "ինտերնետ"-ի թարգմանությունը","internet",000096,NO
w7_l5,w7_l5_tr_7,translate,"Թարգմանիր՝ "ինտերնետ"","internet",000102,NO
w7_l5,w7_l5_mc_8,multiple_choice,"Ընտրիր "wifi"-ի թարգմանությունը","wifi",000106,NO
w7_l5,w7_l5_tr_8,translate,"Թարգմանիր՝ "wifi"","wifi",000112,NO
w7_l5,w7_l5_mc_9,multiple_choice,"Ընտրիր "ցանց"-ի թարգմանությունը","network",000116,NO
w7_l5,w7_l5_tr_9,translate,"Թարգմանիր՝ "ցանց"","network",000122,NO
w7_l5,w7_l5_mc_10,multiple_choice,"Ընտրիր "հավելված"-ի թարգմանությունը","app",000126,NO
w7_l5,w7_l5_tr_10,translate,"Թարգմանիր՝ "հավելված"","app",000132,NO
w7_l5,w7_l5_mc_11,multiple_choice,"Ընտրիր "կայք"-ի թարգմանությունը","website",000136,NO
w7_l5,w7_l5_tr_11,translate,"Թարգմանիր՝ "կայք"","website",000142,NO
w7_l5,w7_l5_mc_12,multiple_choice,"Ընտրիր "գաղտնաբառ"-ի թարգմանությունը","password",000146,NO
w7_l5,w7_l5_tr_12,translate,"Թարգմանիր՝ "գաղտնաբառ"","password",000152,NO
w7_l5,w7_l5_mc_13,multiple_choice,"Ընտրիր "հաշիվ"-ի թարգմանությունը","account",000156,NO
w7_l5,w7_l5_tr_13,translate,"Թարգմանիր՝ "հաշիվ"","account",000162,NO
w7_l5,w7_l5_mc_14,multiple_choice,"Ընտրիր "տվյալներ"-ի թարգմանությունը","data",000166,NO
w7_l5,w7_l5_tr_14,translate,"Թարգմանիր՝ "տվյալներ"","data",000172,NO
w7_l5,w7_l5_mc_15,multiple_choice,"Ընտրիր "ամպ"-ի թարգմանությունը","cloud",000176,NO
w7_l5,w7_l5_tr_15,translate,"Թարգմանիր՝ "ամպ"","cloud",000182,NO
w7_l5,w7_l5_mc_16,multiple_choice,"Ընտրիր "անվտանգություն"-ի թարգմանությունը","security",000186,NO
w7_l5,w7_l5_tr_16,translate,"Թարգմանիր՝ "անվտանգություն"","security",000192,NO
w7_l5,w7_l5_mc_17,multiple_choice,"Ընտրիր "վիրուս"-ի թարգմանությունը","virus",000196,NO
w7_l5,w7_l5_tr_17,translate,"Թարգմանիր՝ "վիրուս"","virus",000202,NO
w7_l5,w7_l5_mc_18,multiple_choice,"Ընտրիր "թարմացում"-ի թարգմանությունը","update",000206,NO
w7_l5,w7_l5_tr_18,translate,"Թարգմանիր՝ "թարմացում"","update",000212,NO
w7_l5,w7_l5_mc_19,multiple_choice,"Ընտրիր "սխալ"-ի թարգմանությունը","error",000216,NO
w7_l5,w7_l5_tr_19,translate,"Թարգմանիր՝ "սխալ"","error",000222,NO
w7_l5,w7_l5_mc_20,multiple_choice,"Ընտրիր "ծրագրավորում"-ի թարգմանությունը","programming",000226,NO
w7_l5,w7_l5_tr_20,translate,"Թարգմանիր՝ "ծրագրավորում"","programming",000232,NO
w7_l5,w7_l5_mc_21,multiple_choice,"Ընտրիր "արհեստական բանականություն"-ի թարգմանությունը","AI",000236,NO
w7_l5,w7_l5_tr_21,translate,"Թարգմանիր՝ "արհեստական բանականություն"","AI",000242,NO
w7_l5,w7_l5_mc_22,multiple_choice,"Ընտրիր "վիրտուալ"-ի թարգմանությունը","virtual",000246,NO
w7_l5,w7_l5_tr_22,translate,"Թարգմանիր՝ "վիրտուալ"","virtual",000252,NO
w7_l5,w7_l5_mc_23,multiple_choice,"Ընտրիր "խելացի"-ի թարգմանությունը","smart",000256,NO
w7_l5,w7_l5_tr_23,translate,"Թարգմանիր՝ "խելացի"","smart",000262,NO
w7_l5,w7_l5_mc_24,multiple_choice,"Ընտրիր "արագ"-ի թարգմանությունը","fast",000266,NO
w7_l5,w7_l5_tr_24,translate,"Թարգմանիր՝ "արագ"","fast",000272,NO
w7_l5,w7_l5_match,match_pairs,"Կապիր հայերեն բառերը անգլերեն թարգմանությունների հետ","",015411,NO
w7_l6,w7_l6_mc_0,multiple_choice,"Ընտրիր "համակարգիչ"-ի թարգմանությունը","computer",000026,NO
w7_l6,w7_l6_tr_0,translate,"Թարգմանիր՝ "համակարգիչ"","computer",000032,NO
w7_l6,w7_l6_mc_1,multiple_choice,"Ընտրիր "նոութբուք"-ի թարգմանությունը","laptop",000036,NO
w7_l6,w7_l6_tr_1,translate,"Թարգմանիր՝ "նոութբուք"","laptop",000042,NO
w7_l6,w7_l6_mc_2,multiple_choice,"Ընտրիր "հեռախոս"-ի թարգմանությունը","phone",000046,NO
w7_l6,w7_l6_tr_2,translate,"Թարգմանիր՝ "հեռախոս"","phone",000052,NO
w7_l6,w7_l6_mc_3,multiple_choice,"Ընտրիր "պլանշետ"-ի թարգմանությունը","tablet",000056,NO
w7_l6,w7_l6_tr_3,translate,"Թարգմանիր՝ "պլանշետ"","tablet",000062,NO
w7_l6,w7_l6_mc_4,multiple_choice,"Ընտրիր "էկրան"-ի թարգմանությունը","screen",000066,NO
w7_l6,w7_l6_tr_4,translate,"Թարգմանիր՝ "էկրան"","screen",000072,NO
w7_l6,w7_l6_mc_5,multiple_choice,"Ընտրիր "ստեղնաշար"-ի թարգմանությունը","keyboard",000076,NO
w7_l6,w7_l6_tr_5,translate,"Թարգմանիր՝ "ստեղնաշար"","keyboard",000082,NO
w7_l6,w7_l6_mc_6,multiple_choice,"Ընտրիր "մկնիկ"-ի թարգմանությունը","mouse",000086,NO
w7_l6,w7_l6_tr_6,translate,"Թարգմանիր՝ "մկնիկ"","mouse",000092,NO
w7_l6,w7_l6_mc_7,multiple_choice,"Ընտրիր "ինտերնետ"-ի թարգմանությունը","internet",000096,NO
w7_l6,w7_l6_tr_7,translate,"Թարգմանիր՝ "ինտերնետ"","internet",000102,NO
w7_l6,w7_l6_mc_8,multiple_choice,"Ընտրիր "wifi"-ի թարգմանությունը","wifi",000106,NO
w7_l6,w7_l6_tr_8,translate,"Թարգմանիր՝ "wifi"","wifi",000112,NO
w7_l6,w7_l6_mc_9,multiple_choice,"Ընտրիր "ցանց"-ի թարգմանությունը","network",000116,NO
w7_l6,w7_l6_tr_9,translate,"Թարգմանիր՝ "ցանց"","network",000122,NO
w7_l6,w7_l6_mc_10,multiple_choice,"Ընտրիր "հավելված"-ի թարգմանությունը","app",000126,NO
w7_l6,w7_l6_tr_10,translate,"Թարգմանիր՝ "հավելված"","app",000132,NO
w7_l6,w7_l6_mc_11,multiple_choice,"Ընտրիր "կայք"-ի թարգմանությունը","website",000136,NO
w7_l6,w7_l6_tr_11,translate,"Թարգմանիր՝ "կայք"","website",000142,NO
w7_l6,w7_l6_mc_12,multiple_choice,"Ընտրիր "գաղտնաբառ"-ի թարգմանությունը","password",000146,NO
w7_l6,w7_l6_tr_12,translate,"Թարգմանիր՝ "գաղտնաբառ"","password",000152,NO
w7_l6,w7_l6_mc_13,multiple_choice,"Ընտրիր "հաշիվ"-ի թարգմանությունը","account",000156,NO
w7_l6,w7_l6_tr_13,translate,"Թարգմանիր՝ "հաշիվ"","account",000162,NO
w7_l6,w7_l6_mc_14,multiple_choice,"Ընտրիր "տվյալներ"-ի թարգմանությունը","data",000166,NO
w7_l6,w7_l6_tr_14,translate,"Թարգմանիր՝ "տվյալներ"","data",000172,NO
w7_l6,w7_l6_mc_15,multiple_choice,"Ընտրիր "ամպ"-ի թարգմանությունը","cloud",000176,NO
w7_l6,w7_l6_tr_15,translate,"Թարգմանիր՝ "ամպ"","cloud",000182,NO
w7_l6,w7_l6_mc_16,multiple_choice,"Ընտրիր "անվտանգություն"-ի թարգմանությունը","security",000186,NO
w7_l6,w7_l6_tr_16,translate,"Թարգմանիր՝ "անվտանգություն"","security",000192,NO
w7_l6,w7_l6_mc_17,multiple_choice,"Ընտրիր "վիրուս"-ի թարգմանությունը","virus",000196,NO
w7_l6,w7_l6_tr_17,translate,"Թարգմանիր՝ "վիրուս"","virus",000202,NO
w7_l6,w7_l6_mc_18,multiple_choice,"Ընտրիր "թարմացում"-ի թարգմանությունը","update",000206,NO
w7_l6,w7_l6_tr_18,translate,"Թարգմանիր՝ "թարմացում"","update",000212,NO
w7_l6,w7_l6_mc_19,multiple_choice,"Ընտրիր "սխալ"-ի թարգմանությունը","error",000216,NO
w7_l6,w7_l6_tr_19,translate,"Թարգմանիր՝ "սխալ"","error",000222,NO
w7_l6,w7_l6_mc_20,multiple_choice,"Ընտրիր "ծրագրավորում"-ի թարգմանությունը","programming",000226,NO
w7_l6,w7_l6_tr_20,translate,"Թարգմանիր՝ "ծրագրավորում"","programming",000232,NO
w7_l6,w7_l6_mc_21,multiple_choice,"Ընտրիր "արհեստական բանականություն"-ի թարգմանությունը","AI",000236,NO
w7_l6,w7_l6_tr_21,translate,"Թարգմանիր՝ "արհեստական բանականություն"","AI",000242,NO
w7_l6,w7_l6_mc_22,multiple_choice,"Ընտրիր "վիրտուալ"-ի թարգմանությունը","virtual",000246,NO
w7_l6,w7_l6_tr_22,translate,"Թարգմանիր՝ "վիրտուալ"","virtual",000252,NO
w7_l6,w7_l6_mc_23,multiple_choice,"Ընտրիր "խելացի"-ի թարգմանությունը","smart",000256,NO
w7_l6,w7_l6_tr_23,translate,"Թարգմանիր՝ "խելացի"","smart",000262,NO
w7_l6,w7_l6_mc_24,multiple_choice,"Ընտրիր "արագ"-ի թարգմանությունը","fast",000266,NO
w7_l6,w7_l6_tr_24,translate,"Թարգմանիր՝ "արագ"","fast",000272,NO
w7_l6,w7_l6_match,match_pairs,"Կապիր հայերեն բառերը անգլերեն թարգմանությունների հետ","",015690,NO
w7_l7,w7_l7_mc_0,multiple_choice,"Ընտրիր "համակարգիչ"-ի թարգմանությունը","computer",000026,NO
w7_l7,w7_l7_tr_0,translate,"Թարգմանիր՝ "համակարգիչ"","computer",000032,NO
w7_l7,w7_l7_mc_1,multiple_choice,"Ընտրիր "նոութբուք"-ի թարգմանությունը","laptop",000036,NO
w7_l7,w7_l7_tr_1,translate,"Թարգմանիր՝ "նոութբուք"","laptop",000042,NO
w7_l7,w7_l7_mc_2,multiple_choice,"Ընտրիր "հեռախոս"-ի թարգմանությունը","phone",000046,NO
w7_l7,w7_l7_tr_2,translate,"Թարգմանիր՝ "հեռախոս"","phone",000052,NO
w7_l7,w7_l7_mc_3,multiple_choice,"Ընտրիր "պլանշետ"-ի թարգմանությունը","tablet",000056,NO
w7_l7,w7_l7_tr_3,translate,"Թարգմանիր՝ "պլանշետ"","tablet",000062,NO
w7_l7,w7_l7_mc_4,multiple_choice,"Ընտրիր "էկրան"-ի թարգմանությունը","screen",000066,NO
w7_l7,w7_l7_tr_4,translate,"Թարգմանիր՝ "էկրան"","screen",000072,NO
w7_l7,w7_l7_mc_5,multiple_choice,"Ընտրիր "ստեղնաշար"-ի թարգմանությունը","keyboard",000076,NO
w7_l7,w7_l7_tr_5,translate,"Թարգմանիր՝ "ստեղնաշար"","keyboard",000082,NO
w7_l7,w7_l7_mc_6,multiple_choice,"Ընտրիր "մկնիկ"-ի թարգմանությունը","mouse",000086,NO
w7_l7,w7_l7_tr_6,translate,"Թարգմանիր՝ "մկնիկ"","mouse",000092,NO
w7_l7,w7_l7_mc_7,multiple_choice,"Ընտրիր "ինտերնետ"-ի թարգմանությունը","internet",000096,NO
w7_l7,w7_l7_tr_7,translate,"Թարգմանիր՝ "ինտերնետ"","internet",000102,NO
w7_l7,w7_l7_mc_8,multiple_choice,"Ընտրիր "wifi"-ի թարգմանությունը","wifi",000106,NO
w7_l7,w7_l7_tr_8,translate,"Թարգմանիր՝ "wifi"","wifi",000112,NO
w7_l7,w7_l7_mc_9,multiple_choice,"Ընտրիր "ցանց"-ի թարգմանությունը","network",000116,NO
w7_l7,w7_l7_tr_9,translate,"Թարգմանիր՝ "ցանց"","network",000122,NO
w7_l7,w7_l7_mc_10,multiple_choice,"Ընտրիր "հավելված"-ի թարգմանությունը","app",000126,NO
w7_l7,w7_l7_tr_10,translate,"Թարգմանիր՝ "հավելված"","app",000132,NO
w7_l7,w7_l7_mc_11,multiple_choice,"Ընտրիր "կայք"-ի թարգմանությունը","website",000136,NO
w7_l7,w7_l7_tr_11,translate,"Թարգմանիր՝ "կայք"","website",000142,NO
w7_l7,w7_l7_mc_12,multiple_choice,"Ընտրիր "գաղտնաբառ"-ի թարգմանությունը","password",000146,NO
w7_l7,w7_l7_tr_12,translate,"Թարգմանիր՝ "գաղտնաբառ"","password",000152,NO
w7_l7,w7_l7_mc_13,multiple_choice,"Ընտրիր "հաշիվ"-ի թարգմանությունը","account",000156,NO
w7_l7,w7_l7_tr_13,translate,"Թարգմանիր՝ "հաշիվ"","account",000162,NO
w7_l7,w7_l7_mc_14,multiple_choice,"Ընտրիր "տվյալներ"-ի թարգմանությունը","data",000166,NO
w7_l7,w7_l7_tr_14,translate,"Թարգմանիր՝ "տվյալներ"","data",000172,NO
w7_l7,w7_l7_mc_15,multiple_choice,"Ընտրիր "ամպ"-ի թարգմանությունը","cloud",000176,NO
w7_l7,w7_l7_tr_15,translate,"Թարգմանիր՝ "ամպ"","cloud",000182,NO
w7_l7,w7_l7_mc_16,multiple_choice,"Ընտրիր "անվտանգություն"-ի թարգմանությունը","security",000186,NO
w7_l7,w7_l7_tr_16,translate,"Թարգմանիր՝ "անվտանգություն"","security",000192,NO
w7_l7,w7_l7_mc_17,multiple_choice,"Ընտրիր "վիրուս"-ի թարգմանությունը","virus",000196,NO
w7_l7,w7_l7_tr_17,translate,"Թարգմանիր՝ "վիրուս"","virus",000202,NO
w7_l7,w7_l7_mc_18,multiple_choice,"Ընտրիր "թարմացում"-ի թարգմանությունը","update",000206,NO
w7_l7,w7_l7_tr_18,translate,"Թարգմանիր՝ "թարմացում"","update",000212,NO
w7_l7,w7_l7_mc_19,multiple_choice,"Ընտրիր "սխալ"-ի թարգմանությունը","error",000216,NO
w7_l7,w7_l7_tr_19,translate,"Թարգմանիր՝ "սխալ"","error",000222,NO
w7_l7,w7_l7_mc_20,multiple_choice,"Ընտրիր "ծրագրավորում"-ի թարգմանությունը","programming",000226,NO
w7_l7,w7_l7_tr_20,translate,"Թարգմանիր՝ "ծրագրավորում"","programming",000232,NO
w7_l7,w7_l7_mc_21,multiple_choice,"Ընտրիր "արհեստական բանականություն"-ի թարգմանությունը","AI",000236,NO
w7_l7,w7_l7_tr_21,translate,"Թարգմանիր՝ "արհեստական բանականություն"","AI",000242,NO
w7_l7,w7_l7_mc_22,multiple_choice,"Ընտրիր "վիրտուալ"-ի թարգմանությունը","virtual",000246,NO
w7_l7,w7_l7_tr_22,translate,"Թարգմանիր՝ "վիրտուալ"","virtual",000252,NO
w7_l7,w7_l7_mc_23,multiple_choice,"Ընտրիր "խելացի"-ի թարգմանությունը","smart",000256,NO
w7_l7,w7_l7_tr_23,translate,"Թարգմանիր՝ "խելացի"","smart",000262,NO
w7_l7,w7_l7_mc_24,multiple_choice,"Ընտրիր "արագ"-ի թարգմանությունը","fast",000266,NO
w7_l7,w7_l7_tr_24,translate,"Թարգմանիր՝ "արագ"","fast",000272,NO
w7_l7,w7_l7_match,match_pairs,"Կապիր հայերեն բառերը անգլերեն թարգմանությունների հետ","",015969,NO
w7_l8,w7_l8_mc_0,multiple_choice,"Ընտրիր "համակարգիչ"-ի թարգմանությունը","computer",000026,NO
w7_l8,w7_l8_tr_0,translate,"Թարգմանիր՝ "համակարգիչ"","computer",000032,NO
w7_l8,w7_l8_mc_1,multiple_choice,"Ընտրիր "նոութբուք"-ի թարգմանությունը","laptop",000036,NO
w7_l8,w7_l8_tr_1,translate,"Թարգմանիր՝ "նոութբուք"","laptop",000042,NO
w7_l8,w7_l8_mc_2,multiple_choice,"Ընտրիր "հեռախոս"-ի թարգմանությունը","phone",000046,NO
w7_l8,w7_l8_tr_2,translate,"Թարգմանիր՝ "հեռախոս"","phone",000052,NO
w7_l8,w7_l8_mc_3,multiple_choice,"Ընտրիր "պլանշետ"-ի թարգմանությունը","tablet",000056,NO
w7_l8,w7_l8_tr_3,translate,"Թարգմանիր՝ "պլանշետ"","tablet",000062,NO
w7_l8,w7_l8_mc_4,multiple_choice,"Ընտրիր "էկրան"-ի թարգմանությունը","screen",000066,NO
w7_l8,w7_l8_tr_4,translate,"Թարգմանիր՝ "էկրան"","screen",000072,NO
w7_l8,w7_l8_mc_5,multiple_choice,"Ընտրիր "ստեղնաշար"-ի թարգմանությունը","keyboard",000076,NO
w7_l8,w7_l8_tr_5,translate,"Թարգմանիր՝ "ստեղնաշար"","keyboard",000082,NO
w7_l8,w7_l8_mc_6,multiple_choice,"Ընտրիր "մկնիկ"-ի թարգմանությունը","mouse",000086,NO
w7_l8,w7_l8_tr_6,translate,"Թարգմանիր՝ "մկնիկ"","mouse",000092,NO
w7_l8,w7_l8_mc_7,multiple_choice,"Ընտրիր "ինտերնետ"-ի թարգմանությունը","internet",000096,NO
w7_l8,w7_l8_tr_7,translate,"Թարգմանիր՝ "ինտերնետ"","internet",000102,NO
w7_l8,w7_l8_mc_8,multiple_choice,"Ընտրիր "wifi"-ի թարգմանությունը","wifi",000106,NO
w7_l8,w7_l8_tr_8,translate,"Թարգմանիր՝ "wifi"","wifi",000112,NO
w7_l8,w7_l8_mc_9,multiple_choice,"Ընտրիր "ցանց"-ի թարգմանությունը","network",000116,NO
w7_l8,w7_l8_tr_9,translate,"Թարգմանիր՝ "ցանց"","network",000122,NO
w7_l8,w7_l8_mc_10,multiple_choice,"Ընտրիր "հավելված"-ի թարգմանությունը","app",000126,NO
w7_l8,w7_l8_tr_10,translate,"Թարգմանիր՝ "հավելված"","app",000132,NO
w7_l8,w7_l8_mc_11,multiple_choice,"Ընտրիր "կայք"-ի թարգմանությունը","website",000136,NO
w7_l8,w7_l8_tr_11,translate,"Թարգմանիր՝ "կայք"","website",000142,NO
w7_l8,w7_l8_mc_12,multiple_choice,"Ընտրիր "գաղտնաբառ"-ի թարգմանությունը","password",000146,NO
w7_l8,w7_l8_tr_12,translate,"Թարգմանիր՝ "գաղտնաբառ"","password",000152,NO
w7_l8,w7_l8_mc_13,multiple_choice,"Ընտրիր "հաշիվ"-ի թարգմանությունը","account",000156,NO
w7_l8,w7_l8_tr_13,translate,"Թարգմանիր՝ "հաշիվ"","account",000162,NO
w7_l8,w7_l8_mc_14,multiple_choice,"Ընտրիր "տվյալներ"-ի թարգմանությունը","data",000166,NO
w7_l8,w7_l8_tr_14,translate,"Թարգմանիր՝ "տվյալներ"","data",000172,NO
w7_l8,w7_l8_mc_15,multiple_choice,"Ընտրիր "ամպ"-ի թարգմանությունը","cloud",000176,NO
w7_l8,w7_l8_tr_15,translate,"Թարգմանիր՝ "ամպ"","cloud",000182,NO
w7_l8,w7_l8_mc_16,multiple_choice,"Ընտրիր "անվտանգություն"-ի թարգմանությունը","security",000186,NO
w7_l8,w7_l8_tr_16,translate,"Թարգմանիր՝ "անվտանգություն"","security",000192,NO
w7_l8,w7_l8_mc_17,multiple_choice,"Ընտրիր "վիրուս"-ի թարգմանությունը","virus",000196,NO
w7_l8,w7_l8_tr_17,translate,"Թարգմանիր՝ "վիրուս"","virus",000202,NO
w7_l8,w7_l8_mc_18,multiple_choice,"Ընտրիր "թարմացում"-ի թարգմանությունը","update",000206,NO
w7_l8,w7_l8_tr_18,translate,"Թարգմանիր՝ "թարմացում"","update",000212,NO
w7_l8,w7_l8_mc_19,multiple_choice,"Ընտրիր "սխալ"-ի թարգմանությունը","error",000216,NO
w7_l8,w7_l8_tr_19,translate,"Թարգմանիր՝ "սխալ"","error",000222,NO
w7_l8,w7_l8_mc_20,multiple_choice,"Ընտրիր "ծրագրավորում"-ի թարգմանությունը","programming",000226,NO
w7_l8,w7_l8_tr_20,translate,"Թարգմանիր՝ "ծրագրավորում"","programming",000232,NO
w7_l8,w7_l8_mc_21,multiple_choice,"Ընտրիր "արհեստական բանականություն"-ի թարգմանությունը","AI",000236,NO
w7_l8,w7_l8_tr_21,translate,"Թարգմանիր՝ "արհեստական բանականություն"","AI",000242,NO
w7_l8,w7_l8_mc_22,multiple_choice,"Ընտրիր "վիրտուալ"-ի թարգմանությունը","virtual",000246,NO
w7_l8,w7_l8_tr_22,translate,"Թարգմանիր՝ "վիրտուալ"","virtual",000252,NO
w7_l8,w7_l8_mc_23,multiple_choice,"Ընտրիր "խելացի"-ի թարգմանությունը","smart",000256,NO
w7_l8,w7_l8_tr_23,translate,"Թարգմանիր՝ "խելացի"","smart",000262,NO
w7_l8,w7_l8_mc_24,multiple_choice,"Ընտրիր "արագ"-ի թարգմանությունը","fast",000266,NO
w7_l8,w7_l8_tr_24,translate,"Թարգմանիր՝ "արագ"","fast",000272,NO
w7_l8,w7_l8_match,match_pairs,"Կապիր հայերեն բառերը անգլերեն թարգմանությունների հետ","",016248,NO
w7_l9,w7_l9_mc_0,multiple_choice,"Ընտրիր "համակարգիչ"-ի թարգմանությունը","computer",000026,NO
w7_l9,w7_l9_tr_0,translate,"Թարգմանիր՝ "համակարգիչ"","computer",000032,NO
w7_l9,w7_l9_mc_1,multiple_choice,"Ընտրիր "նոութբուք"-ի թարգմանությունը","laptop",000036,NO
w7_l9,w7_l9_tr_1,translate,"Թարգմանիր՝ "նոութբուք"","laptop",000042,NO
w7_l9,w7_l9_mc_2,multiple_choice,"Ընտրիր "հեռախոս"-ի թարգմանությունը","phone",000046,NO
w7_l9,w7_l9_tr_2,translate,"Թարգմանիր՝ "հեռախոս"","phone",000052,NO
w7_l9,w7_l9_mc_3,multiple_choice,"Ընտրիր "պլանշետ"-ի թարգմանությունը","tablet",000056,NO
w7_l9,w7_l9_tr_3,translate,"Թարգմանիր՝ "պլանշետ"","tablet",000062,NO
w7_l9,w7_l9_mc_4,multiple_choice,"Ընտրիր "էկրան"-ի թարգմանությունը","screen",000066,NO
w7_l9,w7_l9_tr_4,translate,"Թարգմանիր՝ "էկրան"","screen",000072,NO
w7_l9,w7_l9_mc_5,multiple_choice,"Ընտրիր "ստեղնաշար"-ի թարգմանությունը","keyboard",000076,NO
w7_l9,w7_l9_tr_5,translate,"Թարգմանիր՝ "ստեղնաշար"","keyboard",000082,NO
w7_l9,w7_l9_mc_6,multiple_choice,"Ընտրիր "մկնիկ"-ի թարգմանությունը","mouse",000086,NO
w7_l9,w7_l9_tr_6,translate,"Թարգմանիր՝ "մկնիկ"","mouse",000092,NO
w7_l9,w7_l9_mc_7,multiple_choice,"Ընտրիր "ինտերնետ"-ի թարգմանությունը","internet",000096,NO
w7_l9,w7_l9_tr_7,translate,"Թարգմանիր՝ "ինտերնետ"","internet",000102,NO
w7_l9,w7_l9_mc_8,multiple_choice,"Ընտրիր "wifi"-ի թարգմանությունը","wifi",000106,NO
w7_l9,w7_l9_tr_8,translate,"Թարգմանիր՝ "wifi"","wifi",000112,NO
w7_l9,w7_l9_mc_9,multiple_choice,"Ընտրիր "ցանց"-ի թարգմանությունը","network",000116,NO
w7_l9,w7_l9_tr_9,translate,"Թարգմանիր՝ "ցանց"","network",000122,NO
w7_l9,w7_l9_mc_10,multiple_choice,"Ընտրիր "հավելված"-ի թարգմանությունը","app",000126,NO
w7_l9,w7_l9_tr_10,translate,"Թարգմանիր՝ "հավելված"","app",000132,NO
w7_l9,w7_l9_mc_11,multiple_choice,"Ընտրիր "կայք"-ի թարգմանությունը","website",000136,NO
w7_l9,w7_l9_tr_11,translate,"Թարգմանիր՝ "կայք"","website",000142,NO
w7_l9,w7_l9_mc_12,multiple_choice,"Ընտրիր "գաղտնաբառ"-ի թարգմանությունը","password",000146,NO
w7_l9,w7_l9_tr_12,translate,"Թարգմանիր՝ "գաղտնաբառ"","password",000152,NO
w7_l9,w7_l9_mc_13,multiple_choice,"Ընտրիր "հաշիվ"-ի թարգմանությունը","account",000156,NO
w7_l9,w7_l9_tr_13,translate,"Թարգմանիր՝ "հաշիվ"","account",000162,NO
w7_l9,w7_l9_mc_14,multiple_choice,"Ընտրիր "տվյալներ"-ի թարգմանությունը","data",000166,NO
w7_l9,w7_l9_tr_14,translate,"Թարգմանիր՝ "տվյալներ"","data",000172,NO
w7_l9,w7_l9_mc_15,multiple_choice,"Ընտրիր "ամպ"-ի թարգմանությունը","cloud",000176,NO
w7_l9,w7_l9_tr_15,translate,"Թարգմանիր՝ "ամպ"","cloud",000182,NO
w7_l9,w7_l9_mc_16,multiple_choice,"Ընտրիր "անվտանգություն"-ի թարգմանությունը","security",000186,NO
w7_l9,w7_l9_tr_16,translate,"Թարգմանիր՝ "անվտանգություն"","security",000192,NO
w7_l9,w7_l9_mc_17,multiple_choice,"Ընտրիր "վիրուս"-ի թարգմանությունը","virus",000196,NO
w7_l9,w7_l9_tr_17,translate,"Թարգմանիր՝ "վիրուս"","virus",000202,NO
w7_l9,w7_l9_mc_18,multiple_choice,"Ընտրիր "թարմացում"-ի թարգմանությունը","update",000206,NO
w7_l9,w7_l9_tr_18,translate,"Թարգմանիր՝ "թարմացում"","update",000212,NO
w7_l9,w7_l9_mc_19,multiple_choice,"Ընտրիր "սխալ"-ի թարգմանությունը","error",000216,NO
w7_l9,w7_l9_tr_19,translate,"Թարգմանիր՝ "սխալ"","error",000222,NO
w7_l9,w7_l9_mc_20,multiple_choice,"Ընտրիր "ծրագրավորում"-ի թարգմանությունը","programming",000226,NO
w7_l9,w7_l9_tr_20,translate,"Թարգմանիր՝ "ծրագրավորում"","programming",000232,NO
w7_l9,w7_l9_mc_21,multiple_choice,"Ընտրիր "արհեստական բանականություն"-ի թարգմանությունը","AI",000236,NO
w7_l9,w7_l9_tr_21,translate,"Թարգմանիր՝ "արհեստական բանականություն"","AI",000242,NO
w7_l9,w7_l9_mc_22,multiple_choice,"Ընտրիր "վիրտուալ"-ի թարգմանությունը","virtual",000246,NO
w7_l9,w7_l9_tr_22,translate,"Թարգմանիր՝ "վիրտուալ"","virtual",000252,NO
w7_l9,w7_l9_mc_23,multiple_choice,"Ընտրիր "խելացի"-ի թարգմանությունը","smart",000256,NO
w7_l9,w7_l9_tr_23,translate,"Թարգմանիր՝ "խելացի"","smart",000262,NO
w7_l9,w7_l9_mc_24,multiple_choice,"Ընտրիր "արագ"-ի թարգմանությունը","fast",000266,NO
w7_l9,w7_l9_tr_24,translate,"Թարգմանիր՝ "արագ"","fast",000272,NO
w7_l9,w7_l9_match,match_pairs,"Կապիր հայերեն բառերը անգլերեն թարգմանությունների հետ","",016527,NO
w7_l10,w7_l10_mc_0,multiple_choice,"Ընտրիր "համակարգիչ"-ի թարգմանությունը","computer",000026,NO
w7_l10,w7_l10_tr_0,translate,"Թարգմանիր՝ "համակարգիչ"","computer",000032,NO
w7_l10,w7_l10_mc_1,multiple_choice,"Ընտրիր "նոութբուք"-ի թարգմանությունը","laptop",000036,NO
w7_l10,w7_l10_tr_1,translate,"Թարգմանիր՝ "նոութբուք"","laptop",000042,NO
w7_l10,w7_l10_mc_2,multiple_choice,"Ընտրիր "հեռախոս"-ի թարգմանությունը","phone",000046,NO
w7_l10,w7_l10_tr_2,translate,"Թարգմանիր՝ "հեռախոս"","phone",000052,NO
w7_l10,w7_l10_mc_3,multiple_choice,"Ընտրիր "պլանշետ"-ի թարգմանությունը","tablet",000056,NO
w7_l10,w7_l10_tr_3,translate,"Թարգմանիր՝ "պլանշետ"","tablet",000062,NO
w7_l10,w7_l10_mc_4,multiple_choice,"Ընտրիր "էկրան"-ի թարգմանությունը","screen",000066,NO
w7_l10,w7_l10_tr_4,translate,"Թարգմանիր՝ "էկրան"","screen",000072,NO
w7_l10,w7_l10_mc_5,multiple_choice,"Ընտրիր "ստեղնաշար"-ի թարգմանությունը","keyboard",000076,NO
w7_l10,w7_l10_tr_5,translate,"Թարգմանիր՝ "ստեղնաշար"","keyboard",000082,NO
w7_l10,w7_l10_mc_6,multiple_choice,"Ընտրիր "մկնիկ"-ի թարգմանությունը","mouse",000086,NO
w7_l10,w7_l10_tr_6,translate,"Թարգմանիր՝ "մկնիկ"","mouse",000092,NO
w7_l10,w7_l10_mc_7,multiple_choice,"Ընտրիր "ինտերնետ"-ի թարգմանությունը","internet",000096,NO
w7_l10,w7_l10_tr_7,translate,"Թարգմանիր՝ "ինտերնետ"","internet",000102,NO
w7_l10,w7_l10_mc_8,multiple_choice,"Ընտրիր "wifi"-ի թարգմանությունը","wifi",000106,NO
w7_l10,w7_l10_tr_8,translate,"Թարգմանիր՝ "wifi"","wifi",000112,NO
w7_l10,w7_l10_mc_9,multiple_choice,"Ընտրիր "ցանց"-ի թարգմանությունը","network",000116,NO
w7_l10,w7_l10_tr_9,translate,"Թարգմանիր՝ "ցանց"","network",000122,NO
w7_l10,w7_l10_mc_10,multiple_choice,"Ընտրիր "հավելված"-ի թարգմանությունը","app",000126,NO
w7_l10,w7_l10_tr_10,translate,"Թարգմանիր՝ "հավելված"","app",000132,NO
w7_l10,w7_l10_mc_11,multiple_choice,"Ընտրիր "կայք"-ի թարգմանությունը","website",000136,NO
w7_l10,w7_l10_tr_11,translate,"Թարգմանիր՝ "կայք"","website",000142,NO
w7_l10,w7_l10_mc_12,multiple_choice,"Ընտրիր "գաղտնաբառ"-ի թարգմանությունը","password",000146,NO
w7_l10,w7_l10_tr_12,translate,"Թարգմանիր՝ "գաղտնաբառ"","password",000152,NO
w7_l10,w7_l10_mc_13,multiple_choice,"Ընտրիր "հաշիվ"-ի թարգմանությունը","account",000156,NO
w7_l10,w7_l10_tr_13,translate,"Թարգմանիր՝ "հաշիվ"","account",000162,NO
w7_l10,w7_l10_mc_14,multiple_choice,"Ընտրիր "տվյալներ"-ի թարգմանությունը","data",000166,NO
w7_l10,w7_l10_tr_14,translate,"Թարգմանիր՝ "տվյալներ"","data",000172,NO
w7_l10,w7_l10_mc_15,multiple_choice,"Ընտրիր "ամպ"-ի թարգմանությունը","cloud",000176,NO
w7_l10,w7_l10_tr_15,translate,"Թարգմանիր՝ "ամպ"","cloud",000182,NO
w7_l10,w7_l10_mc_16,multiple_choice,"Ընտրիր "անվտանգություն"-ի թարգմանությունը","security",000186,NO
w7_l10,w7_l10_tr_16,translate,"Թարգմանիր՝ "անվտանգություն"","security",000192,NO
w7_l10,w7_l10_mc_17,multiple_choice,"Ընտրիր "վիրուս"-ի թարգմանությունը","virus",000196,NO
w7_l10,w7_l10_tr_17,translate,"Թարգմանիր՝ "վիրուս"","virus",000202,NO
w7_l10,w7_l10_mc_18,multiple_choice,"Ընտրիր "թարմացում"-ի թարգմանությունը","update",000206,NO
w7_l10,w7_l10_tr_18,translate,"Թարգմանիր՝ "թարմացում"","update",000212,NO
w7_l10,w7_l10_mc_19,multiple_choice,"Ընտրիր "սխալ"-ի թարգմանությունը","error",000216,NO
w7_l10,w7_l10_tr_19,translate,"Թարգմանիր՝ "սխալ"","error",000222,NO
w7_l10,w7_l10_mc_20,multiple_choice,"Ընտրիր "ծրագրավորում"-ի թարգմանությունը","programming",000226,NO
w7_l10,w7_l10_tr_20,translate,"Թարգմանիր՝ "ծրագրավորում"","programming",000232,NO
w7_l10,w7_l10_mc_21,multiple_choice,"Ընտրիր "արհեստական բանականություն"-ի թարգմանությունը","AI",000236,NO
w7_l10,w7_l10_tr_21,translate,"Թարգմանիր՝ "արհեստական բանականություն"","AI",000242,NO
w7_l10,w7_l10_mc_22,multiple_choice,"Ընտրիր "վիրտուալ"-ի թարգմանությունը","virtual",000246,NO
w7_l10,w7_l10_tr_22,translate,"Թարգմանիր՝ "վիրտուալ"","virtual",000252,NO
w7_l10,w7_l10_mc_23,multiple_choice,"Ընտրիր "խելացի"-ի թարգմանությունը","smart",000256,NO
w7_l10,w7_l10_tr_23,translate,"Թարգմանիր՝ "խելացի"","smart",000262,NO
w7_l10,w7_l10_mc_24,multiple_choice,"Ընտրիր "արագ"-ի թարգմանությունը","fast",000266,NO
w7_l10,w7_l10_tr_24,translate,"Թարգմանիր՝ "արագ"","fast",000272,NO
w7_l10,w7_l10_match,match_pairs,"Կապիր հայերեն բառերը անգլերեն թարգմանությունների հետ","",016806,NO
w8_l1,w8_l1_mc_0,multiple_choice,"Ընտրիր "բնություն"-ի թարգմանությունը","nature",000026,NO
w8_l1,w8_l1_tr_0,translate,"Թարգմանիր՝ "բնություն"","nature",000032,NO
w8_l1,w8_l1_mc_1,multiple_choice,"Ընտրիր "շրջակա միջավայր"-ի թարգմանությունը","environment",000036,NO
w8_l1,w8_l1_tr_1,translate,"Թարգմանիր՝ "շրջակա միջավայր"","environment",000042,NO
w8_l1,w8_l1_mc_2,multiple_choice,"Ընտրիր "կլիմա"-ի թարգմանությունը","climate",000046,NO
w8_l1,w8_l1_tr_2,translate,"Թարգմանիր՝ "կլիմա"","climate",000052,NO
w8_l1,w8_l1_mc_3,multiple_choice,"Ընտրիր "ջերմաստիճան"-ի թարգմանությունը","temperature",000056,NO
w8_l1,w8_l1_tr_3,translate,"Թարգմանիր՝ "ջերմաստիճան"","temperature",000062,NO
w8_l1,w8_l1_mc_4,multiple_choice,"Ընտրիր "աղտոտում"-ի թարգմանությունը","pollution",000066,NO
w8_l1,w8_l1_tr_4,translate,"Թարգմանիր՝ "աղտոտում"","pollution",000072,NO
w8_l1,w8_l1_mc_5,multiple_choice,"Ընտրիր "թափոններ"-ի թարգմանությունը","waste",000076,NO
w8_l1,w8_l1_tr_5,translate,"Թարգմանիր՝ "թափոններ"","waste",000082,NO
w8_l1,w8_l1_mc_6,multiple_choice,"Ընտրիր "պլաստիկ"-ի թարգմանությունը","plastic",000086,NO
w8_l1,w8_l1_tr_6,translate,"Թարգմանիր՝ "պլաստիկ"","plastic",000092,NO
w8_l1,w8_l1_mc_7,multiple_choice,"Ընտրիր "վերամշակում"-ի թարգմանությունը","recycling",000096,NO
w8_l1,w8_l1_tr_7,translate,"Թարգմանիր՝ "վերամշակում"","recycling",000102,NO
w8_l1,w8_l1_mc_8,multiple_choice,"Ընտրիր "անտառահատում"-ի թարգմանությունը","deforestation",000106,NO
w8_l1,w8_l1_tr_8,translate,"Թարգմանիր՝ "անտառահատում"","deforestation",000112,NO
w8_l1,w8_l1_mc_9,multiple_choice,"Ընտրիր "կենդանիներ"-ի թարգմանությունը","animals",000116,NO
w8_l1,w8_l1_tr_9,translate,"Թարգմանիր՝ "կենդանիներ"","animals",000122,NO
w8_l1,w8_l1_mc_10,multiple_choice,"Ընտրիր "վտանգված տեսակ"-ի թարգմանությունը","endangered species",000126,NO
w8_l1,w8_l1_tr_10,translate,"Թարգմանիր՝ "վտանգված տեսակ"","endangered species",000132,NO
w8_l1,w8_l1_mc_11,multiple_choice,"Ընտրիր "արգելոց"-ի թարգմանությունը","reserve",000136,NO
w8_l1,w8_l1_tr_11,translate,"Թարգմանիր՝ "արգելոց"","reserve",000142,NO
w8_l1,w8_l1_mc_12,multiple_choice,"Ընտրիր "էկոհամակարգ"-ի թարգմանությունը","ecosystem",000146,NO
w8_l1,w8_l1_tr_12,translate,"Թարգմանիր՝ "էկոհամակարգ"","ecosystem",000152,NO
w8_l1,w8_l1_mc_13,multiple_choice,"Ընտրիր "կայունություն"-ի թարգմանությունը","sustainability",000156,NO
w8_l1,w8_l1_tr_13,translate,"Թարգմանիր՝ "կայունություն"","sustainability",000162,NO
w8_l1,w8_l1_mc_14,multiple_choice,"Ընտրիր "արևային էներգիա"-ի թարգմանությունը","solar energy",000166,NO
w8_l1,w8_l1_tr_14,translate,"Թարգմանիր՝ "արևային էներգիա"","solar energy",000172,NO
w8_l1,w8_l1_mc_15,multiple_choice,"Ընտրիր "քամու էներգիա"-ի թարգմանությունը","wind energy",000176,NO
w8_l1,w8_l1_tr_15,translate,"Թարգմանիր՝ "քամու էներգիա"","wind energy",000182,NO
w8_l1,w8_l1_mc_16,multiple_choice,"Ընտրիր "ածխածնի հետք"-ի թարգմանությունը","carbon footprint",000186,NO
w8_l1,w8_l1_tr_16,translate,"Թարգմանիր՝ "ածխածնի հետք"","carbon footprint",000192,NO
w8_l1,w8_l1_mc_17,multiple_choice,"Ընտրիր "կանաչ"-ի թարգմանությունը","green",000196,NO
w8_l1,w8_l1_tr_17,translate,"Թարգմանիր՝ "կանաչ"","green",000202,NO
w8_l1,w8_l1_mc_18,multiple_choice,"Ընտրիր "վերականգնվող"-ի թարգմանությունը","renewable",000206,NO
w8_l1,w8_l1_tr_18,translate,"Թարգմանիր՝ "վերականգնվող"","renewable",000212,NO
w8_l1,w8_l1_mc_19,multiple_choice,"Ընտրիր "վնասակար"-ի թարգմանությունը","harmful",000216,NO
w8_l1,w8_l1_tr_19,translate,"Թարգմանիր՝ "վնասակար"","harmful",000222,NO
w8_l1,w8_l1_mc_20,multiple_choice,"Ընտրիր "պաշտպանել"-ի թարգմանությունը","to protect",000226,NO
w8_l1,w8_l1_tr_20,translate,"Թարգմանիր՝ "պաշտպանել"","to protect",000232,NO
w8_l1,w8_l1_mc_21,multiple_choice,"Ընտրիր "փրկել"-ի թարգմանությունը","to save",000236,NO
w8_l1,w8_l1_tr_21,translate,"Թարգմանիր՝ "փրկել"","to save",000242,NO
w8_l1,w8_l1_mc_22,multiple_choice,"Ընտրիր "նվազեցնել"-ի թարգմանությունը","to reduce",000246,NO
w8_l1,w8_l1_tr_22,translate,"Թարգմանիր՝ "նվազեցնել"","to reduce",000252,NO
w8_l1,w8_l1_mc_23,multiple_choice,"Ընտրիր "վերաօգտագործել"-ի թարգմանությունը","to reuse",000256,NO
w8_l1,w8_l1_tr_23,translate,"Թարգմանիր՝ "վերաօգտագործել"","to reuse",000262,NO
w8_l1,w8_l1_mc_24,multiple_choice,"Ընտրիր "տնկել"-ի թարգմանությունը","to plant",000266,NO
w8_l1,w8_l1_tr_24,translate,"Թարգմանիր՝ "տնկել"","to plant",000272,NO
w8_l1,w8_l1_match,match_pairs,"Կապիր հայերեն բառերը անգլերեն թարգմանությունների հետ","",017085,NO
w8_l2,w8_l2_mc_0,multiple_choice,"Ընտրիր "բնություն"-ի թարգմանությունը","nature",000026,NO
w8_l2,w8_l2_tr_0,translate,"Թարգմանիր՝ "բնություն"","nature",000032,NO
w8_l2,w8_l2_mc_1,multiple_choice,"Ընտրիր "շրջակա միջավայր"-ի թարգմանությունը","environment",000036,NO
w8_l2,w8_l2_tr_1,translate,"Թարգմանիր՝ "շրջակա միջավայր"","environment",000042,NO
w8_l2,w8_l2_mc_2,multiple_choice,"Ընտրիր "կլիմա"-ի թարգմանությունը","climate",000046,NO
w8_l2,w8_l2_tr_2,translate,"Թարգմանիր՝ "կլիմա"","climate",000052,NO
w8_l2,w8_l2_mc_3,multiple_choice,"Ընտրիր "ջերմաստիճան"-ի թարգմանությունը","temperature",000056,NO
w8_l2,w8_l2_tr_3,translate,"Թարգմանիր՝ "ջերմաստիճան"","temperature",000062,NO
w8_l2,w8_l2_mc_4,multiple_choice,"Ընտրիր "աղտոտում"-ի թարգմանությունը","pollution",000066,NO
w8_l2,w8_l2_tr_4,translate,"Թարգմանիր՝ "աղտոտում"","pollution",000072,NO
w8_l2,w8_l2_mc_5,multiple_choice,"Ընտրիր "թափոններ"-ի թարգմանությունը","waste",000076,NO
w8_l2,w8_l2_tr_5,translate,"Թարգմանիր՝ "թափոններ"","waste",000082,NO
w8_l2,w8_l2_mc_6,multiple_choice,"Ընտրիր "պլաստիկ"-ի թարգմանությունը","plastic",000086,NO
w8_l2,w8_l2_tr_6,translate,"Թարգմանիր՝ "պլաստիկ"","plastic",000092,NO
w8_l2,w8_l2_mc_7,multiple_choice,"Ընտրիր "վերամշակում"-ի թարգմանությունը","recycling",000096,NO
w8_l2,w8_l2_tr_7,translate,"Թարգմանիր՝ "վերամշակում"","recycling",000102,NO
w8_l2,w8_l2_mc_8,multiple_choice,"Ընտրիր "անտառահատում"-ի թարգմանությունը","deforestation",000106,NO
w8_l2,w8_l2_tr_8,translate,"Թարգմանիր՝ "անտառահատում"","deforestation",000112,NO
w8_l2,w8_l2_mc_9,multiple_choice,"Ընտրիր "կենդանիներ"-ի թարգմանությունը","animals",000116,NO
w8_l2,w8_l2_tr_9,translate,"Թարգմանիր՝ "կենդանիներ"","animals",000122,NO
w8_l2,w8_l2_mc_10,multiple_choice,"Ընտրիր "վտանգված տեսակ"-ի թարգմանությունը","endangered species",000126,NO
w8_l2,w8_l2_tr_10,translate,"Թարգմանիր՝ "վտանգված տեսակ"","endangered species",000132,NO
w8_l2,w8_l2_mc_11,multiple_choice,"Ընտրիր "արգելոց"-ի թարգմանությունը","reserve",000136,NO
w8_l2,w8_l2_tr_11,translate,"Թարգմանիր՝ "արգելոց"","reserve",000142,NO
w8_l2,w8_l2_mc_12,multiple_choice,"Ընտրիր "էկոհամակարգ"-ի թարգմանությունը","ecosystem",000146,NO
w8_l2,w8_l2_tr_12,translate,"Թարգմանիր՝ "էկոհամակարգ"","ecosystem",000152,NO
w8_l2,w8_l2_mc_13,multiple_choice,"Ընտրիր "կայունություն"-ի թարգմանությունը","sustainability",000156,NO
w8_l2,w8_l2_tr_13,translate,"Թարգմանիր՝ "կայունություն"","sustainability",000162,NO
w8_l2,w8_l2_mc_14,multiple_choice,"Ընտրիր "արևային էներգիա"-ի թարգմանությունը","solar energy",000166,NO
w8_l2,w8_l2_tr_14,translate,"Թարգմանիր՝ "արևային էներգիա"","solar energy",000172,NO
w8_l2,w8_l2_mc_15,multiple_choice,"Ընտրիր "քամու էներգիա"-ի թարգմանությունը","wind energy",000176,NO
w8_l2,w8_l2_tr_15,translate,"Թարգմանիր՝ "քամու էներգիա"","wind energy",000182,NO
w8_l2,w8_l2_mc_16,multiple_choice,"Ընտրիր "ածխածնի հետք"-ի թարգմանությունը","carbon footprint",000186,NO
w8_l2,w8_l2_tr_16,translate,"Թարգմանիր՝ "ածխածնի հետք"","carbon footprint",000192,NO
w8_l2,w8_l2_mc_17,multiple_choice,"Ընտրիր "կանաչ"-ի թարգմանությունը","green",000196,NO
w8_l2,w8_l2_tr_17,translate,"Թարգմանիր՝ "կանաչ"","green",000202,NO
w8_l2,w8_l2_mc_18,multiple_choice,"Ընտրիր "վերականգնվող"-ի թարգմանությունը","renewable",000206,NO
w8_l2,w8_l2_tr_18,translate,"Թարգմանիր՝ "վերականգնվող"","renewable",000212,NO
w8_l2,w8_l2_mc_19,multiple_choice,"Ընտրիր "վնասակար"-ի թարգմանությունը","harmful",000216,NO
w8_l2,w8_l2_tr_19,translate,"Թարգմանիր՝ "վնասակար"","harmful",000222,NO
w8_l2,w8_l2_mc_20,multiple_choice,"Ընտրիր "պաշտպանել"-ի թարգմանությունը","to protect",000226,NO
w8_l2,w8_l2_tr_20,translate,"Թարգմանիր՝ "պաշտպանել"","to protect",000232,NO
w8_l2,w8_l2_mc_21,multiple_choice,"Ընտրիր "փրկել"-ի թարգմանությունը","to save",000236,NO
w8_l2,w8_l2_tr_21,translate,"Թարգմանիր՝ "փրկել"","to save",000242,NO
w8_l2,w8_l2_mc_22,multiple_choice,"Ընտրիր "նվազեցնել"-ի թարգմանությունը","to reduce",000246,NO
w8_l2,w8_l2_tr_22,translate,"Թարգմանիր՝ "նվազեցնել"","to reduce",000252,NO
w8_l2,w8_l2_mc_23,multiple_choice,"Ընտրիր "վերաօգտագործել"-ի թարգմանությունը","to reuse",000256,NO
w8_l2,w8_l2_tr_23,translate,"Թարգմանիր՝ "վերաօգտագործել"","to reuse",000262,NO
w8_l2,w8_l2_mc_24,multiple_choice,"Ընտրիր "տնկել"-ի թարգմանությունը","to plant",000266,NO
w8_l2,w8_l2_tr_24,translate,"Թարգմանիր՝ "տնկել"","to plant",000272,NO
w8_l2,w8_l2_match,match_pairs,"Կապիր հայերեն բառերը անգլերեն թարգմանությունների հետ","",017364,NO
w8_l3,w8_l3_mc_0,multiple_choice,"Ընտրիր "բնություն"-ի թարգմանությունը","nature",000026,NO
w8_l3,w8_l3_tr_0,translate,"Թարգմանիր՝ "բնություն"","nature",000032,NO
w8_l3,w8_l3_mc_1,multiple_choice,"Ընտրիր "շրջակա միջավայր"-ի թարգմանությունը","environment",000036,NO
w8_l3,w8_l3_tr_1,translate,"Թարգմանիր՝ "շրջակա միջավայր"","environment",000042,NO
w8_l3,w8_l3_mc_2,multiple_choice,"Ընտրիր "կլիմա"-ի թարգմանությունը","climate",000046,NO
w8_l3,w8_l3_tr_2,translate,"Թարգմանիր՝ "կլիմա"","climate",000052,NO
w8_l3,w8_l3_mc_3,multiple_choice,"Ընտրիր "ջերմաստիճան"-ի թարգմանությունը","temperature",000056,NO
w8_l3,w8_l3_tr_3,translate,"Թարգմանիր՝ "ջերմաստիճան"","temperature",000062,NO
w8_l3,w8_l3_mc_4,multiple_choice,"Ընտրիր "աղտոտում"-ի թարգմանությունը","pollution",000066,NO
w8_l3,w8_l3_tr_4,translate,"Թարգմանիր՝ "աղտոտում"","pollution",000072,NO
w8_l3,w8_l3_mc_5,multiple_choice,"Ընտրիր "թափոններ"-ի թարգմանությունը","waste",000076,NO
w8_l3,w8_l3_tr_5,translate,"Թարգմանիր՝ "թափոններ"","waste",000082,NO
w8_l3,w8_l3_mc_6,multiple_choice,"Ընտրիր "պլաստիկ"-ի թարգմանությունը","plastic",000086,NO
w8_l3,w8_l3_tr_6,translate,"Թարգմանիր՝ "պլաստիկ"","plastic",000092,NO
w8_l3,w8_l3_mc_7,multiple_choice,"Ընտրիր "վերամշակում"-ի թարգմանությունը","recycling",000096,NO
w8_l3,w8_l3_tr_7,translate,"Թարգմանիր՝ "վերամշակում"","recycling",000102,NO
w8_l3,w8_l3_mc_8,multiple_choice,"Ընտրիր "անտառահատում"-ի թարգմանությունը","deforestation",000106,NO
w8_l3,w8_l3_tr_8,translate,"Թարգմանիր՝ "անտառահատում"","deforestation",000112,NO
w8_l3,w8_l3_mc_9,multiple_choice,"Ընտրիր "կենդանիներ"-ի թարգմանությունը","animals",000116,NO
w8_l3,w8_l3_tr_9,translate,"Թարգմանիր՝ "կենդանիներ"","animals",000122,NO
w8_l3,w8_l3_mc_10,multiple_choice,"Ընտրիր "վտանգված տեսակ"-ի թարգմանությունը","endangered species",000126,NO
w8_l3,w8_l3_tr_10,translate,"Թարգմանիր՝ "վտանգված տեսակ"","endangered species",000132,NO
w8_l3,w8_l3_mc_11,multiple_choice,"Ընտրիր "արգելոց"-ի թարգմանությունը","reserve",000136,NO
w8_l3,w8_l3_tr_11,translate,"Թարգմանիր՝ "արգելոց"","reserve",000142,NO
w8_l3,w8_l3_mc_12,multiple_choice,"Ընտրիր "էկոհամակարգ"-ի թարգմանությունը","ecosystem",000146,NO
w8_l3,w8_l3_tr_12,translate,"Թարգմանիր՝ "էկոհամակարգ"","ecosystem",000152,NO
w8_l3,w8_l3_mc_13,multiple_choice,"Ընտրիր "կայունություն"-ի թարգմանությունը","sustainability",000156,NO
w8_l3,w8_l3_tr_13,translate,"Թարգմանիր՝ "կայունություն"","sustainability",000162,NO
w8_l3,w8_l3_mc_14,multiple_choice,"Ընտրիր "արևային էներգիա"-ի թարգմանությունը","solar energy",000166,NO
w8_l3,w8_l3_tr_14,translate,"Թարգմանիր՝ "արևային էներգիա"","solar energy",000172,NO
w8_l3,w8_l3_mc_15,multiple_choice,"Ընտրիր "քամու էներգիա"-ի թարգմանությունը","wind energy",000176,NO
w8_l3,w8_l3_tr_15,translate,"Թարգմանիր՝ "քամու էներգիա"","wind energy",000182,NO
w8_l3,w8_l3_mc_16,multiple_choice,"Ընտրիր "ածխածնի հետք"-ի թարգմանությունը","carbon footprint",000186,NO
w8_l3,w8_l3_tr_16,translate,"Թարգմանիր՝ "ածխածնի հետք"","carbon footprint",000192,NO
w8_l3,w8_l3_mc_17,multiple_choice,"Ընտրիր "կանաչ"-ի թարգմանությունը","green",000196,NO
w8_l3,w8_l3_tr_17,translate,"Թարգմանիր՝ "կանաչ"","green",000202,NO
w8_l3,w8_l3_mc_18,multiple_choice,"Ընտրիր "վերականգնվող"-ի թարգմանությունը","renewable",000206,NO
w8_l3,w8_l3_tr_18,translate,"Թարգմանիր՝ "վերականգնվող"","renewable",000212,NO
w8_l3,w8_l3_mc_19,multiple_choice,"Ընտրիր "վնասակար"-ի թարգմանությունը","harmful",000216,NO
w8_l3,w8_l3_tr_19,translate,"Թարգմանիր՝ "վնասակար"","harmful",000222,NO
w8_l3,w8_l3_mc_20,multiple_choice,"Ընտրիր "պաշտպանել"-ի թարգմանությունը","to protect",000226,NO
w8_l3,w8_l3_tr_20,translate,"Թարգմանիր՝ "պաշտպանել"","to protect",000232,NO
w8_l3,w8_l3_mc_21,multiple_choice,"Ընտրիր "փրկել"-ի թարգմանությունը","to save",000236,NO
w8_l3,w8_l3_tr_21,translate,"Թարգմանիր՝ "փրկել"","to save",000242,NO
w8_l3,w8_l3_mc_22,multiple_choice,"Ընտրիր "նվազեցնել"-ի թարգմանությունը","to reduce",000246,NO
w8_l3,w8_l3_tr_22,translate,"Թարգմանիր՝ "նվազեցնել"","to reduce",000252,NO
w8_l3,w8_l3_mc_23,multiple_choice,"Ընտրիր "վերաօգտագործել"-ի թարգմանությունը","to reuse",000256,NO
w8_l3,w8_l3_tr_23,translate,"Թարգմանիր՝ "վերաօգտագործել"","to reuse",000262,NO
w8_l3,w8_l3_mc_24,multiple_choice,"Ընտրիր "տնկել"-ի թարգմանությունը","to plant",000266,NO
w8_l3,w8_l3_tr_24,translate,"Թարգմանիր՝ "տնկել"","to plant",000272,NO
w8_l3,w8_l3_match,match_pairs,"Կապիր հայերեն բառերը անգլերեն թարգմանությունների հետ","",017643,NO
w8_l4,w8_l4_mc_0,multiple_choice,"Ընտրիր "բնություն"-ի թարգմանությունը","nature",000026,NO
w8_l4,w8_l4_tr_0,translate,"Թարգմանիր՝ "բնություն"","nature",000032,NO
w8_l4,w8_l4_mc_1,multiple_choice,"Ընտրիր "շրջակա միջավայր"-ի թարգմանությունը","environment",000036,NO
w8_l4,w8_l4_tr_1,translate,"Թարգմանիր՝ "շրջակա միջավայր"","environment",000042,NO
w8_l4,w8_l4_mc_2,multiple_choice,"Ընտրիր "կլիմա"-ի թարգմանությունը","climate",000046,NO
w8_l4,w8_l4_tr_2,translate,"Թարգմանիր՝ "կլիմա"","climate",000052,NO
w8_l4,w8_l4_mc_3,multiple_choice,"Ընտրիր "ջերմաստիճան"-ի թարգմանությունը","temperature",000056,NO
w8_l4,w8_l4_tr_3,translate,"Թարգմանիր՝ "ջերմաստիճան"","temperature",000062,NO
w8_l4,w8_l4_mc_4,multiple_choice,"Ընտրիր "աղտոտում"-ի թարգմանությունը","pollution",000066,NO
w8_l4,w8_l4_tr_4,translate,"Թարգմանիր՝ "աղտոտում"","pollution",000072,NO
w8_l4,w8_l4_mc_5,multiple_choice,"Ընտրիր "թափոններ"-ի թարգմանությունը","waste",000076,NO
w8_l4,w8_l4_tr_5,translate,"Թարգմանիր՝ "թափոններ"","waste",000082,NO
w8_l4,w8_l4_mc_6,multiple_choice,"Ընտրիր "պլաստիկ"-ի թարգմանությունը","plastic",000086,NO
w8_l4,w8_l4_tr_6,translate,"Թարգմանիր՝ "պլաստիկ"","plastic",000092,NO
w8_l4,w8_l4_mc_7,multiple_choice,"Ընտրիր "վերամշակում"-ի թարգմանությունը","recycling",000096,NO
w8_l4,w8_l4_tr_7,translate,"Թարգմանիր՝ "վերամշակում"","recycling",000102,NO
w8_l4,w8_l4_mc_8,multiple_choice,"Ընտրիր "անտառահատում"-ի թարգմանությունը","deforestation",000106,NO
w8_l4,w8_l4_tr_8,translate,"Թարգմանիր՝ "անտառահատում"","deforestation",000112,NO
w8_l4,w8_l4_mc_9,multiple_choice,"Ընտրիր "կենդանիներ"-ի թարգմանությունը","animals",000116,NO
w8_l4,w8_l4_tr_9,translate,"Թարգմանիր՝ "կենդանիներ"","animals",000122,NO
w8_l4,w8_l4_mc_10,multiple_choice,"Ընտրիր "վտանգված տեսակ"-ի թարգմանությունը","endangered species",000126,NO
w8_l4,w8_l4_tr_10,translate,"Թարգմանիր՝ "վտանգված տեսակ"","endangered species",000132,NO
w8_l4,w8_l4_mc_11,multiple_choice,"Ընտրիր "արգելոց"-ի թարգմանությունը","reserve",000136,NO
w8_l4,w8_l4_tr_11,translate,"Թարգմանիր՝ "արգելոց"","reserve",000142,NO
w8_l4,w8_l4_mc_12,multiple_choice,"Ընտրիր "էկոհամակարգ"-ի թարգմանությունը","ecosystem",000146,NO
w8_l4,w8_l4_tr_12,translate,"Թարգմանիր՝ "էկոհամակարգ"","ecosystem",000152,NO
w8_l4,w8_l4_mc_13,multiple_choice,"Ընտրիր "կայունություն"-ի թարգմանությունը","sustainability",000156,NO
w8_l4,w8_l4_tr_13,translate,"Թարգմանիր՝ "կայունություն"","sustainability",000162,NO
w8_l4,w8_l4_mc_14,multiple_choice,"Ընտրիր "արևային էներգիա"-ի թարգմանությունը","solar energy",000166,NO
w8_l4,w8_l4_tr_14,translate,"Թարգմանիր՝ "արևային էներգիա"","solar energy",000172,NO
w8_l4,w8_l4_mc_15,multiple_choice,"Ընտրիր "քամու էներգիա"-ի թարգմանությունը","wind energy",000176,NO
w8_l4,w8_l4_tr_15,translate,"Թարգմանիր՝ "քամու էներգիա"","wind energy",000182,NO
w8_l4,w8_l4_mc_16,multiple_choice,"Ընտրիր "ածխածնի հետք"-ի թարգմանությունը","carbon footprint",000186,NO
w8_l4,w8_l4_tr_16,translate,"Թարգմանիր՝ "ածխածնի հետք"","carbon footprint",000192,NO
w8_l4,w8_l4_mc_17,multiple_choice,"Ընտրիր "կանաչ"-ի թարգմանությունը","green",000196,NO
w8_l4,w8_l4_tr_17,translate,"Թարգմանիր՝ "կանաչ"","green",000202,NO
w8_l4,w8_l4_mc_18,multiple_choice,"Ընտրիր "վերականգնվող"-ի թարգմանությունը","renewable",000206,NO
w8_l4,w8_l4_tr_18,translate,"Թարգմանիր՝ "վերականգնվող"","renewable",000212,NO
w8_l4,w8_l4_mc_19,multiple_choice,"Ընտրիր "վնասակար"-ի թարգմանությունը","harmful",000216,NO
w8_l4,w8_l4_tr_19,translate,"Թարգմանիր՝ "վնասակար"","harmful",000222,NO
w8_l4,w8_l4_mc_20,multiple_choice,"Ընտրիր "պաշտպանել"-ի թարգմանությունը","to protect",000226,NO
w8_l4,w8_l4_tr_20,translate,"Թարգմանիր՝ "պաշտպանել"","to protect",000232,NO
w8_l4,w8_l4_mc_21,multiple_choice,"Ընտրիր "փրկել"-ի թարգմանությունը","to save",000236,NO
w8_l4,w8_l4_tr_21,translate,"Թարգմանիր՝ "փրկել"","to save",000242,NO
w8_l4,w8_l4_mc_22,multiple_choice,"Ընտրիր "նվազեցնել"-ի թարգմանությունը","to reduce",000246,NO
w8_l4,w8_l4_tr_22,translate,"Թարգմանիր՝ "նվազեցնել"","to reduce",000252,NO
w8_l4,w8_l4_mc_23,multiple_choice,"Ընտրիր "վերաօգտագործել"-ի թարգմանությունը","to reuse",000256,NO
w8_l4,w8_l4_tr_23,translate,"Թարգմանիր՝ "վերաօգտագործել"","to reuse",000262,NO
w8_l4,w8_l4_mc_24,multiple_choice,"Ընտրիր "տնկել"-ի թարգմանությունը","to plant",000266,NO
w8_l4,w8_l4_tr_24,translate,"Թարգմանիր՝ "տնկել"","to plant",000272,NO
w8_l4,w8_l4_match,match_pairs,"Կապիր հայերեն բառերը անգլերեն թարգմանությունների հետ","",017922,NO
w8_l5,w8_l5_mc_0,multiple_choice,"Ընտրիր "բնություն"-ի թարգմանությունը","nature",000026,NO
w8_l5,w8_l5_tr_0,translate,"Թարգմանիր՝ "բնություն"","nature",000032,NO
w8_l5,w8_l5_mc_1,multiple_choice,"Ընտրիր "շրջակա միջավայր"-ի թարգմանությունը","environment",000036,NO
w8_l5,w8_l5_tr_1,translate,"Թարգմանիր՝ "շրջակա միջավայր"","environment",000042,NO
w8_l5,w8_l5_mc_2,multiple_choice,"Ընտրիր "կլիմա"-ի թարգմանությունը","climate",000046,NO
w8_l5,w8_l5_tr_2,translate,"Թարգմանիր՝ "կլիմա"","climate",000052,NO
w8_l5,w8_l5_mc_3,multiple_choice,"Ընտրիր "ջերմաստիճան"-ի թարգմանությունը","temperature",000056,NO
w8_l5,w8_l5_tr_3,translate,"Թարգմանիր՝ "ջերմաստիճան"","temperature",000062,NO
w8_l5,w8_l5_mc_4,multiple_choice,"Ընտրիր "աղտոտում"-ի թարգմանությունը","pollution",000066,NO
w8_l5,w8_l5_tr_4,translate,"Թարգմանիր՝ "աղտոտում"","pollution",000072,NO
w8_l5,w8_l5_mc_5,multiple_choice,"Ընտրիր "թափոններ"-ի թարգմանությունը","waste",000076,NO
w8_l5,w8_l5_tr_5,translate,"Թարգմանիր՝ "թափոններ"","waste",000082,NO
w8_l5,w8_l5_mc_6,multiple_choice,"Ընտրիր "պլաստիկ"-ի թարգմանությունը","plastic",000086,NO
w8_l5,w8_l5_tr_6,translate,"Թարգմանիր՝ "պլաստիկ"","plastic",000092,NO
w8_l5,w8_l5_mc_7,multiple_choice,"Ընտրիր "վերամշակում"-ի թարգմանությունը","recycling",000096,NO
w8_l5,w8_l5_tr_7,translate,"Թարգմանիր՝ "վերամշակում"","recycling",000102,NO
w8_l5,w8_l5_mc_8,multiple_choice,"Ընտրիր "անտառահատում"-ի թարգմանությունը","deforestation",000106,NO
w8_l5,w8_l5_tr_8,translate,"Թարգմանիր՝ "անտառահատում"","deforestation",000112,NO
w8_l5,w8_l5_mc_9,multiple_choice,"Ընտրիր "կենդանիներ"-ի թարգմանությունը","animals",000116,NO
w8_l5,w8_l5_tr_9,translate,"Թարգմանիր՝ "կենդանիներ"","animals",000122,NO
w8_l5,w8_l5_mc_10,multiple_choice,"Ընտրիր "վտանգված տեսակ"-ի թարգմանությունը","endangered species",000126,NO
w8_l5,w8_l5_tr_10,translate,"Թարգմանիր՝ "վտանգված տեսակ"","endangered species",000132,NO
w8_l5,w8_l5_mc_11,multiple_choice,"Ընտրիր "արգելոց"-ի թարգմանությունը","reserve",000136,NO
w8_l5,w8_l5_tr_11,translate,"Թարգմանիր՝ "արգելոց"","reserve",000142,NO
w8_l5,w8_l5_mc_12,multiple_choice,"Ընտրիր "էկոհամակարգ"-ի թարգմանությունը","ecosystem",000146,NO
w8_l5,w8_l5_tr_12,translate,"Թարգմանիր՝ "էկոհամակարգ"","ecosystem",000152,NO
w8_l5,w8_l5_mc_13,multiple_choice,"Ընտրիր "կայունություն"-ի թարգմանությունը","sustainability",000156,NO
w8_l5,w8_l5_tr_13,translate,"Թարգմանիր՝ "կայունություն"","sustainability",000162,NO
w8_l5,w8_l5_mc_14,multiple_choice,"Ընտրիր "արևային էներգիա"-ի թարգմանությունը","solar energy",000166,NO
w8_l5,w8_l5_tr_14,translate,"Թարգմանիր՝ "արևային էներգիա"","solar energy",000172,NO
w8_l5,w8_l5_mc_15,multiple_choice,"Ընտրիր "քամու էներգիա"-ի թարգմանությունը","wind energy",000176,NO
w8_l5,w8_l5_tr_15,translate,"Թարգմանիր՝ "քամու էներգիա"","wind energy",000182,NO
w8_l5,w8_l5_mc_16,multiple_choice,"Ընտրիր "ածխածնի հետք"-ի թարգմանությունը","carbon footprint",000186,NO
w8_l5,w8_l5_tr_16,translate,"Թարգմանիր՝ "ածխածնի հետք"","carbon footprint",000192,NO
w8_l5,w8_l5_mc_17,multiple_choice,"Ընտրիր "կանաչ"-ի թարգմանությունը","green",000196,NO
w8_l5,w8_l5_tr_17,translate,"Թարգմանիր՝ "կանաչ"","green",000202,NO
w8_l5,w8_l5_mc_18,multiple_choice,"Ընտրիր "վերականգնվող"-ի թարգմանությունը","renewable",000206,NO
w8_l5,w8_l5_tr_18,translate,"Թարգմանիր՝ "վերականգնվող"","renewable",000212,NO
w8_l5,w8_l5_mc_19,multiple_choice,"Ընտրիր "վնասակար"-ի թարգմանությունը","harmful",000216,NO
w8_l5,w8_l5_tr_19,translate,"Թարգմանիր՝ "վնասակար"","harmful",000222,NO
w8_l5,w8_l5_mc_20,multiple_choice,"Ընտրիր "պաշտպանել"-ի թարգմանությունը","to protect",000226,NO
w8_l5,w8_l5_tr_20,translate,"Թարգմանիր՝ "պաշտպանել"","to protect",000232,NO
w8_l5,w8_l5_mc_21,multiple_choice,"Ընտրիր "փրկել"-ի թարգմանությունը","to save",000236,NO
w8_l5,w8_l5_tr_21,translate,"Թարգմանիր՝ "փրկել"","to save",000242,NO
w8_l5,w8_l5_mc_22,multiple_choice,"Ընտրիր "նվազեցնել"-ի թարգմանությունը","to reduce",000246,NO
w8_l5,w8_l5_tr_22,translate,"Թարգմանիր՝ "նվազեցնել"","to reduce",000252,NO
w8_l5,w8_l5_mc_23,multiple_choice,"Ընտրիր "վերաօգտագործել"-ի թարգմանությունը","to reuse",000256,NO
w8_l5,w8_l5_tr_23,translate,"Թարգմանիր՝ "վերաօգտագործել"","to reuse",000262,NO
w8_l5,w8_l5_mc_24,multiple_choice,"Ընտրիր "տնկել"-ի թարգմանությունը","to plant",000266,NO
w8_l5,w8_l5_tr_24,translate,"Թարգմանիր՝ "տնկել"","to plant",000272,NO
w8_l5,w8_l5_match,match_pairs,"Կապիր հայերեն բառերը անգլերեն թարգմանությունների հետ","",018201,NO
w8_l6,w8_l6_mc_0,multiple_choice,"Ընտրիր "բնություն"-ի թարգմանությունը","nature",000026,NO
w8_l6,w8_l6_tr_0,translate,"Թարգմանիր՝ "բնություն"","nature",000032,NO
w8_l6,w8_l6_mc_1,multiple_choice,"Ընտրիր "շրջակա միջավայր"-ի թարգմանությունը","environment",000036,NO
w8_l6,w8_l6_tr_1,translate,"Թարգմանիր՝ "շրջակա միջավայր"","environment",000042,NO
w8_l6,w8_l6_mc_2,multiple_choice,"Ընտրիր "կլիմա"-ի թարգմանությունը","climate",000046,NO
w8_l6,w8_l6_tr_2,translate,"Թարգմանիր՝ "կլիմա"","climate",000052,NO
w8_l6,w8_l6_mc_3,multiple_choice,"Ընտրիր "ջերմաստիճան"-ի թարգմանությունը","temperature",000056,NO
w8_l6,w8_l6_tr_3,translate,"Թարգմանիր՝ "ջերմաստիճան"","temperature",000062,NO
w8_l6,w8_l6_mc_4,multiple_choice,"Ընտրիր "աղտոտում"-ի թարգմանությունը","pollution",000066,NO
w8_l6,w8_l6_tr_4,translate,"Թարգմանիր՝ "աղտոտում"","pollution",000072,NO
w8_l6,w8_l6_mc_5,multiple_choice,"Ընտրիր "թափոններ"-ի թարգմանությունը","waste",000076,NO
w8_l6,w8_l6_tr_5,translate,"Թարգմանիր՝ "թափոններ"","waste",000082,NO
w8_l6,w8_l6_mc_6,multiple_choice,"Ընտրիր "պլաստիկ"-ի թարգմանությունը","plastic",000086,NO
w8_l6,w8_l6_tr_6,translate,"Թարգմանիր՝ "պլաստիկ"","plastic",000092,NO
w8_l6,w8_l6_mc_7,multiple_choice,"Ընտրիր "վերամշակում"-ի թարգմանությունը","recycling",000096,NO
w8_l6,w8_l6_tr_7,translate,"Թարգմանիր՝ "վերամշակում"","recycling",000102,NO
w8_l6,w8_l6_mc_8,multiple_choice,"Ընտրիր "անտառահատում"-ի թարգմանությունը","deforestation",000106,NO
w8_l6,w8_l6_tr_8,translate,"Թարգմանիր՝ "անտառահատում"","deforestation",000112,NO
w8_l6,w8_l6_mc_9,multiple_choice,"Ընտրիր "կենդանիներ"-ի թարգմանությունը","animals",000116,NO
w8_l6,w8_l6_tr_9,translate,"Թարգմանիր՝ "կենդանիներ"","animals",000122,NO
w8_l6,w8_l6_mc_10,multiple_choice,"Ընտրիր "վտանգված տեսակ"-ի թարգմանությունը","endangered species",000126,NO
w8_l6,w8_l6_tr_10,translate,"Թարգմանիր՝ "վտանգված տեսակ"","endangered species",000132,NO
w8_l6,w8_l6_mc_11,multiple_choice,"Ընտրիր "արգելոց"-ի թարգմանությունը","reserve",000136,NO
w8_l6,w8_l6_tr_11,translate,"Թարգմանիր՝ "արգելոց"","reserve",000142,NO
w8_l6,w8_l6_mc_12,multiple_choice,"Ընտրիր "էկոհամակարգ"-ի թարգմանությունը","ecosystem",000146,NO
w8_l6,w8_l6_tr_12,translate,"Թարգմանիր՝ "էկոհամակարգ"","ecosystem",000152,NO
w8_l6,w8_l6_mc_13,multiple_choice,"Ընտրիր "կայունություն"-ի թարգմանությունը","sustainability",000156,NO
w8_l6,w8_l6_tr_13,translate,"Թարգմանիր՝ "կայունություն"","sustainability",000162,NO
w8_l6,w8_l6_mc_14,multiple_choice,"Ընտրիր "արևային էներգիա"-ի թարգմանությունը","solar energy",000166,NO
w8_l6,w8_l6_tr_14,translate,"Թարգմանիր՝ "արևային էներգիա"","solar energy",000172,NO
w8_l6,w8_l6_mc_15,multiple_choice,"Ընտրիր "քամու էներգիա"-ի թարգմանությունը","wind energy",000176,NO
w8_l6,w8_l6_tr_15,translate,"Թարգմանիր՝ "քամու էներգիա"","wind energy",000182,NO
w8_l6,w8_l6_mc_16,multiple_choice,"Ընտրիր "ածխածնի հետք"-ի թարգմանությունը","carbon footprint",000186,NO
w8_l6,w8_l6_tr_16,translate,"Թարգմանիր՝ "ածխածնի հետք"","carbon footprint",000192,NO
w8_l6,w8_l6_mc_17,multiple_choice,"Ընտրիր "կանաչ"-ի թարգմանությունը","green",000196,NO
w8_l6,w8_l6_tr_17,translate,"Թարգմանիր՝ "կանաչ"","green",000202,NO
w8_l6,w8_l6_mc_18,multiple_choice,"Ընտրիր "վերականգնվող"-ի թարգմանությունը","renewable",000206,NO
w8_l6,w8_l6_tr_18,translate,"Թարգմանիր՝ "վերականգնվող"","renewable",000212,NO
w8_l6,w8_l6_mc_19,multiple_choice,"Ընտրիր "վնասակար"-ի թարգմանությունը","harmful",000216,NO
w8_l6,w8_l6_tr_19,translate,"Թարգմանիր՝ "վնասակար"","harmful",000222,NO
w8_l6,w8_l6_mc_20,multiple_choice,"Ընտրիր "պաշտպանել"-ի թարգմանությունը","to protect",000226,NO
w8_l6,w8_l6_tr_20,translate,"Թարգմանիր՝ "պաշտպանել"","to protect",000232,NO
w8_l6,w8_l6_mc_21,multiple_choice,"Ընտրիր "փրկել"-ի թարգմանությունը","to save",000236,NO
w8_l6,w8_l6_tr_21,translate,"Թարգմանիր՝ "փրկել"","to save",000242,NO
w8_l6,w8_l6_mc_22,multiple_choice,"Ընտրիր "նվազեցնել"-ի թարգմանությունը","to reduce",000246,NO
w8_l6,w8_l6_tr_22,translate,"Թարգմանիր՝ "նվազեցնել"","to reduce",000252,NO
w8_l6,w8_l6_mc_23,multiple_choice,"Ընտրիր "վերաօգտագործել"-ի թարգմանությունը","to reuse",000256,NO
w8_l6,w8_l6_tr_23,translate,"Թարգմանիր՝ "վերաօգտագործել"","to reuse",000262,NO
w8_l6,w8_l6_mc_24,multiple_choice,"Ընտրիր "տնկել"-ի թարգմանությունը","to plant",000266,NO
w8_l6,w8_l6_tr_24,translate,"Թարգմանիր՝ "տնկել"","to plant",000272,NO
w8_l6,w8_l6_match,match_pairs,"Կապիր հայերեն բառերը անգլերեն թարգմանությունների հետ","",018480,NO
w8_l7,w8_l7_mc_0,multiple_choice,"Ընտրիր "բնություն"-ի թարգմանությունը","nature",000026,NO
w8_l7,w8_l7_tr_0,translate,"Թարգմանիր՝ "բնություն"","nature",000032,NO
w8_l7,w8_l7_mc_1,multiple_choice,"Ընտրիր "շրջակա միջավայր"-ի թարգմանությունը","environment",000036,NO
w8_l7,w8_l7_tr_1,translate,"Թարգմանիր՝ "շրջակա միջավայր"","environment",000042,NO
w8_l7,w8_l7_mc_2,multiple_choice,"Ընտրիր "կլիմա"-ի թարգմանությունը","climate",000046,NO
w8_l7,w8_l7_tr_2,translate,"Թարգմանիր՝ "կլիմա"","climate",000052,NO
w8_l7,w8_l7_mc_3,multiple_choice,"Ընտրիր "ջերմաստիճան"-ի թարգմանությունը","temperature",000056,NO
w8_l7,w8_l7_tr_3,translate,"Թարգմանիր՝ "ջերմաստիճան"","temperature",000062,NO
w8_l7,w8_l7_mc_4,multiple_choice,"Ընտրիր "աղտոտում"-ի թարգմանությունը","pollution",000066,NO
w8_l7,w8_l7_tr_4,translate,"Թարգմանիր՝ "աղտոտում"","pollution",000072,NO
w8_l7,w8_l7_mc_5,multiple_choice,"Ընտրիր "թափոններ"-ի թարգմանությունը","waste",000076,NO
w8_l7,w8_l7_tr_5,translate,"Թարգմանիր՝ "թափոններ"","waste",000082,NO
w8_l7,w8_l7_mc_6,multiple_choice,"Ընտրիր "պլաստիկ"-ի թարգմանությունը","plastic",000086,NO
w8_l7,w8_l7_tr_6,translate,"Թարգմանիր՝ "պլաստիկ"","plastic",000092,NO
w8_l7,w8_l7_mc_7,multiple_choice,"Ընտրիր "վերամշակում"-ի թարգմանությունը","recycling",000096,NO
w8_l7,w8_l7_tr_7,translate,"Թարգմանիր՝ "վերամշակում"","recycling",000102,NO
w8_l7,w8_l7_mc_8,multiple_choice,"Ընտրիր "անտառահատում"-ի թարգմանությունը","deforestation",000106,NO
w8_l7,w8_l7_tr_8,translate,"Թարգմանիր՝ "անտառահատում"","deforestation",000112,NO
w8_l7,w8_l7_mc_9,multiple_choice,"Ընտրիր "կենդանիներ"-ի թարգմանությունը","animals",000116,NO
w8_l7,w8_l7_tr_9,translate,"Թարգմանիր՝ "կենդանիներ"","animals",000122,NO
w8_l7,w8_l7_mc_10,multiple_choice,"Ընտրիր "վտանգված տեսակ"-ի թարգմանությունը","endangered species",000126,NO
w8_l7,w8_l7_tr_10,translate,"Թարգմանիր՝ "վտանգված տեսակ"","endangered species",000132,NO
w8_l7,w8_l7_mc_11,multiple_choice,"Ընտրիր "արգելոց"-ի թարգմանությունը","reserve",000136,NO
w8_l7,w8_l7_tr_11,translate,"Թարգմանիր՝ "արգելոց"","reserve",000142,NO
w8_l7,w8_l7_mc_12,multiple_choice,"Ընտրիր "էկոհամակարգ"-ի թարգմանությունը","ecosystem",000146,NO
w8_l7,w8_l7_tr_12,translate,"Թարգմանիր՝ "էկոհամակարգ"","ecosystem",000152,NO
w8_l7,w8_l7_mc_13,multiple_choice,"Ընտրիր "կայունություն"-ի թարգմանությունը","sustainability",000156,NO
w8_l7,w8_l7_tr_13,translate,"Թարգմանիր՝ "կայունություն"","sustainability",000162,NO
w8_l7,w8_l7_mc_14,multiple_choice,"Ընտրիր "արևային էներգիա"-ի թարգմանությունը","solar energy",000166,NO
w8_l7,w8_l7_tr_14,translate,"Թարգմանիր՝ "արևային էներգիա"","solar energy",000172,NO
w8_l7,w8_l7_mc_15,multiple_choice,"Ընտրիր "քամու էներգիա"-ի թարգմանությունը","wind energy",000176,NO
w8_l7,w8_l7_tr_15,translate,"Թարգմանիր՝ "քամու էներգիա"","wind energy",000182,NO
w8_l7,w8_l7_mc_16,multiple_choice,"Ընտրիր "ածխածնի հետք"-ի թարգմանությունը","carbon footprint",000186,NO
w8_l7,w8_l7_tr_16,translate,"Թարգմանիր՝ "ածխածնի հետք"","carbon footprint",000192,NO
w8_l7,w8_l7_mc_17,multiple_choice,"Ընտրիր "կանաչ"-ի թարգմանությունը","green",000196,NO
w8_l7,w8_l7_tr_17,translate,"Թարգմանիր՝ "կանաչ"","green",000202,NO
w8_l7,w8_l7_mc_18,multiple_choice,"Ընտրիր "վերականգնվող"-ի թարգմանությունը","renewable",000206,NO
w8_l7,w8_l7_tr_18,translate,"Թարգմանիր՝ "վերականգնվող"","renewable",000212,NO
w8_l7,w8_l7_mc_19,multiple_choice,"Ընտրիր "վնասակար"-ի թարգմանությունը","harmful",000216,NO
w8_l7,w8_l7_tr_19,translate,"Թարգմանիր՝ "վնասակար"","harmful",000222,NO
w8_l7,w8_l7_mc_20,multiple_choice,"Ընտրիր "պաշտպանել"-ի թարգմանությունը","to protect",000226,NO
w8_l7,w8_l7_tr_20,translate,"Թարգմանիր՝ "պաշտպանել"","to protect",000232,NO
w8_l7,w8_l7_mc_21,multiple_choice,"Ընտրիր "փրկել"-ի թարգմանությունը","to save",000236,NO
w8_l7,w8_l7_tr_21,translate,"Թարգմանիր՝ "փրկել"","to save",000242,NO
w8_l7,w8_l7_mc_22,multiple_choice,"Ընտրիր "նվազեցնել"-ի թարգմանությունը","to reduce",000246,NO
w8_l7,w8_l7_tr_22,translate,"Թարգմանիր՝ "նվազեցնել"","to reduce",000252,NO
w8_l7,w8_l7_mc_23,multiple_choice,"Ընտրիր "վերաօգտագործել"-ի թարգմանությունը","to reuse",000256,NO
w8_l7,w8_l7_tr_23,translate,"Թարգմանիր՝ "վերաօգտագործել"","to reuse",000262,NO
w8_l7,w8_l7_mc_24,multiple_choice,"Ընտրիր "տնկել"-ի թարգմանությունը","to plant",000266,NO
w8_l7,w8_l7_tr_24,translate,"Թարգմանիր՝ "տնկել"","to plant",000272,NO
w8_l7,w8_l7_match,match_pairs,"Կապիր հայերեն բառերը անգլերեն թարգմանությունների հետ","",018759,NO
w8_l8,w8_l8_mc_0,multiple_choice,"Ընտրիր "բնություն"-ի թարգմանությունը","nature",000026,NO
w8_l8,w8_l8_tr_0,translate,"Թարգմանիր՝ "բնություն"","nature",000032,NO
w8_l8,w8_l8_mc_1,multiple_choice,"Ընտրիր "շրջակա միջավայր"-ի թարգմանությունը","environment",000036,NO
w8_l8,w8_l8_tr_1,translate,"Թարգմանիր՝ "շրջակա միջավայր"","environment",000042,NO
w8_l8,w8_l8_mc_2,multiple_choice,"Ընտրիր "կլիմա"-ի թարգմանությունը","climate",000046,NO
w8_l8,w8_l8_tr_2,translate,"Թարգմանիր՝ "կլիմա"","climate",000052,NO
w8_l8,w8_l8_mc_3,multiple_choice,"Ընտրիր "ջերմաստիճան"-ի թարգմանությունը","temperature",000056,NO
w8_l8,w8_l8_tr_3,translate,"Թարգմանիր՝ "ջերմաստիճան"","temperature",000062,NO
w8_l8,w8_l8_mc_4,multiple_choice,"Ընտրիր "աղտոտում"-ի թարգմանությունը","pollution",000066,NO
w8_l8,w8_l8_tr_4,translate,"Թարգմանիր՝ "աղտոտում"","pollution",000072,NO
w8_l8,w8_l8_mc_5,multiple_choice,"Ընտրիր "թափոններ"-ի թարգմանությունը","waste",000076,NO
w8_l8,w8_l8_tr_5,translate,"Թարգմանիր՝ "թափոններ"","waste",000082,NO
w8_l8,w8_l8_mc_6,multiple_choice,"Ընտրիր "պլաստիկ"-ի թարգմանությունը","plastic",000086,NO
w8_l8,w8_l8_tr_6,translate,"Թարգմանիր՝ "պլաստիկ"","plastic",000092,NO
w8_l8,w8_l8_mc_7,multiple_choice,"Ընտրիր "վերամշակում"-ի թարգմանությունը","recycling",000096,NO
w8_l8,w8_l8_tr_7,translate,"Թարգմանիր՝ "վերամշակում"","recycling",000102,NO
w8_l8,w8_l8_mc_8,multiple_choice,"Ընտրիր "անտառահատում"-ի թարգմանությունը","deforestation",000106,NO
w8_l8,w8_l8_tr_8,translate,"Թարգմանիր՝ "անտառահատում"","deforestation",000112,NO
w8_l8,w8_l8_mc_9,multiple_choice,"Ընտրիր "կենդանիներ"-ի թարգմանությունը","animals",000116,NO
w8_l8,w8_l8_tr_9,translate,"Թարգմանիր՝ "կենդանիներ"","animals",000122,NO
w8_l8,w8_l8_mc_10,multiple_choice,"Ընտրիր "վտանգված տեսակ"-ի թարգմանությունը","endangered species",000126,NO
w8_l8,w8_l8_tr_10,translate,"Թարգմանիր՝ "վտանգված տեսակ"","endangered species",000132,NO
w8_l8,w8_l8_mc_11,multiple_choice,"Ընտրիր "արգելոց"-ի թարգմանությունը","reserve",000136,NO
w8_l8,w8_l8_tr_11,translate,"Թարգմանիր՝ "արգելոց"","reserve",000142,NO
w8_l8,w8_l8_mc_12,multiple_choice,"Ընտրիր "էկոհամակարգ"-ի թարգմանությունը","ecosystem",000146,NO
w8_l8,w8_l8_tr_12,translate,"Թարգմանիր՝ "էկոհամակարգ"","ecosystem",000152,NO
w8_l8,w8_l8_mc_13,multiple_choice,"Ընտրիր "կայունություն"-ի թարգմանությունը","sustainability",000156,NO
w8_l8,w8_l8_tr_13,translate,"Թարգմանիր՝ "կայունություն"","sustainability",000162,NO
w8_l8,w8_l8_mc_14,multiple_choice,"Ընտրիր "արևային էներգիա"-ի թարգմանությունը","solar energy",000166,NO
w8_l8,w8_l8_tr_14,translate,"Թարգմանիր՝ "արևային էներգիա"","solar energy",000172,NO
w8_l8,w8_l8_mc_15,multiple_choice,"Ընտրիր "քամու էներգիա"-ի թարգմանությունը","wind energy",000176,NO
w8_l8,w8_l8_tr_15,translate,"Թարգմանիր՝ "քամու էներգիա"","wind energy",000182,NO
w8_l8,w8_l8_mc_16,multiple_choice,"Ընտրիր "ածխածնի հետք"-ի թարգմանությունը","carbon footprint",000186,NO
w8_l8,w8_l8_tr_16,translate,"Թարգմանիր՝ "ածխածնի հետք"","carbon footprint",000192,NO
w8_l8,w8_l8_mc_17,multiple_choice,"Ընտրիր "կանաչ"-ի թարգմանությունը","green",000196,NO
w8_l8,w8_l8_tr_17,translate,"Թարգմանիր՝ "կանաչ"","green",000202,NO
w8_l8,w8_l8_mc_18,multiple_choice,"Ընտրիր "վերականգնվող"-ի թարգմանությունը","renewable",000206,NO
w8_l8,w8_l8_tr_18,translate,"Թարգմանիր՝ "վերականգնվող"","renewable",000212,NO
w8_l8,w8_l8_mc_19,multiple_choice,"Ընտրիր "վնասակար"-ի թարգմանությունը","harmful",000216,NO
w8_l8,w8_l8_tr_19,translate,"Թարգմանիր՝ "վնասակար"","harmful",000222,NO
w8_l8,w8_l8_mc_20,multiple_choice,"Ընտրիր "պաշտպանել"-ի թարգմանությունը","to protect",000226,NO
w8_l8,w8_l8_tr_20,translate,"Թարգմանիր՝ "պաշտպանել"","to protect",000232,NO
w8_l8,w8_l8_mc_21,multiple_choice,"Ընտրիր "փրկել"-ի թարգմանությունը","to save",000236,NO
w8_l8,w8_l8_tr_21,translate,"Թարգմանիր՝ "փրկել"","to save",000242,NO
w8_l8,w8_l8_mc_22,multiple_choice,"Ընտրիր "նվազեցնել"-ի թարգմանությունը","to reduce",000246,NO
w8_l8,w8_l8_tr_22,translate,"Թարգմանիր՝ "նվազեցնել"","to reduce",000252,NO
w8_l8,w8_l8_mc_23,multiple_choice,"Ընտրիր "վերաօգտագործել"-ի թարգմանությունը","to reuse",000256,NO
w8_l8,w8_l8_tr_23,translate,"Թարգմանիր՝ "վերաօգտագործել"","to reuse",000262,NO
w8_l8,w8_l8_mc_24,multiple_choice,"Ընտրիր "տնկել"-ի թարգմանությունը","to plant",000266,NO
w8_l8,w8_l8_tr_24,translate,"Թարգմանիր՝ "տնկել"","to plant",000272,NO
w8_l8,w8_l8_match,match_pairs,"Կապիր հայերեն բառերը անգլերեն թարգմանությունների հետ","",019038,NO
w8_l9,w8_l9_mc_0,multiple_choice,"Ընտրիր "բնություն"-ի թարգմանությունը","nature",000026,NO
w8_l9,w8_l9_tr_0,translate,"Թարգմանիր՝ "բնություն"","nature",000032,NO
w8_l9,w8_l9_mc_1,multiple_choice,"Ընտրիր "շրջակա միջավայր"-ի թարգմանությունը","environment",000036,NO
w8_l9,w8_l9_tr_1,translate,"Թարգմանիր՝ "շրջակա միջավայր"","environment",000042,NO
w8_l9,w8_l9_mc_2,multiple_choice,"Ընտրիր "կլիմա"-ի թարգմանությունը","climate",000046,NO
w8_l9,w8_l9_tr_2,translate,"Թարգմանիր՝ "կլիմա"","climate",000052,NO
w8_l9,w8_l9_mc_3,multiple_choice,"Ընտրիր "ջերմաստիճան"-ի թարգմանությունը","temperature",000056,NO
w8_l9,w8_l9_tr_3,translate,"Թարգմանիր՝ "ջերմաստիճան"","temperature",000062,NO
w8_l9,w8_l9_mc_4,multiple_choice,"Ընտրիր "աղտոտում"-ի թարգմանությունը","pollution",000066,NO
w8_l9,w8_l9_tr_4,translate,"Թարգմանիր՝ "աղտոտում"","pollution",000072,NO
w8_l9,w8_l9_mc_5,multiple_choice,"Ընտրիր "թափոններ"-ի թարգմանությունը","waste",000076,NO
w8_l9,w8_l9_tr_5,translate,"Թարգմանիր՝ "թափոններ"","waste",000082,NO
w8_l9,w8_l9_mc_6,multiple_choice,"Ընտրիր "պլաստիկ"-ի թարգմանությունը","plastic",000086,NO
w8_l9,w8_l9_tr_6,translate,"Թարգմանիր՝ "պլաստիկ"","plastic",000092,NO
w8_l9,w8_l9_mc_7,multiple_choice,"Ընտրիր "վերամշակում"-ի թարգմանությունը","recycling",000096,NO
w8_l9,w8_l9_tr_7,translate,"Թարգմանիր՝ "վերամշակում"","recycling",000102,NO
w8_l9,w8_l9_mc_8,multiple_choice,"Ընտրիր "անտառահատում"-ի թարգմանությունը","deforestation",000106,NO
w8_l9,w8_l9_tr_8,translate,"Թարգմանիր՝ "անտառահատում"","deforestation",000112,NO
w8_l9,w8_l9_mc_9,multiple_choice,"Ընտրիր "կենդանիներ"-ի թարգմանությունը","animals",000116,NO
w8_l9,w8_l9_tr_9,translate,"Թարգմանիր՝ "կենդանիներ"","animals",000122,NO
w8_l9,w8_l9_mc_10,multiple_choice,"Ընտրիր "վտանգված տեսակ"-ի թարգմանությունը","endangered species",000126,NO
w8_l9,w8_l9_tr_10,translate,"Թարգմանիր՝ "վտանգված տեսակ"","endangered species",000132,NO
w8_l9,w8_l9_mc_11,multiple_choice,"Ընտրիր "արգելոց"-ի թարգմանությունը","reserve",000136,NO
w8_l9,w8_l9_tr_11,translate,"Թարգմանիր՝ "արգելոց"","reserve",000142,NO
w8_l9,w8_l9_mc_12,multiple_choice,"Ընտրիր "էկոհամակարգ"-ի թարգմանությունը","ecosystem",000146,NO
w8_l9,w8_l9_tr_12,translate,"Թարգմանիր՝ "էկոհամակարգ"","ecosystem",000152,NO
w8_l9,w8_l9_mc_13,multiple_choice,"Ընտրիր "կայունություն"-ի թարգմանությունը","sustainability",000156,NO
w8_l9,w8_l9_tr_13,translate,"Թարգմանիր՝ "կայունություն"","sustainability",000162,NO
w8_l9,w8_l9_mc_14,multiple_choice,"Ընտրիր "արևային էներգիա"-ի թարգմանությունը","solar energy",000166,NO
w8_l9,w8_l9_tr_14,translate,"Թարգմանիր՝ "արևային էներգիա"","solar energy",000172,NO
w8_l9,w8_l9_mc_15,multiple_choice,"Ընտրիր "քամու էներգիա"-ի թարգմանությունը","wind energy",000176,NO
w8_l9,w8_l9_tr_15,translate,"Թարգմանիր՝ "քամու էներգիա"","wind energy",000182,NO
w8_l9,w8_l9_mc_16,multiple_choice,"Ընտրիր "ածխածնի հետք"-ի թարգմանությունը","carbon footprint",000186,NO
w8_l9,w8_l9_tr_16,translate,"Թարգմանիր՝ "ածխածնի հետք"","carbon footprint",000192,NO
w8_l9,w8_l9_mc_17,multiple_choice,"Ընտրիր "կանաչ"-ի թարգմանությունը","green",000196,NO
w8_l9,w8_l9_tr_17,translate,"Թարգմանիր՝ "կանաչ"","green",000202,NO
w8_l9,w8_l9_mc_18,multiple_choice,"Ընտրիր "վերականգնվող"-ի թարգմանությունը","renewable",000206,NO
w8_l9,w8_l9_tr_18,translate,"Թարգմանիր՝ "վերականգնվող"","renewable",000212,NO
w8_l9,w8_l9_mc_19,multiple_choice,"Ընտրիր "վնասակար"-ի թարգմանությունը","harmful",000216,NO
w8_l9,w8_l9_tr_19,translate,"Թարգմանիր՝ "վնասակար"","harmful",000222,NO
w8_l9,w8_l9_mc_20,multiple_choice,"Ընտրիր "պաշտպանել"-ի թարգմանությունը","to protect",000226,NO
w8_l9,w8_l9_tr_20,translate,"Թարգմանիր՝ "պաշտպանել"","to protect",000232,NO
w8_l9,w8_l9_mc_21,multiple_choice,"Ընտրիր "փրկել"-ի թարգմանությունը","to save",000236,NO
w8_l9,w8_l9_tr_21,translate,"Թարգմանիր՝ "փրկել"","to save",000242,NO
w8_l9,w8_l9_mc_22,multiple_choice,"Ընտրիր "նվազեցնել"-ի թարգմանությունը","to reduce",000246,NO
w8_l9,w8_l9_tr_22,translate,"Թարգմանիր՝ "նվազեցնել"","to reduce",000252,NO
w8_l9,w8_l9_mc_23,multiple_choice,"Ընտրիր "վերաօգտագործել"-ի թարգմանությունը","to reuse",000256,NO
w8_l9,w8_l9_tr_23,translate,"Թարգմանիր՝ "վերաօգտագործել"","to reuse",000262,NO
w8_l9,w8_l9_mc_24,multiple_choice,"Ընտրիր "տնկել"-ի թարգմանությունը","to plant",000266,NO
w8_l9,w8_l9_tr_24,translate,"Թարգմանիր՝ "տնկել"","to plant",000272,NO
w8_l9,w8_l9_match,match_pairs,"Կապիր հայերեն բառերը անգլերեն թարգմանությունների հետ","",019317,NO
w8_l10,w8_l10_mc_0,multiple_choice,"Ընտրիր "բնություն"-ի թարգմանությունը","nature",000026,NO
w8_l10,w8_l10_tr_0,translate,"Թարգմանիր՝ "բնություն"","nature",000032,NO
w8_l10,w8_l10_mc_1,multiple_choice,"Ընտրիր "շրջակա միջավայր"-ի թարգմանությունը","environment",000036,NO
w8_l10,w8_l10_tr_1,translate,"Թարգմանիր՝ "շրջակա միջավայր"","environment",000042,NO
w8_l10,w8_l10_mc_2,multiple_choice,"Ընտրիր "կլիմա"-ի թարգմանությունը","climate",000046,NO
w8_l10,w8_l10_tr_2,translate,"Թարգմանիր՝ "կլիմա"","climate",000052,NO
w8_l10,w8_l10_mc_3,multiple_choice,"Ընտրիր "ջերմաստիճան"-ի թարգմանությունը","temperature",000056,NO
w8_l10,w8_l10_tr_3,translate,"Թարգմանիր՝ "ջերմաստիճան"","temperature",000062,NO
w8_l10,w8_l10_mc_4,multiple_choice,"Ընտրիր "աղտոտում"-ի թարգմանությունը","pollution",000066,NO
w8_l10,w8_l10_tr_4,translate,"Թարգմանիր՝ "աղտոտում"","pollution",000072,NO
w8_l10,w8_l10_mc_5,multiple_choice,"Ընտրիր "թափոններ"-ի թարգմանությունը","waste",000076,NO
w8_l10,w8_l10_tr_5,translate,"Թարգմանիր՝ "թափոններ"","waste",000082,NO
w8_l10,w8_l10_mc_6,multiple_choice,"Ընտրիր "պլաստիկ"-ի թարգմանությունը","plastic",000086,NO
w8_l10,w8_l10_tr_6,translate,"Թարգմանիր՝ "պլաստիկ"","plastic",000092,NO
w8_l10,w8_l10_mc_7,multiple_choice,"Ընտրիր "վերամշակում"-ի թարգմանությունը","recycling",000096,NO
w8_l10,w8_l10_tr_7,translate,"Թարգմանիր՝ "վերամշակում"","recycling",000102,NO
w8_l10,w8_l10_mc_8,multiple_choice,"Ընտրիր "անտառահատում"-ի թարգմանությունը","deforestation",000106,NO
w8_l10,w8_l10_tr_8,translate,"Թարգմանիր՝ "անտառահատում"","deforestation",000112,NO
w8_l10,w8_l10_mc_9,multiple_choice,"Ընտրիր "կենդանիներ"-ի թարգմանությունը","animals",000116,NO
w8_l10,w8_l10_tr_9,translate,"Թարգմանիր՝ "կենդանիներ"","animals",000122,NO
w8_l10,w8_l10_mc_10,multiple_choice,"Ընտրիր "վտանգված տեսակ"-ի թարգմանությունը","endangered species",000126,NO
w8_l10,w8_l10_tr_10,translate,"Թարգմանիր՝ "վտանգված տեսակ"","endangered species",000132,NO
w8_l10,w8_l10_mc_11,multiple_choice,"Ընտրիր "արգելոց"-ի թարգմանությունը","reserve",000136,NO
w8_l10,w8_l10_tr_11,translate,"Թարգմանիր՝ "արգելոց"","reserve",000142,NO
w8_l10,w8_l10_mc_12,multiple_choice,"Ընտրիր "էկոհամակարգ"-ի թարգմանությունը","ecosystem",000146,NO
w8_l10,w8_l10_tr_12,translate,"Թարգմանիր՝ "էկոհամակարգ"","ecosystem",000152,NO
w8_l10,w8_l10_mc_13,multiple_choice,"Ընտրիր "կայունություն"-ի թարգմանությունը","sustainability",000156,NO
w8_l10,w8_l10_tr_13,translate,"Թարգմանիր՝ "կայունություն"","sustainability",000162,NO
w8_l10,w8_l10_mc_14,multiple_choice,"Ընտրիր "արևային էներգիա"-ի թարգմանությունը","solar energy",000166,NO
w8_l10,w8_l10_tr_14,translate,"Թարգմանիր՝ "արևային էներգիա"","solar energy",000172,NO
w8_l10,w8_l10_mc_15,multiple_choice,"Ընտրիր "քամու էներգիա"-ի թարգմանությունը","wind energy",000176,NO
w8_l10,w8_l10_tr_15,translate,"Թարգմանիր՝ "քամու էներգիա"","wind energy",000182,NO
w8_l10,w8_l10_mc_16,multiple_choice,"Ընտրիր "ածխածնի հետք"-ի թարգմանությունը","carbon footprint",000186,NO
w8_l10,w8_l10_tr_16,translate,"Թարգմանիր՝ "ածխածնի հետք"","carbon footprint",000192,NO
w8_l10,w8_l10_mc_17,multiple_choice,"Ընտրիր "կանաչ"-ի թարգմանությունը","green",000196,NO
w8_l10,w8_l10_tr_17,translate,"Թարգմանիր՝ "կանաչ"","green",000202,NO
w8_l10,w8_l10_mc_18,multiple_choice,"Ընտրիր "վերականգնվող"-ի թարգմանությունը","renewable",000206,NO
w8_l10,w8_l10_tr_18,translate,"Թարգմանիր՝ "վերականգնվող"","renewable",000212,NO
w8_l10,w8_l10_mc_19,multiple_choice,"Ընտրիր "վնասակար"-ի թարգմանությունը","harmful",000216,NO
w8_l10,w8_l10_tr_19,translate,"Թարգմանիր՝ "վնասակար"","harmful",000222,NO
w8_l10,w8_l10_mc_20,multiple_choice,"Ընտրիր "պաշտպանել"-ի թարգմանությունը","to protect",000226,NO
w8_l10,w8_l10_tr_20,translate,"Թարգմանիր՝ "պաշտպանել"","to protect",000232,NO
w8_l10,w8_l10_mc_21,multiple_choice,"Ընտրիր "փրկել"-ի թարգմանությունը","to save",000236,NO
w8_l10,w8_l10_tr_21,translate,"Թարգմանիր՝ "փրկել"","to save",000242,NO
w8_l10,w8_l10_mc_22,multiple_choice,"Ընտրիր "նվազեցնել"-ի թարգմանությունը","to reduce",000246,NO
w8_l10,w8_l10_tr_22,translate,"Թարգմանիր՝ "նվազեցնել"","to reduce",000252,NO
w8_l10,w8_l10_mc_23,multiple_choice,"Ընտրիր "վերաօգտագործել"-ի թարգմանությունը","to reuse",000256,NO
w8_l10,w8_l10_tr_23,translate,"Թարգմանիր՝ "վերաօգտագործել"","to reuse",000262,NO
w8_l10,w8_l10_mc_24,multiple_choice,"Ընտրիր "տնկել"-ի թարգմանությունը","to plant",000266,NO
w8_l10,w8_l10_tr_24,translate,"Թարգմանիր՝ "տնկել"","to plant",000272,NO
w8_l10,w8_l10_match,match_pairs,"Կապիր հայերեն բառերը անգլերեն թարգմանությունների հետ","",019596,NO
w9_l1,w9_l1_mc_0,multiple_choice,"Ընտրիր "բիզնես"-ի թարգմանությունը","business",000026,NO
w9_l1,w9_l1_tr_0,translate,"Թարգմանիր՝ "բիզնես"","business",000032,NO
w9_l1,w9_l1_mc_1,multiple_choice,"Ընտրիր "ընկերություն"-ի թարգմանությունը","company",000036,NO
w9_l1,w9_l1_tr_1,translate,"Թարգմանիր՝ "ընկերություն"","company",000042,NO
w9_l1,w9_l1_mc_2,multiple_choice,"Ընտրիր "հաճախորդ"-ի թարգմանությունը","client",000046,NO
w9_l1,w9_l1_tr_2,translate,"Թարգմանիր՝ "հաճախորդ"","client",000052,NO
w9_l1,w9_l1_mc_3,multiple_choice,"Ընտրիր "շուկա"-ի թարգմանությունը","market",000056,NO
w9_l1,w9_l1_tr_3,translate,"Թարգմանիր՝ "շուկա"","market",000062,NO
w9_l1,w9_l1_mc_4,multiple_choice,"Ընտրիր "շահույթ"-ի թարգմանությունը","profit",000066,NO
w9_l1,w9_l1_tr_4,translate,"Թարգմանիր՝ "շահույթ"","profit",000072,NO
w9_l1,w9_l1_mc_5,multiple_choice,"Ընտրիր "ծախս"-ի թարգմանությունը","expense",000076,NO
w9_l1,w9_l1_tr_5,translate,"Թարգմանիր՝ "ծախս"","expense",000082,NO
w9_l1,w9_l1_mc_6,multiple_choice,"Ընտրիր "վարկ"-ի թարգմանությունը","loan",000086,NO
w9_l1,w9_l1_tr_6,translate,"Թարգմանիր՝ "վարկ"","loan",000092,NO
w9_l1,w9_l1_mc_7,multiple_choice,"Ընտրիր "ավանդ"-ի թարգմանությունը","deposit",000096,NO
w9_l1,w9_l1_tr_7,translate,"Թարգմանիր՝ "ավանդ"","deposit",000102,NO
w9_l1,w9_l1_mc_8,multiple_choice,"Ընտրիր "հաշիվ"-ի թարգմանությունը","account",000106,NO
w9_l1,w9_l1_tr_8,translate,"Թարգմանիր՝ "հաշիվ"","account",000112,NO
w9_l1,w9_l1_mc_9,multiple_choice,"Ընտրիր "հարկ"-ի թարգմանությունը","tax",000116,NO
w9_l1,w9_l1_tr_9,translate,"Թարգմանիր՝ "հարկ"","tax",000122,NO
w9_l1,w9_l1_mc_10,multiple_choice,"Ընտրիր "աշխատավարձ"-ի թարգմանությունը","salary",000126,NO
w9_l1,w9_l1_tr_10,translate,"Թարգմանիր՝ "աշխատավարձ"","salary",000132,NO
w9_l1,w9_l1_mc_11,multiple_choice,"Ընտրիր "բոնուս"-ի թարգմանությունը","bonus",000136,NO
w9_l1,w9_l1_tr_11,translate,"Թարգմանիր՝ "բոնուս"","bonus",000142,NO
w9_l1,w9_l1_mc_12,multiple_choice,"Ընտրիր "պայմանագիր"-ի թարգմանությունը","contract",000146,NO
w9_l1,w9_l1_tr_12,translate,"Թարգմանիր՝ "պայմանագիր"","contract",000152,NO
w9_l1,w9_l1_mc_13,multiple_choice,"Ընտրիր "կնիք"-ի թարգմանությունը","stamp",000156,NO
w9_l1,w9_l1_tr_13,translate,"Թարգմանիր՝ "կնիք"","stamp",000162,NO
w9_l1,w9_l1_mc_14,multiple_choice,"Ընտրիր "ստորագրություն"-ի թարգմանությունը","signature",000166,NO
w9_l1,w9_l1_tr_14,translate,"Թարգմանիր՝ "ստորագրություն"","signature",000172,NO
w9_l1,w9_l1_mc_15,multiple_choice,"Ընտրիր "հանդիպում"-ի թարգմանությունը","meeting",000176,NO
w9_l1,w9_l1_tr_15,translate,"Թարգմանիր՝ "հանդիպում"","meeting",000182,NO
w9_l1,w9_l1_mc_16,multiple_choice,"Ընտրիր "ներկայացում"-ի թարգմանությունը","presentation",000186,NO
w9_l1,w9_l1_tr_16,translate,"Թարգմանիր՝ "ներկայացում"","presentation",000192,NO
w9_l1,w9_l1_mc_17,multiple_choice,"Ընտրիր "վաճառք"-ի թարգմանությունը","sales",000196,NO
w9_l1,w9_l1_tr_17,translate,"Թարգմանիր՝ "վաճառք"","sales",000202,NO
w9_l1,w9_l1_mc_18,multiple_choice,"Ընտրիր "գովազդ"-ի թարգմանությունը","advertising",000206,NO
w9_l1,w9_l1_tr_18,translate,"Թարգմանիր՝ "գովազդ"","advertising",000212,NO
w9_l1,w9_l1_mc_19,multiple_choice,"Ընտրիր "ապրանք"-ի թարգմանությունը","product",000216,NO
w9_l1,w9_l1_tr_19,translate,"Թարգմանիր՝ "ապրանք"","product",000222,NO
w9_l1,w9_l1_mc_20,multiple_choice,"Ընտրիր "ծառայություն"-ի թարգմանությունը","service",000226,NO
w9_l1,w9_l1_tr_20,translate,"Թարգմանիր՝ "ծառայություն"","service",000232,NO
w9_l1,w9_l1_mc_21,multiple_choice,"Ընտրիր "մենեջեր"-ի թարգմանությունը","manager",000236,NO
w9_l1,w9_l1_tr_21,translate,"Թարգմանիր՝ "մենեջեր"","manager",000242,NO
w9_l1,w9_l1_mc_22,multiple_choice,"Ընտրիր "տնօրեն"-ի թարգմանությունը","director",000246,NO
w9_l1,w9_l1_tr_22,translate,"Թարգմանիր՝ "տնօրեն"","director",000252,NO
w9_l1,w9_l1_mc_23,multiple_choice,"Ընտրիր "բաժնետեր"-ի թարգմանությունը","shareholder",000256,NO
w9_l1,w9_l1_tr_23,translate,"Թարգմանիր՝ "բաժնետեր"","shareholder",000262,NO
w9_l1,w9_l1_mc_24,multiple_choice,"Ընտրիր "ներդրում"-ի թարգմանությունը","investment",000266,NO
w9_l1,w9_l1_tr_24,translate,"Թարգմանիր՝ "ներդրում"","investment",000272,NO
w9_l1,w9_l1_match,match_pairs,"Կապիր հայերեն բառերը անգլերեն թարգմանությունների հետ","",019875,NO
w9_l2,w9_l2_mc_0,multiple_choice,"Ընտրիր "բիզնես"-ի թարգմանությունը","business",000026,NO
w9_l2,w9_l2_tr_0,translate,"Թարգմանիր՝ "բիզնես"","business",000032,NO
w9_l2,w9_l2_mc_1,multiple_choice,"Ընտրիր "ընկերություն"-ի թարգմանությունը","company",000036,NO
w9_l2,w9_l2_tr_1,translate,"Թարգմանիր՝ "ընկերություն"","company",000042,NO
w9_l2,w9_l2_mc_2,multiple_choice,"Ընտրիր "հաճախորդ"-ի թարգմանությունը","client",000046,NO
w9_l2,w9_l2_tr_2,translate,"Թարգմանիր՝ "հաճախորդ"","client",000052,NO
w9_l2,w9_l2_mc_3,multiple_choice,"Ընտրիր "շուկա"-ի թարգմանությունը","market",000056,NO
w9_l2,w9_l2_tr_3,translate,"Թարգմանիր՝ "շուկա"","market",000062,NO
w9_l2,w9_l2_mc_4,multiple_choice,"Ընտրիր "շահույթ"-ի թարգմանությունը","profit",000066,NO
w9_l2,w9_l2_tr_4,translate,"Թարգմանիր՝ "շահույթ"","profit",000072,NO
w9_l2,w9_l2_mc_5,multiple_choice,"Ընտրիր "ծախս"-ի թարգմանությունը","expense",000076,NO
w9_l2,w9_l2_tr_5,translate,"Թարգմանիր՝ "ծախս"","expense",000082,NO
w9_l2,w9_l2_mc_6,multiple_choice,"Ընտրիր "վարկ"-ի թարգմանությունը","loan",000086,NO
w9_l2,w9_l2_tr_6,translate,"Թարգմանիր՝ "վարկ"","loan",000092,NO
w9_l2,w9_l2_mc_7,multiple_choice,"Ընտրիր "ավանդ"-ի թարգմանությունը","deposit",000096,NO
w9_l2,w9_l2_tr_7,translate,"Թարգմանիր՝ "ավանդ"","deposit",000102,NO
w9_l2,w9_l2_mc_8,multiple_choice,"Ընտրիր "հաշիվ"-ի թարգմանությունը","account",000106,NO
w9_l2,w9_l2_tr_8,translate,"Թարգմանիր՝ "հաշիվ"","account",000112,NO
w9_l2,w9_l2_mc_9,multiple_choice,"Ընտրիր "հարկ"-ի թարգմանությունը","tax",000116,NO
w9_l2,w9_l2_tr_9,translate,"Թարգմանիր՝ "հարկ"","tax",000122,NO
w9_l2,w9_l2_mc_10,multiple_choice,"Ընտրիր "աշխատավարձ"-ի թարգմանությունը","salary",000126,NO
w9_l2,w9_l2_tr_10,translate,"Թարգմանիր՝ "աշխատավարձ"","salary",000132,NO
w9_l2,w9_l2_mc_11,multiple_choice,"Ընտրիր "բոնուս"-ի թարգմանությունը","bonus",000136,NO
w9_l2,w9_l2_tr_11,translate,"Թարգմանիր՝ "բոնուս"","bonus",000142,NO
w9_l2,w9_l2_mc_12,multiple_choice,"Ընտրիր "պայմանագիր"-ի թարգմանությունը","contract",000146,NO
w9_l2,w9_l2_tr_12,translate,"Թարգմանիր՝ "պայմանագիր"","contract",000152,NO
w9_l2,w9_l2_mc_13,multiple_choice,"Ընտրիր "կնիք"-ի թարգմանությունը","stamp",000156,NO
w9_l2,w9_l2_tr_13,translate,"Թարգմանիր՝ "կնիք"","stamp",000162,NO
w9_l2,w9_l2_mc_14,multiple_choice,"Ընտրիր "ստորագրություն"-ի թարգմանությունը","signature",000166,NO
w9_l2,w9_l2_tr_14,translate,"Թարգմանիր՝ "ստորագրություն"","signature",000172,NO
w9_l2,w9_l2_mc_15,multiple_choice,"Ընտրիր "հանդիպում"-ի թարգմանությունը","meeting",000176,NO
w9_l2,w9_l2_tr_15,translate,"Թարգմանիր՝ "հանդիպում"","meeting",000182,NO
w9_l2,w9_l2_mc_16,multiple_choice,"Ընտրիր "ներկայացում"-ի թարգմանությունը","presentation",000186,NO
w9_l2,w9_l2_tr_16,translate,"Թարգմանիր՝ "ներկայացում"","presentation",000192,NO
w9_l2,w9_l2_mc_17,multiple_choice,"Ընտրիր "վաճառք"-ի թարգմանությունը","sales",000196,NO
w9_l2,w9_l2_tr_17,translate,"Թարգմանիր՝ "վաճառք"","sales",000202,NO
w9_l2,w9_l2_mc_18,multiple_choice,"Ընտրիր "գովազդ"-ի թարգմանությունը","advertising",000206,NO
w9_l2,w9_l2_tr_18,translate,"Թարգմանիր՝ "գովազդ"","advertising",000212,NO
w9_l2,w9_l2_mc_19,multiple_choice,"Ընտրիր "ապրանք"-ի թարգմանությունը","product",000216,NO
w9_l2,w9_l2_tr_19,translate,"Թարգմանիր՝ "ապրանք"","product",000222,NO
w9_l2,w9_l2_mc_20,multiple_choice,"Ընտրիր "ծառայություն"-ի թարգմանությունը","service",000226,NO
w9_l2,w9_l2_tr_20,translate,"Թարգմանիր՝ "ծառայություն"","service",000232,NO
w9_l2,w9_l2_mc_21,multiple_choice,"Ընտրիր "մենեջեր"-ի թարգմանությունը","manager",000236,NO
w9_l2,w9_l2_tr_21,translate,"Թարգմանիր՝ "մենեջեր"","manager",000242,NO
w9_l2,w9_l2_mc_22,multiple_choice,"Ընտրիր "տնօրեն"-ի թարգմանությունը","director",000246,NO
w9_l2,w9_l2_tr_22,translate,"Թարգմանիր՝ "տնօրեն"","director",000252,NO
w9_l2,w9_l2_mc_23,multiple_choice,"Ընտրիր "բաժնետեր"-ի թարգմանությունը","shareholder",000256,NO
w9_l2,w9_l2_tr_23,translate,"Թարգմանիր՝ "բաժնետեր"","shareholder",000262,NO
w9_l2,w9_l2_mc_24,multiple_choice,"Ընտրիր "ներդրում"-ի թարգմանությունը","investment",000266,NO
w9_l2,w9_l2_tr_24,translate,"Թարգմանիր՝ "ներդրում"","investment",000272,NO
w9_l2,w9_l2_match,match_pairs,"Կապիր հայերեն բառերը անգլերեն թարգմանությունների հետ","",020154,NO
w9_l3,w9_l3_mc_0,multiple_choice,"Ընտրիր "բիզնես"-ի թարգմանությունը","business",000026,NO
w9_l3,w9_l3_tr_0,translate,"Թարգմանիր՝ "բիզնես"","business",000032,NO
w9_l3,w9_l3_mc_1,multiple_choice,"Ընտրիր "ընկերություն"-ի թարգմանությունը","company",000036,NO
w9_l3,w9_l3_tr_1,translate,"Թարգմանիր՝ "ընկերություն"","company",000042,NO
w9_l3,w9_l3_mc_2,multiple_choice,"Ընտրիր "հաճախորդ"-ի թարգմանությունը","client",000046,NO
w9_l3,w9_l3_tr_2,translate,"Թարգմանիր՝ "հաճախորդ"","client",000052,NO
w9_l3,w9_l3_mc_3,multiple_choice,"Ընտրիր "շուկա"-ի թարգմանությունը","market",000056,NO
w9_l3,w9_l3_tr_3,translate,"Թարգմանիր՝ "շուկա"","market",000062,NO
w9_l3,w9_l3_mc_4,multiple_choice,"Ընտրիր "շահույթ"-ի թարգմանությունը","profit",000066,NO
w9_l3,w9_l3_tr_4,translate,"Թարգմանիր՝ "շահույթ"","profit",000072,NO
w9_l3,w9_l3_mc_5,multiple_choice,"Ընտրիր "ծախս"-ի թարգմանությունը","expense",000076,NO
w9_l3,w9_l3_tr_5,translate,"Թարգմանիր՝ "ծախս"","expense",000082,NO
w9_l3,w9_l3_mc_6,multiple_choice,"Ընտրիր "վարկ"-ի թարգմանությունը","loan",000086,NO
w9_l3,w9_l3_tr_6,translate,"Թարգմանիր՝ "վարկ"","loan",000092,NO
w9_l3,w9_l3_mc_7,multiple_choice,"Ընտրիր "ավանդ"-ի թարգմանությունը","deposit",000096,NO
w9_l3,w9_l3_tr_7,translate,"Թարգմանիր՝ "ավանդ"","deposit",000102,NO
w9_l3,w9_l3_mc_8,multiple_choice,"Ընտրիր "հաշիվ"-ի թարգմանությունը","account",000106,NO
w9_l3,w9_l3_tr_8,translate,"Թարգմանիր՝ "հաշիվ"","account",000112,NO
w9_l3,w9_l3_mc_9,multiple_choice,"Ընտրիր "հարկ"-ի թարգմանությունը","tax",000116,NO
w9_l3,w9_l3_tr_9,translate,"Թարգմանիր՝ "հարկ"","tax",000122,NO
w9_l3,w9_l3_mc_10,multiple_choice,"Ընտրիր "աշխատավարձ"-ի թարգմանությունը","salary",000126,NO
w9_l3,w9_l3_tr_10,translate,"Թարգմանիր՝ "աշխատավարձ"","salary",000132,NO
w9_l3,w9_l3_mc_11,multiple_choice,"Ընտրիր "բոնուս"-ի թարգմանությունը","bonus",000136,NO
w9_l3,w9_l3_tr_11,translate,"Թարգմանիր՝ "բոնուս"","bonus",000142,NO
w9_l3,w9_l3_mc_12,multiple_choice,"Ընտրիր "պայմանագիր"-ի թարգմանությունը","contract",000146,NO
w9_l3,w9_l3_tr_12,translate,"Թարգմանիր՝ "պայմանագիր"","contract",000152,NO
w9_l3,w9_l3_mc_13,multiple_choice,"Ընտրիր "կնիք"-ի թարգմանությունը","stamp",000156,NO
w9_l3,w9_l3_tr_13,translate,"Թարգմանիր՝ "կնիք"","stamp",000162,NO
w9_l3,w9_l3_mc_14,multiple_choice,"Ընտրիր "ստորագրություն"-ի թարգմանությունը","signature",000166,NO
w9_l3,w9_l3_tr_14,translate,"Թարգմանիր՝ "ստորագրություն"","signature",000172,NO
w9_l3,w9_l3_mc_15,multiple_choice,"Ընտրիր "հանդիպում"-ի թարգմանությունը","meeting",000176,NO
w9_l3,w9_l3_tr_15,translate,"Թարգմանիր՝ "հանդիպում"","meeting",000182,NO
w9_l3,w9_l3_mc_16,multiple_choice,"Ընտրիր "ներկայացում"-ի թարգմանությունը","presentation",000186,NO
w9_l3,w9_l3_tr_16,translate,"Թարգմանիր՝ "ներկայացում"","presentation",000192,NO
w9_l3,w9_l3_mc_17,multiple_choice,"Ընտրիր "վաճառք"-ի թարգմանությունը","sales",000196,NO
w9_l3,w9_l3_tr_17,translate,"Թարգմանիր՝ "վաճառք"","sales",000202,NO
w9_l3,w9_l3_mc_18,multiple_choice,"Ընտրիր "գովազդ"-ի թարգմանությունը","advertising",000206,NO
w9_l3,w9_l3_tr_18,translate,"Թարգմանիր՝ "գովազդ"","advertising",000212,NO
w9_l3,w9_l3_mc_19,multiple_choice,"Ընտրիր "ապրանք"-ի թարգմանությունը","product",000216,NO
w9_l3,w9_l3_tr_19,translate,"Թարգմանիր՝ "ապրանք"","product",000222,NO
w9_l3,w9_l3_mc_20,multiple_choice,"Ընտրիր "ծառայություն"-ի թարգմանությունը","service",000226,NO
w9_l3,w9_l3_tr_20,translate,"Թարգմանիր՝ "ծառայություն"","service",000232,NO
w9_l3,w9_l3_mc_21,multiple_choice,"Ընտրիր "մենեջեր"-ի թարգմանությունը","manager",000236,NO
w9_l3,w9_l3_tr_21,translate,"Թարգմանիր՝ "մենեջեր"","manager",000242,NO
w9_l3,w9_l3_mc_22,multiple_choice,"Ընտրիր "տնօրեն"-ի թարգմանությունը","director",000246,NO
w9_l3,w9_l3_tr_22,translate,"Թարգմանիր՝ "տնօրեն"","director",000252,NO
w9_l3,w9_l3_mc_23,multiple_choice,"Ընտրիր "բաժնետեր"-ի թարգմանությունը","shareholder",000256,NO
w9_l3,w9_l3_tr_23,translate,"Թարգմանիր՝ "բաժնետեր"","shareholder",000262,NO
w9_l3,w9_l3_mc_24,multiple_choice,"Ընտրիր "ներդրում"-ի թարգմանությունը","investment",000266,NO
w9_l3,w9_l3_tr_24,translate,"Թարգմանիր՝ "ներդրում"","investment",000272,NO
w9_l3,w9_l3_match,match_pairs,"Կապիր հայերեն բառերը անգլերեն թարգմանությունների հետ","",020433,NO
w9_l4,w9_l4_mc_0,multiple_choice,"Ընտրիր "բիզնես"-ի թարգմանությունը","business",000026,NO
w9_l4,w9_l4_tr_0,translate,"Թարգմանիր՝ "բիզնես"","business",000032,NO
w9_l4,w9_l4_mc_1,multiple_choice,"Ընտրիր "ընկերություն"-ի թարգմանությունը","company",000036,NO
w9_l4,w9_l4_tr_1,translate,"Թարգմանիր՝ "ընկերություն"","company",000042,NO
w9_l4,w9_l4_mc_2,multiple_choice,"Ընտրիր "հաճախորդ"-ի թարգմանությունը","client",000046,NO
w9_l4,w9_l4_tr_2,translate,"Թարգմանիր՝ "հաճախորդ"","client",000052,NO
w9_l4,w9_l4_mc_3,multiple_choice,"Ընտրիր "շուկա"-ի թարգմանությունը","market",000056,NO
w9_l4,w9_l4_tr_3,translate,"Թարգմանիր՝ "շուկա"","market",000062,NO
w9_l4,w9_l4_mc_4,multiple_choice,"Ընտրիր "շահույթ"-ի թարգմանությունը","profit",000066,NO
w9_l4,w9_l4_tr_4,translate,"Թարգմանիր՝ "շահույթ"","profit",000072,NO
w9_l4,w9_l4_mc_5,multiple_choice,"Ընտրիր "ծախս"-ի թարգմանությունը","expense",000076,NO
w9_l4,w9_l4_tr_5,translate,"Թարգմանիր՝ "ծախս"","expense",000082,NO
w9_l4,w9_l4_mc_6,multiple_choice,"Ընտրիր "վարկ"-ի թարգմանությունը","loan",000086,NO
w9_l4,w9_l4_tr_6,translate,"Թարգմանիր՝ "վարկ"","loan",000092,NO
w9_l4,w9_l4_mc_7,multiple_choice,"Ընտրիր "ավանդ"-ի թարգմանությունը","deposit",000096,NO
w9_l4,w9_l4_tr_7,translate,"Թարգմանիր՝ "ավանդ"","deposit",000102,NO
w9_l4,w9_l4_mc_8,multiple_choice,"Ընտրիր "հաշիվ"-ի թարգմանությունը","account",000106,NO
w9_l4,w9_l4_tr_8,translate,"Թարգմանիր՝ "հաշիվ"","account",000112,NO
w9_l4,w9_l4_mc_9,multiple_choice,"Ընտրիր "հարկ"-ի թարգմանությունը","tax",000116,NO
w9_l4,w9_l4_tr_9,translate,"Թարգմանիր՝ "հարկ"","tax",000122,NO
w9_l4,w9_l4_mc_10,multiple_choice,"Ընտրիր "աշխատավարձ"-ի թարգմանությունը","salary",000126,NO
w9_l4,w9_l4_tr_10,translate,"Թարգմանիր՝ "աշխատավարձ"","salary",000132,NO
w9_l4,w9_l4_mc_11,multiple_choice,"Ընտրիր "բոնուս"-ի թարգմանությունը","bonus",000136,NO
w9_l4,w9_l4_tr_11,translate,"Թարգմանիր՝ "բոնուս"","bonus",000142,NO
w9_l4,w9_l4_mc_12,multiple_choice,"Ընտրիր "պայմանագիր"-ի թարգմանությունը","contract",000146,NO
w9_l4,w9_l4_tr_12,translate,"Թարգմանիր՝ "պայմանագիր"","contract",000152,NO
w9_l4,w9_l4_mc_13,multiple_choice,"Ընտրիր "կնիք"-ի թարգմանությունը","stamp",000156,NO
w9_l4,w9_l4_tr_13,translate,"Թարգմանիր՝ "կնիք"","stamp",000162,NO
w9_l4,w9_l4_mc_14,multiple_choice,"Ընտրիր "ստորագրություն"-ի թարգմանությունը","signature",000166,NO
w9_l4,w9_l4_tr_14,translate,"Թարգմանիր՝ "ստորագրություն"","signature",000172,NO
w9_l4,w9_l4_mc_15,multiple_choice,"Ընտրիր "հանդիպում"-ի թարգմանությունը","meeting",000176,NO
w9_l4,w9_l4_tr_15,translate,"Թարգմանիր՝ "հանդիպում"","meeting",000182,NO
w9_l4,w9_l4_mc_16,multiple_choice,"Ընտրիր "ներկայացում"-ի թարգմանությունը","presentation",000186,NO
w9_l4,w9_l4_tr_16,translate,"Թարգմանիր՝ "ներկայացում"","presentation",000192,NO
w9_l4,w9_l4_mc_17,multiple_choice,"Ընտրիր "վաճառք"-ի թարգմանությունը","sales",000196,NO
w9_l4,w9_l4_tr_17,translate,"Թարգմանիր՝ "վաճառք"","sales",000202,NO
w9_l4,w9_l4_mc_18,multiple_choice,"Ընտրիր "գովազդ"-ի թարգմանությունը","advertising",000206,NO
w9_l4,w9_l4_tr_18,translate,"Թարգմանիր՝ "գովազդ"","advertising",000212,NO
w9_l4,w9_l4_mc_19,multiple_choice,"Ընտրիր "ապրանք"-ի թարգմանությունը","product",000216,NO
w9_l4,w9_l4_tr_19,translate,"Թարգմանիր՝ "ապրանք"","product",000222,NO
w9_l4,w9_l4_mc_20,multiple_choice,"Ընտրիր "ծառայություն"-ի թարգմանությունը","service",000226,NO
w9_l4,w9_l4_tr_20,translate,"Թարգմանիր՝ "ծառայություն"","service",000232,NO
w9_l4,w9_l4_mc_21,multiple_choice,"Ընտրիր "մենեջեր"-ի թարգմանությունը","manager",000236,NO
w9_l4,w9_l4_tr_21,translate,"Թարգմանիր՝ "մենեջեր"","manager",000242,NO
w9_l4,w9_l4_mc_22,multiple_choice,"Ընտրիր "տնօրեն"-ի թարգմանությունը","director",000246,NO
w9_l4,w9_l4_tr_22,translate,"Թարգմանիր՝ "տնօրեն"","director",000252,NO
w9_l4,w9_l4_mc_23,multiple_choice,"Ընտրիր "բաժնետեր"-ի թարգմանությունը","shareholder",000256,NO
w9_l4,w9_l4_tr_23,translate,"Թարգմանիր՝ "բաժնետեր"","shareholder",000262,NO
w9_l4,w9_l4_mc_24,multiple_choice,"Ընտրիր "ներդրում"-ի թարգմանությունը","investment",000266,NO
w9_l4,w9_l4_tr_24,translate,"Թարգմանիր՝ "ներդրում"","investment",000272,NO
w9_l4,w9_l4_match,match_pairs,"Կապիր հայերեն բառերը անգլերեն թարգմանությունների հետ","",020712,NO
w9_l5,w9_l5_mc_0,multiple_choice,"Ընտրիր "բիզնես"-ի թարգմանությունը","business",000026,NO
w9_l5,w9_l5_tr_0,translate,"Թարգմանիր՝ "բիզնես"","business",000032,NO
w9_l5,w9_l5_mc_1,multiple_choice,"Ընտրիր "ընկերություն"-ի թարգմանությունը","company",000036,NO
w9_l5,w9_l5_tr_1,translate,"Թարգմանիր՝ "ընկերություն"","company",000042,NO
w9_l5,w9_l5_mc_2,multiple_choice,"Ընտրիր "հաճախորդ"-ի թարգմանությունը","client",000046,NO
w9_l5,w9_l5_tr_2,translate,"Թարգմանիր՝ "հաճախորդ"","client",000052,NO
w9_l5,w9_l5_mc_3,multiple_choice,"Ընտրիր "շուկա"-ի թարգմանությունը","market",000056,NO
w9_l5,w9_l5_tr_3,translate,"Թարգմանիր՝ "շուկա"","market",000062,NO
w9_l5,w9_l5_mc_4,multiple_choice,"Ընտրիր "շահույթ"-ի թարգմանությունը","profit",000066,NO
w9_l5,w9_l5_tr_4,translate,"Թարգմանիր՝ "շահույթ"","profit",000072,NO
w9_l5,w9_l5_mc_5,multiple_choice,"Ընտրիր "ծախս"-ի թարգմանությունը","expense",000076,NO
w9_l5,w9_l5_tr_5,translate,"Թարգմանիր՝ "ծախս"","expense",000082,NO
w9_l5,w9_l5_mc_6,multiple_choice,"Ընտրիր "վարկ"-ի թարգմանությունը","loan",000086,NO
w9_l5,w9_l5_tr_6,translate,"Թարգմանիր՝ "վարկ"","loan",000092,NO
w9_l5,w9_l5_mc_7,multiple_choice,"Ընտրիր "ավանդ"-ի թարգմանությունը","deposit",000096,NO
w9_l5,w9_l5_tr_7,translate,"Թարգմանիր՝ "ավանդ"","deposit",000102,NO
w9_l5,w9_l5_mc_8,multiple_choice,"Ընտրիր "հաշիվ"-ի թարգմանությունը","account",000106,NO
w9_l5,w9_l5_tr_8,translate,"Թարգմանիր՝ "հաշիվ"","account",000112,NO
w9_l5,w9_l5_mc_9,multiple_choice,"Ընտրիր "հարկ"-ի թարգմանությունը","tax",000116,NO
w9_l5,w9_l5_tr_9,translate,"Թարգմանիր՝ "հարկ"","tax",000122,NO
w9_l5,w9_l5_mc_10,multiple_choice,"Ընտրիր "աշխատավարձ"-ի թարգմանությունը","salary",000126,NO
w9_l5,w9_l5_tr_10,translate,"Թարգմանիր՝ "աշխատավարձ"","salary",000132,NO
w9_l5,w9_l5_mc_11,multiple_choice,"Ընտրիր "բոնուս"-ի թարգմանությունը","bonus",000136,NO
w9_l5,w9_l5_tr_11,translate,"Թարգմանիր՝ "բոնուս"","bonus",000142,NO
w9_l5,w9_l5_mc_12,multiple_choice,"Ընտրիր "պայմանագիր"-ի թարգմանությունը","contract",000146,NO
w9_l5,w9_l5_tr_12,translate,"Թարգմանիր՝ "պայմանագիր"","contract",000152,NO
w9_l5,w9_l5_mc_13,multiple_choice,"Ընտրիր "կնիք"-ի թարգմանությունը","stamp",000156,NO
w9_l5,w9_l5_tr_13,translate,"Թարգմանիր՝ "կնիք"","stamp",000162,NO
w9_l5,w9_l5_mc_14,multiple_choice,"Ընտրիր "ստորագրություն"-ի թարգմանությունը","signature",000166,NO
w9_l5,w9_l5_tr_14,translate,"Թարգմանիր՝ "ստորագրություն"","signature",000172,NO
w9_l5,w9_l5_mc_15,multiple_choice,"Ընտրիր "հանդիպում"-ի թարգմանությունը","meeting",000176,NO
w9_l5,w9_l5_tr_15,translate,"Թարգմանիր՝ "հանդիպում"","meeting",000182,NO
w9_l5,w9_l5_mc_16,multiple_choice,"Ընտրիր "ներկայացում"-ի թարգմանությունը","presentation",000186,NO
w9_l5,w9_l5_tr_16,translate,"Թարգմանիր՝ "ներկայացում"","presentation",000192,NO
w9_l5,w9_l5_mc_17,multiple_choice,"Ընտրիր "վաճառք"-ի թարգմանությունը","sales",000196,NO
w9_l5,w9_l5_tr_17,translate,"Թարգմանիր՝ "վաճառք"","sales",000202,NO
w9_l5,w9_l5_mc_18,multiple_choice,"Ընտրիր "գովազդ"-ի թարգմանությունը","advertising",000206,NO
w9_l5,w9_l5_tr_18,translate,"Թարգմանիր՝ "գովազդ"","advertising",000212,NO
w9_l5,w9_l5_mc_19,multiple_choice,"Ընտրիր "ապրանք"-ի թարգմանությունը","product",000216,NO
w9_l5,w9_l5_tr_19,translate,"Թարգմանիր՝ "ապրանք"","product",000222,NO
w9_l5,w9_l5_mc_20,multiple_choice,"Ընտրիր "ծառայություն"-ի թարգմանությունը","service",000226,NO
w9_l5,w9_l5_tr_20,translate,"Թարգմանիր՝ "ծառայություն"","service",000232,NO
w9_l5,w9_l5_mc_21,multiple_choice,"Ընտրիր "մենեջեր"-ի թարգմանությունը","manager",000236,NO
w9_l5,w9_l5_tr_21,translate,"Թարգմանիր՝ "մենեջեր"","manager",000242,NO
w9_l5,w9_l5_mc_22,multiple_choice,"Ընտրիր "տնօրեն"-ի թարգմանությունը","director",000246,NO
w9_l5,w9_l5_tr_22,translate,"Թարգմանիր՝ "տնօրեն"","director",000252,NO
w9_l5,w9_l5_mc_23,multiple_choice,"Ընտրիր "բաժնետեր"-ի թարգմանությունը","shareholder",000256,NO
w9_l5,w9_l5_tr_23,translate,"Թարգմանիր՝ "բաժնետեր"","shareholder",000262,NO
w9_l5,w9_l5_mc_24,multiple_choice,"Ընտրիր "ներդրում"-ի թարգմանությունը","investment",000266,NO
w9_l5,w9_l5_tr_24,translate,"Թարգմանիր՝ "ներդրում"","investment",000272,NO
w9_l5,w9_l5_match,match_pairs,"Կապիր հայերեն բառերը անգլերեն թարգմանությունների հետ","",020991,NO
w9_l6,w9_l6_mc_0,multiple_choice,"Ընտրիր "բիզնես"-ի թարգմանությունը","business",000026,NO
w9_l6,w9_l6_tr_0,translate,"Թարգմանիր՝ "բիզնես"","business",000032,NO
w9_l6,w9_l6_mc_1,multiple_choice,"Ընտրիր "ընկերություն"-ի թարգմանությունը","company",000036,NO
w9_l6,w9_l6_tr_1,translate,"Թարգմանիր՝ "ընկերություն"","company",000042,NO
w9_l6,w9_l6_mc_2,multiple_choice,"Ընտրիր "հաճախորդ"-ի թարգմանությունը","client",000046,NO
w9_l6,w9_l6_tr_2,translate,"Թարգմանիր՝ "հաճախորդ"","client",000052,NO
w9_l6,w9_l6_mc_3,multiple_choice,"Ընտրիր "շուկա"-ի թարգմանությունը","market",000056,NO
w9_l6,w9_l6_tr_3,translate,"Թարգմանիր՝ "շուկա"","market",000062,NO
w9_l6,w9_l6_mc_4,multiple_choice,"Ընտրիր "շահույթ"-ի թարգմանությունը","profit",000066,NO
w9_l6,w9_l6_tr_4,translate,"Թարգմանիր՝ "շահույթ"","profit",000072,NO
w9_l6,w9_l6_mc_5,multiple_choice,"Ընտրիր "ծախս"-ի թարգմանությունը","expense",000076,NO
w9_l6,w9_l6_tr_5,translate,"Թարգմանիր՝ "ծախս"","expense",000082,NO
w9_l6,w9_l6_mc_6,multiple_choice,"Ընտրիր "վարկ"-ի թարգմանությունը","loan",000086,NO
w9_l6,w9_l6_tr_6,translate,"Թարգմանիր՝ "վարկ"","loan",000092,NO
w9_l6,w9_l6_mc_7,multiple_choice,"Ընտրիր "ավանդ"-ի թարգմանությունը","deposit",000096,NO
w9_l6,w9_l6_tr_7,translate,"Թարգմանիր՝ "ավանդ"","deposit",000102,NO
w9_l6,w9_l6_mc_8,multiple_choice,"Ընտրիր "հաշիվ"-ի թարգմանությունը","account",000106,NO
w9_l6,w9_l6_tr_8,translate,"Թարգմանիր՝ "հաշիվ"","account",000112,NO
w9_l6,w9_l6_mc_9,multiple_choice,"Ընտրիր "հարկ"-ի թարգմանությունը","tax",000116,NO
w9_l6,w9_l6_tr_9,translate,"Թարգմանիր՝ "հարկ"","tax",000122,NO
w9_l6,w9_l6_mc_10,multiple_choice,"Ընտրիր "աշխատավարձ"-ի թարգմանությունը","salary",000126,NO
w9_l6,w9_l6_tr_10,translate,"Թարգմանիր՝ "աշխատավարձ"","salary",000132,NO
w9_l6,w9_l6_mc_11,multiple_choice,"Ընտրիր "բոնուս"-ի թարգմանությունը","bonus",000136,NO
w9_l6,w9_l6_tr_11,translate,"Թարգմանիր՝ "բոնուս"","bonus",000142,NO
w9_l6,w9_l6_mc_12,multiple_choice,"Ընտրիր "պայմանագիր"-ի թարգմանությունը","contract",000146,NO
w9_l6,w9_l6_tr_12,translate,"Թարգմանիր՝ "պայմանագիր"","contract",000152,NO
w9_l6,w9_l6_mc_13,multiple_choice,"Ընտրիր "կնիք"-ի թարգմանությունը","stamp",000156,NO
w9_l6,w9_l6_tr_13,translate,"Թարգմանիր՝ "կնիք"","stamp",000162,NO
w9_l6,w9_l6_mc_14,multiple_choice,"Ընտրիր "ստորագրություն"-ի թարգմանությունը","signature",000166,NO
w9_l6,w9_l6_tr_14,translate,"Թարգմանիր՝ "ստորագրություն"","signature",000172,NO
w9_l6,w9_l6_mc_15,multiple_choice,"Ընտրիր "հանդիպում"-ի թարգմանությունը","meeting",000176,NO
w9_l6,w9_l6_tr_15,translate,"Թարգմանիր՝ "հանդիպում"","meeting",000182,NO
w9_l6,w9_l6_mc_16,multiple_choice,"Ընտրիր "ներկայացում"-ի թարգմանությունը","presentation",000186,NO
w9_l6,w9_l6_tr_16,translate,"Թարգմանիր՝ "ներկայացում"","presentation",000192,NO
w9_l6,w9_l6_mc_17,multiple_choice,"Ընտրիր "վաճառք"-ի թարգմանությունը","sales",000196,NO
w9_l6,w9_l6_tr_17,translate,"Թարգմանիր՝ "վաճառք"","sales",000202,NO
w9_l6,w9_l6_mc_18,multiple_choice,"Ընտրիր "գովազդ"-ի թարգմանությունը","advertising",000206,NO
w9_l6,w9_l6_tr_18,translate,"Թարգմանիր՝ "գովազդ"","advertising",000212,NO
w9_l6,w9_l6_mc_19,multiple_choice,"Ընտրիր "ապրանք"-ի թարգմանությունը","product",000216,NO
w9_l6,w9_l6_tr_19,translate,"Թարգմանիր՝ "ապրանք"","product",000222,NO
w9_l6,w9_l6_mc_20,multiple_choice,"Ընտրիր "ծառայություն"-ի թարգմանությունը","service",000226,NO
w9_l6,w9_l6_tr_20,translate,"Թարգմանիր՝ "ծառայություն"","service",000232,NO
w9_l6,w9_l6_mc_21,multiple_choice,"Ընտրիր "մենեջեր"-ի թարգմանությունը","manager",000236,NO
w9_l6,w9_l6_tr_21,translate,"Թարգմանիր՝ "մենեջեր"","manager",000242,NO
w9_l6,w9_l6_mc_22,multiple_choice,"Ընտրիր "տնօրեն"-ի թարգմանությունը","director",000246,NO
w9_l6,w9_l6_tr_22,translate,"Թարգմանիր՝ "տնօրեն"","director",000252,NO
w9_l6,w9_l6_mc_23,multiple_choice,"Ընտրիր "բաժնետեր"-ի թարգմանությունը","shareholder",000256,NO
w9_l6,w9_l6_tr_23,translate,"Թարգմանիր՝ "բաժնետեր"","shareholder",000262,NO
w9_l6,w9_l6_mc_24,multiple_choice,"Ընտրիր "ներդրում"-ի թարգմանությունը","investment",000266,NO
w9_l6,w9_l6_tr_24,translate,"Թարգմանիր՝ "ներդրում"","investment",000272,NO
w9_l6,w9_l6_match,match_pairs,"Կապիր հայերեն բառերը անգլերեն թարգմանությունների հետ","",021270,NO
w9_l7,w9_l7_mc_0,multiple_choice,"Ընտրիր "բիզնես"-ի թարգմանությունը","business",000026,NO
w9_l7,w9_l7_tr_0,translate,"Թարգմանիր՝ "բիզնես"","business",000032,NO
w9_l7,w9_l7_mc_1,multiple_choice,"Ընտրիր "ընկերություն"-ի թարգմանությունը","company",000036,NO
w9_l7,w9_l7_tr_1,translate,"Թարգմանիր՝ "ընկերություն"","company",000042,NO
w9_l7,w9_l7_mc_2,multiple_choice,"Ընտրիր "հաճախորդ"-ի թարգմանությունը","client",000046,NO
w9_l7,w9_l7_tr_2,translate,"Թարգմանիր՝ "հաճախորդ"","client",000052,NO
w9_l7,w9_l7_mc_3,multiple_choice,"Ընտրիր "շուկա"-ի թարգմանությունը","market",000056,NO
w9_l7,w9_l7_tr_3,translate,"Թարգմանիր՝ "շուկա"","market",000062,NO
w9_l7,w9_l7_mc_4,multiple_choice,"Ընտրիր "շահույթ"-ի թարգմանությունը","profit",000066,NO
w9_l7,w9_l7_tr_4,translate,"Թարգմանիր՝ "շահույթ"","profit",000072,NO
w9_l7,w9_l7_mc_5,multiple_choice,"Ընտրիր "ծախս"-ի թարգմանությունը","expense",000076,NO
w9_l7,w9_l7_tr_5,translate,"Թարգմանիր՝ "ծախս"","expense",000082,NO
w9_l7,w9_l7_mc_6,multiple_choice,"Ընտրիր "վարկ"-ի թարգմանությունը","loan",000086,NO
w9_l7,w9_l7_tr_6,translate,"Թարգմանիր՝ "վարկ"","loan",000092,NO
w9_l7,w9_l7_mc_7,multiple_choice,"Ընտրիր "ավանդ"-ի թարգմանությունը","deposit",000096,NO
w9_l7,w9_l7_tr_7,translate,"Թարգմանիր՝ "ավանդ"","deposit",000102,NO
w9_l7,w9_l7_mc_8,multiple_choice,"Ընտրիր "հաշիվ"-ի թարգմանությունը","account",000106,NO
w9_l7,w9_l7_tr_8,translate,"Թարգմանիր՝ "հաշիվ"","account",000112,NO
w9_l7,w9_l7_mc_9,multiple_choice,"Ընտրիր "հարկ"-ի թարգմանությունը","tax",000116,NO
w9_l7,w9_l7_tr_9,translate,"Թարգմանիր՝ "հարկ"","tax",000122,NO
w9_l7,w9_l7_mc_10,multiple_choice,"Ընտրիր "աշխատավարձ"-ի թարգմանությունը","salary",000126,NO
w9_l7,w9_l7_tr_10,translate,"Թարգմանիր՝ "աշխատավարձ"","salary",000132,NO
w9_l7,w9_l7_mc_11,multiple_choice,"Ընտրիր "բոնուս"-ի թարգմանությունը","bonus",000136,NO
w9_l7,w9_l7_tr_11,translate,"Թարգմանիր՝ "բոնուս"","bonus",000142,NO
w9_l7,w9_l7_mc_12,multiple_choice,"Ընտրիր "պայմանագիր"-ի թարգմանությունը","contract",000146,NO
w9_l7,w9_l7_tr_12,translate,"Թարգմանիր՝ "պայմանագիր"","contract",000152,NO
w9_l7,w9_l7_mc_13,multiple_choice,"Ընտրիր "կնիք"-ի թարգմանությունը","stamp",000156,NO
w9_l7,w9_l7_tr_13,translate,"Թարգմանիր՝ "կնիք"","stamp",000162,NO
w9_l7,w9_l7_mc_14,multiple_choice,"Ընտրիր "ստորագրություն"-ի թարգմանությունը","signature",000166,NO
w9_l7,w9_l7_tr_14,translate,"Թարգմանիր՝ "ստորագրություն"","signature",000172,NO
w9_l7,w9_l7_mc_15,multiple_choice,"Ընտրիր "հանդիպում"-ի թարգմանությունը","meeting",000176,NO
w9_l7,w9_l7_tr_15,translate,"Թարգմանիր՝ "հանդիպում"","meeting",000182,NO
w9_l7,w9_l7_mc_16,multiple_choice,"Ընտրիր "ներկայացում"-ի թարգմանությունը","presentation",000186,NO
w9_l7,w9_l7_tr_16,translate,"Թարգմանիր՝ "ներկայացում"","presentation",000192,NO
w9_l7,w9_l7_mc_17,multiple_choice,"Ընտրիր "վաճառք"-ի թարգմանությունը","sales",000196,NO
w9_l7,w9_l7_tr_17,translate,"Թարգմանիր՝ "վաճառք"","sales",000202,NO
w9_l7,w9_l7_mc_18,multiple_choice,"Ընտրիր "գովազդ"-ի թարգմանությունը","advertising",000206,NO
w9_l7,w9_l7_tr_18,translate,"Թարգմանիր՝ "գովազդ"","advertising",000212,NO
w9_l7,w9_l7_mc_19,multiple_choice,"Ընտրիր "ապրանք"-ի թարգմանությունը","product",000216,NO
w9_l7,w9_l7_tr_19,translate,"Թարգմանիր՝ "ապրանք"","product",000222,NO
w9_l7,w9_l7_mc_20,multiple_choice,"Ընտրիր "ծառայություն"-ի թարգմանությունը","service",000226,NO
w9_l7,w9_l7_tr_20,translate,"Թարգմանիր՝ "ծառայություն"","service",000232,NO
w9_l7,w9_l7_mc_21,multiple_choice,"Ընտրիր "մենեջեր"-ի թարգմանությունը","manager",000236,NO
w9_l7,w9_l7_tr_21,translate,"Թարգմանիր՝ "մենեջեր"","manager",000242,NO
w9_l7,w9_l7_mc_22,multiple_choice,"Ընտրիր "տնօրեն"-ի թարգմանությունը","director",000246,NO
w9_l7,w9_l7_tr_22,translate,"Թարգմանիր՝ "տնօրեն"","director",000252,NO
w9_l7,w9_l7_mc_23,multiple_choice,"Ընտրիր "բաժնետեր"-ի թարգմանությունը","shareholder",000256,NO
w9_l7,w9_l7_tr_23,translate,"Թարգմանիր՝ "բաժնետեր"","shareholder",000262,NO
w9_l7,w9_l7_mc_24,multiple_choice,"Ընտրիր "ներդրում"-ի թարգմանությունը","investment",000266,NO
w9_l7,w9_l7_tr_24,translate,"Թարգմանիր՝ "ներդրում"","investment",000272,NO
w9_l7,w9_l7_match,match_pairs,"Կապիր հայերեն բառերը անգլերեն թարգմանությունների հետ","",021549,NO
w9_l8,w9_l8_mc_0,multiple_choice,"Ընտրիր "բիզնես"-ի թարգմանությունը","business",000026,NO
w9_l8,w9_l8_tr_0,translate,"Թարգմանիր՝ "բիզնես"","business",000032,NO
w9_l8,w9_l8_mc_1,multiple_choice,"Ընտրիր "ընկերություն"-ի թարգմանությունը","company",000036,NO
w9_l8,w9_l8_tr_1,translate,"Թարգմանիր՝ "ընկերություն"","company",000042,NO
w9_l8,w9_l8_mc_2,multiple_choice,"Ընտրիր "հաճախորդ"-ի թարգմանությունը","client",000046,NO
w9_l8,w9_l8_tr_2,translate,"Թարգմանիր՝ "հաճախորդ"","client",000052,NO
w9_l8,w9_l8_mc_3,multiple_choice,"Ընտրիր "շուկա"-ի թարգմանությունը","market",000056,NO
w9_l8,w9_l8_tr_3,translate,"Թարգմանիր՝ "շուկա"","market",000062,NO
w9_l8,w9_l8_mc_4,multiple_choice,"Ընտրիր "շահույթ"-ի թարգմանությունը","profit",000066,NO
w9_l8,w9_l8_tr_4,translate,"Թարգմանիր՝ "շահույթ"","profit",000072,NO
w9_l8,w9_l8_mc_5,multiple_choice,"Ընտրիր "ծախս"-ի թարգմանությունը","expense",000076,NO
w9_l8,w9_l8_tr_5,translate,"Թարգմանիր՝ "ծախս"","expense",000082,NO
w9_l8,w9_l8_mc_6,multiple_choice,"Ընտրիր "վարկ"-ի թարգմանությունը","loan",000086,NO
w9_l8,w9_l8_tr_6,translate,"Թարգմանիր՝ "վարկ"","loan",000092,NO
w9_l8,w9_l8_mc_7,multiple_choice,"Ընտրիր "ավանդ"-ի թարգմանությունը","deposit",000096,NO
w9_l8,w9_l8_tr_7,translate,"Թարգմանիր՝ "ավանդ"","deposit",000102,NO
w9_l8,w9_l8_mc_8,multiple_choice,"Ընտրիր "հաշիվ"-ի թարգմանությունը","account",000106,NO
w9_l8,w9_l8_tr_8,translate,"Թարգմանիր՝ "հաշիվ"","account",000112,NO
w9_l8,w9_l8_mc_9,multiple_choice,"Ընտրիր "հարկ"-ի թարգմանությունը","tax",000116,NO
w9_l8,w9_l8_tr_9,translate,"Թարգմանիր՝ "հարկ"","tax",000122,NO
w9_l8,w9_l8_mc_10,multiple_choice,"Ընտրիր "աշխատավարձ"-ի թարգմանությունը","salary",000126,NO
w9_l8,w9_l8_tr_10,translate,"Թարգմանիր՝ "աշխատավարձ"","salary",000132,NO
w9_l8,w9_l8_mc_11,multiple_choice,"Ընտրիր "բոնուս"-ի թարգմանությունը","bonus",000136,NO
w9_l8,w9_l8_tr_11,translate,"Թարգմանիր՝ "բոնուս"","bonus",000142,NO
w9_l8,w9_l8_mc_12,multiple_choice,"Ընտրիր "պայմանագիր"-ի թարգմանությունը","contract",000146,NO
w9_l8,w9_l8_tr_12,translate,"Թարգմանիր՝ "պայմանագիր"","contract",000152,NO
w9_l8,w9_l8_mc_13,multiple_choice,"Ընտրիր "կնիք"-ի թարգմանությունը","stamp",000156,NO
w9_l8,w9_l8_tr_13,translate,"Թարգմանիր՝ "կնիք"","stamp",000162,NO
w9_l8,w9_l8_mc_14,multiple_choice,"Ընտրիր "ստորագրություն"-ի թարգմանությունը","signature",000166,NO
w9_l8,w9_l8_tr_14,translate,"Թարգմանիր՝ "ստորագրություն"","signature",000172,NO
w9_l8,w9_l8_mc_15,multiple_choice,"Ընտրիր "հանդիպում"-ի թարգմանությունը","meeting",000176,NO
w9_l8,w9_l8_tr_15,translate,"Թարգմանիր՝ "հանդիպում"","meeting",000182,NO
w9_l8,w9_l8_mc_16,multiple_choice,"Ընտրիր "ներկայացում"-ի թարգմանությունը","presentation",000186,NO
w9_l8,w9_l8_tr_16,translate,"Թարգմանիր՝ "ներկայացում"","presentation",000192,NO
w9_l8,w9_l8_mc_17,multiple_choice,"Ընտրիր "վաճառք"-ի թարգմանությունը","sales",000196,NO
w9_l8,w9_l8_tr_17,translate,"Թարգմանիր՝ "վաճառք"","sales",000202,NO
w9_l8,w9_l8_mc_18,multiple_choice,"Ընտրիր "գովազդ"-ի թարգմանությունը","advertising",000206,NO
w9_l8,w9_l8_tr_18,translate,"Թարգմանիր՝ "գովազդ"","advertising",000212,NO
w9_l8,w9_l8_mc_19,multiple_choice,"Ընտրիր "ապրանք"-ի թարգմանությունը","product",000216,NO
w9_l8,w9_l8_tr_19,translate,"Թարգմանիր՝ "ապրանք"","product",000222,NO
w9_l8,w9_l8_mc_20,multiple_choice,"Ընտրիր "ծառայություն"-ի թարգմանությունը","service",000226,NO
w9_l8,w9_l8_tr_20,translate,"Թարգմանիր՝ "ծառայություն"","service",000232,NO
w9_l8,w9_l8_mc_21,multiple_choice,"Ընտրիր "մենեջեր"-ի թարգմանությունը","manager",000236,NO
w9_l8,w9_l8_tr_21,translate,"Թարգմանիր՝ "մենեջեր"","manager",000242,NO
w9_l8,w9_l8_mc_22,multiple_choice,"Ընտրիր "տնօրեն"-ի թարգմանությունը","director",000246,NO
w9_l8,w9_l8_tr_22,translate,"Թարգմանիր՝ "տնօրեն"","director",000252,NO
w9_l8,w9_l8_mc_23,multiple_choice,"Ընտրիր "բաժնետեր"-ի թարգմանությունը","shareholder",000256,NO
w9_l8,w9_l8_tr_23,translate,"Թարգմանիր՝ "բաժնետեր"","shareholder",000262,NO
w9_l8,w9_l8_mc_24,multiple_choice,"Ընտրիր "ներդրում"-ի թարգմանությունը","investment",000266,NO
w9_l8,w9_l8_tr_24,translate,"Թարգմանիր՝ "ներդրում"","investment",000272,NO
w9_l8,w9_l8_match,match_pairs,"Կապիր հայերեն բառերը անգլերեն թարգմանությունների հետ","",021828,NO
w9_l9,w9_l9_mc_0,multiple_choice,"Ընտրիր "բիզնես"-ի թարգմանությունը","business",000026,NO
w9_l9,w9_l9_tr_0,translate,"Թարգմանիր՝ "բիզնես"","business",000032,NO
w9_l9,w9_l9_mc_1,multiple_choice,"Ընտրիր "ընկերություն"-ի թարգմանությունը","company",000036,NO
w9_l9,w9_l9_tr_1,translate,"Թարգմանիր՝ "ընկերություն"","company",000042,NO
w9_l9,w9_l9_mc_2,multiple_choice,"Ընտրիր "հաճախորդ"-ի թարգմանությունը","client",000046,NO
w9_l9,w9_l9_tr_2,translate,"Թարգմանիր՝ "հաճախորդ"","client",000052,NO
w9_l9,w9_l9_mc_3,multiple_choice,"Ընտրիր "շուկա"-ի թարգմանությունը","market",000056,NO
w9_l9,w9_l9_tr_3,translate,"Թարգմանիր՝ "շուկա"","market",000062,NO
w9_l9,w9_l9_mc_4,multiple_choice,"Ընտրիր "շահույթ"-ի թարգմանությունը","profit",000066,NO
w9_l9,w9_l9_tr_4,translate,"Թարգմանիր՝ "շահույթ"","profit",000072,NO
w9_l9,w9_l9_mc_5,multiple_choice,"Ընտրիր "ծախս"-ի թարգմանությունը","expense",000076,NO
w9_l9,w9_l9_tr_5,translate,"Թարգմանիր՝ "ծախս"","expense",000082,NO
w9_l9,w9_l9_mc_6,multiple_choice,"Ընտրիր "վարկ"-ի թարգմանությունը","loan",000086,NO
w9_l9,w9_l9_tr_6,translate,"Թարգմանիր՝ "վարկ"","loan",000092,NO
w9_l9,w9_l9_mc_7,multiple_choice,"Ընտրիր "ավանդ"-ի թարգմանությունը","deposit",000096,NO
w9_l9,w9_l9_tr_7,translate,"Թարգմանիր՝ "ավանդ"","deposit",000102,NO
w9_l9,w9_l9_mc_8,multiple_choice,"Ընտրիր "հաշիվ"-ի թարգմանությունը","account",000106,NO
w9_l9,w9_l9_tr_8,translate,"Թարգմանիր՝ "հաշիվ"","account",000112,NO
w9_l9,w9_l9_mc_9,multiple_choice,"Ընտրիր "հարկ"-ի թարգմանությունը","tax",000116,NO
w9_l9,w9_l9_tr_9,translate,"Թարգմանիր՝ "հարկ"","tax",000122,NO
w9_l9,w9_l9_mc_10,multiple_choice,"Ընտրիր "աշխատավարձ"-ի թարգմանությունը","salary",000126,NO
w9_l9,w9_l9_tr_10,translate,"Թարգմանիր՝ "աշխատավարձ"","salary",000132,NO
w9_l9,w9_l9_mc_11,multiple_choice,"Ընտրիր "բոնուս"-ի թարգմանությունը","bonus",000136,NO
w9_l9,w9_l9_tr_11,translate,"Թարգմանիր՝ "բոնուս"","bonus",000142,NO
w9_l9,w9_l9_mc_12,multiple_choice,"Ընտրիր "պայմանագիր"-ի թարգմանությունը","contract",000146,NO
w9_l9,w9_l9_tr_12,translate,"Թարգմանիր՝ "պայմանագիր"","contract",000152,NO
w9_l9,w9_l9_mc_13,multiple_choice,"Ընտրիր "կնիք"-ի թարգմանությունը","stamp",000156,NO
w9_l9,w9_l9_tr_13,translate,"Թարգմանիր՝ "կնիք"","stamp",000162,NO
w9_l9,w9_l9_mc_14,multiple_choice,"Ընտրիր "ստորագրություն"-ի թարգմանությունը","signature",000166,NO
w9_l9,w9_l9_tr_14,translate,"Թարգմանիր՝ "ստորագրություն"","signature",000172,NO
w9_l9,w9_l9_mc_15,multiple_choice,"Ընտրիր "հանդիպում"-ի թարգմանությունը","meeting",000176,NO
w9_l9,w9_l9_tr_15,translate,"Թարգմանիր՝ "հանդիպում"","meeting",000182,NO
w9_l9,w9_l9_mc_16,multiple_choice,"Ընտրիր "ներկայացում"-ի թարգմանությունը","presentation",000186,NO
w9_l9,w9_l9_tr_16,translate,"Թարգմանիր՝ "ներկայացում"","presentation",000192,NO
w9_l9,w9_l9_mc_17,multiple_choice,"Ընտրիր "վաճառք"-ի թարգմանությունը","sales",000196,NO
w9_l9,w9_l9_tr_17,translate,"Թարգմանիր՝ "վաճառք"","sales",000202,NO
w9_l9,w9_l9_mc_18,multiple_choice,"Ընտրիր "գովազդ"-ի թարգմանությունը","advertising",000206,NO
w9_l9,w9_l9_tr_18,translate,"Թարգմանիր՝ "գովազդ"","advertising",000212,NO
w9_l9,w9_l9_mc_19,multiple_choice,"Ընտրիր "ապրանք"-ի թարգմանությունը","product",000216,NO
w9_l9,w9_l9_tr_19,translate,"Թարգմանիր՝ "ապրանք"","product",000222,NO
w9_l9,w9_l9_mc_20,multiple_choice,"Ընտրիր "ծառայություն"-ի թարգմանությունը","service",000226,NO
w9_l9,w9_l9_tr_20,translate,"Թարգմանիր՝ "ծառայություն"","service",000232,NO
w9_l9,w9_l9_mc_21,multiple_choice,"Ընտրիր "մենեջեր"-ի թարգմանությունը","manager",000236,NO
w9_l9,w9_l9_tr_21,translate,"Թարգմանիր՝ "մենեջեր"","manager",000242,NO
w9_l9,w9_l9_mc_22,multiple_choice,"Ընտրիր "տնօրեն"-ի թարգմանությունը","director",000246,NO
w9_l9,w9_l9_tr_22,translate,"Թարգմանիր՝ "տնօրեն"","director",000252,NO
w9_l9,w9_l9_mc_23,multiple_choice,"Ընտրիր "բաժնետեր"-ի թարգմանությունը","shareholder",000256,NO
w9_l9,w9_l9_tr_23,translate,"Թարգմանիր՝ "բաժնետեր"","shareholder",000262,NO
w9_l9,w9_l9_mc_24,multiple_choice,"Ընտրիր "ներդրում"-ի թարգմանությունը","investment",000266,NO
w9_l9,w9_l9_tr_24,translate,"Թարգմանիր՝ "ներդրում"","investment",000272,NO
w9_l9,w9_l9_match,match_pairs,"Կապիր հայերեն բառերը անգլերեն թարգմանությունների հետ","",022107,NO
w9_l10,w9_l10_mc_0,multiple_choice,"Ընտրիր "բիզնես"-ի թարգմանությունը","business",000026,NO
w9_l10,w9_l10_tr_0,translate,"Թարգմանիր՝ "բիզնես"","business",000032,NO
w9_l10,w9_l10_mc_1,multiple_choice,"Ընտրիր "ընկերություն"-ի թարգմանությունը","company",000036,NO
w9_l10,w9_l10_tr_1,translate,"Թարգմանիր՝ "ընկերություն"","company",000042,NO
w9_l10,w9_l10_mc_2,multiple_choice,"Ընտրիր "հաճախորդ"-ի թարգմանությունը","client",000046,NO
w9_l10,w9_l10_tr_2,translate,"Թարգմանիր՝ "հաճախորդ"","client",000052,NO
w9_l10,w9_l10_mc_3,multiple_choice,"Ընտրիր "շուկա"-ի թարգմանությունը","market",000056,NO
w9_l10,w9_l10_tr_3,translate,"Թարգմանիր՝ "շուկա"","market",000062,NO
w9_l10,w9_l10_mc_4,multiple_choice,"Ընտրիր "շահույթ"-ի թարգմանությունը","profit",000066,NO
w9_l10,w9_l10_tr_4,translate,"Թարգմանիր՝ "շահույթ"","profit",000072,NO
w9_l10,w9_l10_mc_5,multiple_choice,"Ընտրիր "ծախս"-ի թարգմանությունը","expense",000076,NO
w9_l10,w9_l10_tr_5,translate,"Թարգմանիր՝ "ծախս"","expense",000082,NO
w9_l10,w9_l10_mc_6,multiple_choice,"Ընտրիր "վարկ"-ի թարգմանությունը","loan",000086,NO
w9_l10,w9_l10_tr_6,translate,"Թարգմանիր՝ "վարկ"","loan",000092,NO
w9_l10,w9_l10_mc_7,multiple_choice,"Ընտրիր "ավանդ"-ի թարգմանությունը","deposit",000096,NO
w9_l10,w9_l10_tr_7,translate,"Թարգմանիր՝ "ավանդ"","deposit",000102,NO
w9_l10,w9_l10_mc_8,multiple_choice,"Ընտրիր "հաշիվ"-ի թարգմանությունը","account",000106,NO
w9_l10,w9_l10_tr_8,translate,"Թարգմանիր՝ "հաշիվ"","account",000112,NO
w9_l10,w9_l10_mc_9,multiple_choice,"Ընտրիր "հարկ"-ի թարգմանությունը","tax",000116,NO
w9_l10,w9_l10_tr_9,translate,"Թարգմանիր՝ "հարկ"","tax",000122,NO
w9_l10,w9_l10_mc_10,multiple_choice,"Ընտրիր "աշխատավարձ"-ի թարգմանությունը","salary",000126,NO
w9_l10,w9_l10_tr_10,translate,"Թարգմանիր՝ "աշխատավարձ"","salary",000132,NO
w9_l10,w9_l10_mc_11,multiple_choice,"Ընտրիր "բոնուս"-ի թարգմանությունը","bonus",000136,NO
w9_l10,w9_l10_tr_11,translate,"Թարգմանիր՝ "բոնուս"","bonus",000142,NO
w9_l10,w9_l10_mc_12,multiple_choice,"Ընտրիր "պայմանագիր"-ի թարգմանությունը","contract",000146,NO
w9_l10,w9_l10_tr_12,translate,"Թարգմանիր՝ "պայմանագիր"","contract",000152,NO
w9_l10,w9_l10_mc_13,multiple_choice,"Ընտրիր "կնիք"-ի թարգմանությունը","stamp",000156,NO
w9_l10,w9_l10_tr_13,translate,"Թարգմանիր՝ "կնիք"","stamp",000162,NO
w9_l10,w9_l10_mc_14,multiple_choice,"Ընտրիր "ստորագրություն"-ի թարգմանությունը","signature",000166,NO
w9_l10,w9_l10_tr_14,translate,"Թարգմանիր՝ "ստորագրություն"","signature",000172,NO
w9_l10,w9_l10_mc_15,multiple_choice,"Ընտրիր "հանդիպում"-ի թարգմանությունը","meeting",000176,NO
w9_l10,w9_l10_tr_15,translate,"Թարգմանիր՝ "հանդիպում"","meeting",000182,NO
w9_l10,w9_l10_mc_16,multiple_choice,"Ընտրիր "ներկայացում"-ի թարգմանությունը","presentation",000186,NO
w9_l10,w9_l10_tr_16,translate,"Թարգմանիր՝ "ներկայացում"","presentation",000192,NO
w9_l10,w9_l10_mc_17,multiple_choice,"Ընտրիր "վաճառք"-ի թարգմանությունը","sales",000196,NO
w9_l10,w9_l10_tr_17,translate,"Թարգմանիր՝ "վաճառք"","sales",000202,NO
w9_l10,w9_l10_mc_18,multiple_choice,"Ընտրիր "գովազդ"-ի թարգմանությունը","advertising",000206,NO
w9_l10,w9_l10_tr_18,translate,"Թարգմանիր՝ "գովազդ"","advertising",000212,NO
w9_l10,w9_l10_mc_19,multiple_choice,"Ընտրիր "ապրանք"-ի թարգմանությունը","product",000216,NO
w9_l10,w9_l10_tr_19,translate,"Թարգմանիր՝ "ապրանք"","product",000222,NO
w9_l10,w9_l10_mc_20,multiple_choice,"Ընտրիր "ծառայություն"-ի թարգմանությունը","service",000226,NO
w9_l10,w9_l10_tr_20,translate,"Թարգմանիր՝ "ծառայություն"","service",000232,NO
w9_l10,w9_l10_mc_21,multiple_choice,"Ընտրիր "մենեջեր"-ի թարգմանությունը","manager",000236,NO
w9_l10,w9_l10_tr_21,translate,"Թարգմանիր՝ "մենեջեր"","manager",000242,NO
w9_l10,w9_l10_mc_22,multiple_choice,"Ընտրիր "տնօրեն"-ի թարգմանությունը","director",000246,NO
w9_l10,w9_l10_tr_22,translate,"Թարգմանիր՝ "տնօրեն"","director",000252,NO
w9_l10,w9_l10_mc_23,multiple_choice,"Ընտրիր "բաժնետեր"-ի թարգմանությունը","shareholder",000256,NO
w9_l10,w9_l10_tr_23,translate,"Թարգմանիր՝ "բաժնետեր"","shareholder",000262,NO
w9_l10,w9_l10_mc_24,multiple_choice,"Ընտրիր "ներդրում"-ի թարգմանությունը","investment",000266,NO
w9_l10,w9_l10_tr_24,translate,"Թարգմանիր՝ "ներդրում"","investment",000272,NO
w9_l10,w9_l10_match,match_pairs,"Կապիր հայերեն բառերը անգլերեն թարգմանությունների հետ","",022386,NO
w10_l1,w10_l1_mc_0,multiple_choice,"Ընտրիր "արվեստ"-ի թարգմանությունը","art",000026,NO
w10_l1,w10_l1_tr_0,translate,"Թարգմանիր՝ "արվեստ"","art",000032,NO
w10_l1,w10_l1_mc_1,multiple_choice,"Ընտրիր "նկարիչ"-ի թարգմանությունը","artist",000036,NO
w10_l1,w10_l1_tr_1,translate,"Թարգմանիր՝ "նկարիչ"","artist",000042,NO
w10_l1,w10_l1_mc_2,multiple_choice,"Ընտրիր "գործ"-ի թարգմանությունը","work (art)",000046,NO
w10_l1,w10_l1_tr_2,translate,"Թարգմանիր՝ "գործ"","work (art)",000052,NO
w10_l1,w10_l1_mc_3,multiple_choice,"Ընտրիր "ցուցահանդես"-ի թարգմանությունը","exhibition",000056,NO
w10_l1,w10_l1_tr_3,translate,"Թարգմանիր՝ "ցուցահանդես"","exhibition",000062,NO
w10_l1,w10_l1_mc_4,multiple_choice,"Ընտրիր "թանգարան"-ի թարգմանությունը","museum",000066,NO
w10_l1,w10_l1_tr_4,translate,"Թարգմանիր՝ "թանգարան"","museum",000072,NO
w10_l1,w10_l1_mc_5,multiple_choice,"Ընտրիր "պատկերասրահ"-ի թարգմանությունը","gallery",000076,NO
w10_l1,w10_l1_tr_5,translate,"Թարգմանիր՝ "պատկերասրահ"","gallery",000082,NO
w10_l1,w10_l1_mc_6,multiple_choice,"Ընտրիր "գեղեցկություն"-ի թարգմանությունը","beauty",000086,NO
w10_l1,w10_l1_tr_6,translate,"Թարգմանիր՝ "գեղեցկություն"","beauty",000092,NO
w10_l1,w10_l1_mc_7,multiple_choice,"Ընտրիր "ոգեշնչում"-ի թարգմանությունը","inspiration",000096,NO
w10_l1,w10_l1_tr_7,translate,"Թարգմանիր՝ "ոգեշնչում"","inspiration",000102,NO
w10_l1,w10_l1_mc_8,multiple_choice,"Ընտրիր "ստեղծագործել"-ի թարգմանությունը","to create",000106,NO
w10_l1,w10_l1_tr_8,translate,"Թարգմանիր՝ "ստեղծագործել"","to create",000112,NO
w10_l1,w10_l1_mc_9,multiple_choice,"Ընտրիր "արտահայտել"-ի թարգմանությունը","to express",000116,NO
w10_l1,w10_l1_tr_9,translate,"Թարգմանիր՝ "արտահայտել"","to express",000122,NO
w10_l1,w10_l1_mc_10,multiple_choice,"Ընտրիր "զգացմունք"-ի թարգմանությունը","emotion",000126,NO
w10_l1,w10_l1_tr_10,translate,"Թարգմանիր՝ "զգացմունք"","emotion",000132,NO
w10_l1,w10_l1_mc_11,multiple_choice,"Ընտրիր "գաղափար"-ի թարգմանությունը","idea",000136,NO
w10_l1,w10_l1_tr_11,translate,"Թարգմանիր՝ "գաղափար"","idea",000142,NO
w10_l1,w10_l1_mc_12,multiple_choice,"Ընտրիր "ոճ"-ի թարգմանությունը","style",000146,NO
w10_l1,w10_l1_tr_12,translate,"Թարգմանիր՝ "ոճ"","style",000152,NO
w10_l1,w10_l1_mc_13,multiple_choice,"Ընտրիր "դասական"-ի թարգմանությունը","classical",000156,NO
w10_l1,w10_l1_tr_13,translate,"Թարգմանիր՝ "դասական"","classical",000162,NO
w10_l1,w10_l1_mc_14,multiple_choice,"Ընտրիր "ժամանակակից"-ի թարգմանությունը","modern",000166,NO
w10_l1,w10_l1_tr_14,translate,"Թարգմանիր՝ "ժամանակակից"","modern",000172,NO
w10_l1,w10_l1_mc_15,multiple_choice,"Ընտրիր "վեպ"-ի թարգմանությունը","novel",000176,NO
w10_l1,w10_l1_tr_15,translate,"Թարգմանիր՝ "վեպ"","novel",000182,NO
w10_l1,w10_l1_mc_16,multiple_choice,"Ընտրիր "բանաստեղծություն"-ի թարգմանությունը","poem",000186,NO
w10_l1,w10_l1_tr_16,translate,"Թարգմանիր՝ "բանաստեղծություն"","poem",000192,NO
w10_l1,w10_l1_mc_17,multiple_choice,"Ընտրիր "դերասան"-ի թարգմանությունը","actor",000196,NO
w10_l1,w10_l1_tr_17,translate,"Թարգմանիր՝ "դերասան"","actor",000202,NO
w10_l1,w10_l1_mc_18,multiple_choice,"Ընտրիր "ֆիլմ"-ի թարգմանությունը","film",000206,NO
w10_l1,w10_l1_tr_18,translate,"Թարգմանիր՝ "ֆիլմ"","film",000212,NO
w10_l1,w10_l1_mc_19,multiple_choice,"Ընտրիր "ռեժիսոր"-ի թարգմանությունը","director",000216,NO
w10_l1,w10_l1_tr_19,translate,"Թարգմանիր՝ "ռեժիսոր"","director",000222,NO
w10_l1,w10_l1_mc_20,multiple_choice,"Ընտրիր "դեր"-ի թարգմանությունը","role",000226,NO
w10_l1,w10_l1_tr_20,translate,"Թարգմանիր՝ "դեր"","role",000232,NO
w10_l1,w10_l1_mc_21,multiple_choice,"Ընտրիր "բեմ"-ի թարգմանությունը","stage",000236,NO
w10_l1,w10_l1_tr_21,translate,"Թարգմանիր՝ "բեմ"","stage",000242,NO
w10_l1,w10_l1_mc_22,multiple_choice,"Ընտրիր "հանդիսատես"-ի թարգմանությունը","audience",000246,NO
w10_l1,w10_l1_tr_22,translate,"Թարգմանիր՝ "հանդիսատես"","audience",000252,NO
w10_l1,w10_l1_mc_23,multiple_choice,"Ընտրիր "քննադատ"-ի թարգմանությունը","critic",000256,NO
w10_l1,w10_l1_tr_23,translate,"Թարգմանիր՝ "քննադատ"","critic",000262,NO
w10_l1,w10_l1_mc_24,multiple_choice,"Ընտրիր "գլուխգործոց"-ի թարգմանությունը","masterpiece",000266,NO
w10_l1,w10_l1_tr_24,translate,"Թարգմանիր՝ "գլուխգործոց"","masterpiece",000272,NO
w10_l1,w10_l1_match,match_pairs,"Կապիր հայերեն բառերը անգլերեն թարգմանությունների հետ","",022665,NO
w10_l2,w10_l2_mc_0,multiple_choice,"Ընտրիր "արվեստ"-ի թարգմանությունը","art",000026,NO
w10_l2,w10_l2_tr_0,translate,"Թարգմանիր՝ "արվեստ"","art",000032,NO
w10_l2,w10_l2_mc_1,multiple_choice,"Ընտրիր "նկարիչ"-ի թարգմանությունը","artist",000036,NO
w10_l2,w10_l2_tr_1,translate,"Թարգմանիր՝ "նկարիչ"","artist",000042,NO
w10_l2,w10_l2_mc_2,multiple_choice,"Ընտրիր "գործ"-ի թարգմանությունը","work (art)",000046,NO
w10_l2,w10_l2_tr_2,translate,"Թարգմանիր՝ "գործ"","work (art)",000052,NO
w10_l2,w10_l2_mc_3,multiple_choice,"Ընտրիր "ցուցահանդես"-ի թարգմանությունը","exhibition",000056,NO
w10_l2,w10_l2_tr_3,translate,"Թարգմանիր՝ "ցուցահանդես"","exhibition",000062,NO
w10_l2,w10_l2_mc_4,multiple_choice,"Ընտրիր "թանգարան"-ի թարգմանությունը","museum",000066,NO
w10_l2,w10_l2_tr_4,translate,"Թարգմանիր՝ "թանգարան"","museum",000072,NO
w10_l2,w10_l2_mc_5,multiple_choice,"Ընտրիր "պատկերասրահ"-ի թարգմանությունը","gallery",000076,NO
w10_l2,w10_l2_tr_5,translate,"Թարգմանիր՝ "պատկերասրահ"","gallery",000082,NO
w10_l2,w10_l2_mc_6,multiple_choice,"Ընտրիր "գեղեցկություն"-ի թարգմանությունը","beauty",000086,NO
w10_l2,w10_l2_tr_6,translate,"Թարգմանիր՝ "գեղեցկություն"","beauty",000092,NO
w10_l2,w10_l2_mc_7,multiple_choice,"Ընտրիր "ոգեշնչում"-ի թարգմանությունը","inspiration",000096,NO
w10_l2,w10_l2_tr_7,translate,"Թարգմանիր՝ "ոգեշնչում"","inspiration",000102,NO
w10_l2,w10_l2_mc_8,multiple_choice,"Ընտրիր "ստեղծագործել"-ի թարգմանությունը","to create",000106,NO
w10_l2,w10_l2_tr_8,translate,"Թարգմանիր՝ "ստեղծագործել"","to create",000112,NO
w10_l2,w10_l2_mc_9,multiple_choice,"Ընտրիր "արտահայտել"-ի թարգմանությունը","to express",000116,NO
w10_l2,w10_l2_tr_9,translate,"Թարգմանիր՝ "արտահայտել"","to express",000122,NO
w10_l2,w10_l2_mc_10,multiple_choice,"Ընտրիր "զգացմունք"-ի թարգմանությունը","emotion",000126,NO
w10_l2,w10_l2_tr_10,translate,"Թարգմանիր՝ "զգացմունք"","emotion",000132,NO
w10_l2,w10_l2_mc_11,multiple_choice,"Ընտրիր "գաղափար"-ի թարգմանությունը","idea",000136,NO
w10_l2,w10_l2_tr_11,translate,"Թարգմանիր՝ "գաղափար"","idea",000142,NO
w10_l2,w10_l2_mc_12,multiple_choice,"Ընտրիր "ոճ"-ի թարգմանությունը","style",000146,NO
w10_l2,w10_l2_tr_12,translate,"Թարգմանիր՝ "ոճ"","style",000152,NO
w10_l2,w10_l2_mc_13,multiple_choice,"Ընտրիր "դասական"-ի թարգմանությունը","classical",000156,NO
w10_l2,w10_l2_tr_13,translate,"Թարգմանիր՝ "դասական"","classical",000162,NO
w10_l2,w10_l2_mc_14,multiple_choice,"Ընտրիր "ժամանակակից"-ի թարգմանությունը","modern",000166,NO
w10_l2,w10_l2_tr_14,translate,"Թարգմանիր՝ "ժամանակակից"","modern",000172,NO
w10_l2,w10_l2_mc_15,multiple_choice,"Ընտրիր "վեպ"-ի թարգմանությունը","novel",000176,NO
w10_l2,w10_l2_tr_15,translate,"Թարգմանիր՝ "վեպ"","novel",000182,NO
w10_l2,w10_l2_mc_16,multiple_choice,"Ընտրիր "բանաստեղծություն"-ի թարգմանությունը","poem",000186,NO
w10_l2,w10_l2_tr_16,translate,"Թարգմանիր՝ "բանաստեղծություն"","poem",000192,NO
w10_l2,w10_l2_mc_17,multiple_choice,"Ընտրիր "դերասան"-ի թարգմանությունը","actor",000196,NO
w10_l2,w10_l2_tr_17,translate,"Թարգմանիր՝ "դերասան"","actor",000202,NO
w10_l2,w10_l2_mc_18,multiple_choice,"Ընտրիր "ֆիլմ"-ի թարգմանությունը","film",000206,NO
w10_l2,w10_l2_tr_18,translate,"Թարգմանիր՝ "ֆիլմ"","film",000212,NO
w10_l2,w10_l2_mc_19,multiple_choice,"Ընտրիր "ռեժիսոր"-ի թարգմանությունը","director",000216,NO
w10_l2,w10_l2_tr_19,translate,"Թարգմանիր՝ "ռեժիսոր"","director",000222,NO
w10_l2,w10_l2_mc_20,multiple_choice,"Ընտրիր "դեր"-ի թարգմանությունը","role",000226,NO
w10_l2,w10_l2_tr_20,translate,"Թարգմանիր՝ "դեր"","role",000232,NO
w10_l2,w10_l2_mc_21,multiple_choice,"Ընտրիր "բեմ"-ի թարգմանությունը","stage",000236,NO
w10_l2,w10_l2_tr_21,translate,"Թարգմանիր՝ "բեմ"","stage",000242,NO
w10_l2,w10_l2_mc_22,multiple_choice,"Ընտրիր "հանդիսատես"-ի թարգմանությունը","audience",000246,NO
w10_l2,w10_l2_tr_22,translate,"Թարգմանիր՝ "հանդիսատես"","audience",000252,NO
w10_l2,w10_l2_mc_23,multiple_choice,"Ընտրիր "քննադատ"-ի թարգմանությունը","critic",000256,NO
w10_l2,w10_l2_tr_23,translate,"Թարգմանիր՝ "քննադատ"","critic",000262,NO
w10_l2,w10_l2_mc_24,multiple_choice,"Ընտրիր "գլուխգործոց"-ի թարգմանությունը","masterpiece",000266,NO
w10_l2,w10_l2_tr_24,translate,"Թարգմանիր՝ "գլուխգործոց"","masterpiece",000272,NO
w10_l2,w10_l2_match,match_pairs,"Կապիր հայերեն բառերը անգլերեն թարգմանությունների հետ","",022944,NO
w10_l3,w10_l3_mc_0,multiple_choice,"Ընտրիր "արվեստ"-ի թարգմանությունը","art",000026,NO
w10_l3,w10_l3_tr_0,translate,"Թարգմանիր՝ "արվեստ"","art",000032,NO
w10_l3,w10_l3_mc_1,multiple_choice,"Ընտրիր "նկարիչ"-ի թարգմանությունը","artist",000036,NO
w10_l3,w10_l3_tr_1,translate,"Թարգմանիր՝ "նկարիչ"","artist",000042,NO
w10_l3,w10_l3_mc_2,multiple_choice,"Ընտրիր "գործ"-ի թարգմանությունը","work (art)",000046,NO
w10_l3,w10_l3_tr_2,translate,"Թարգմանիր՝ "գործ"","work (art)",000052,NO
w10_l3,w10_l3_mc_3,multiple_choice,"Ընտրիր "ցուցահանդես"-ի թարգմանությունը","exhibition",000056,NO
w10_l3,w10_l3_tr_3,translate,"Թարգմանիր՝ "ցուցահանդես"","exhibition",000062,NO
w10_l3,w10_l3_mc_4,multiple_choice,"Ընտրիր "թանգարան"-ի թարգմանությունը","museum",000066,NO
w10_l3,w10_l3_tr_4,translate,"Թարգմանիր՝ "թանգարան"","museum",000072,NO
w10_l3,w10_l3_mc_5,multiple_choice,"Ընտրիր "պատկերասրահ"-ի թարգմանությունը","gallery",000076,NO
w10_l3,w10_l3_tr_5,translate,"Թարգմանիր՝ "պատկերասրահ"","gallery",000082,NO
w10_l3,w10_l3_mc_6,multiple_choice,"Ընտրիր "գեղեցկություն"-ի թարգմանությունը","beauty",000086,NO
w10_l3,w10_l3_tr_6,translate,"Թարգմանիր՝ "գեղեցկություն"","beauty",000092,NO
w10_l3,w10_l3_mc_7,multiple_choice,"Ընտրիր "ոգեշնչում"-ի թարգմանությունը","inspiration",000096,NO
w10_l3,w10_l3_tr_7,translate,"Թարգմանիր՝ "ոգեշնչում"","inspiration",000102,NO
w10_l3,w10_l3_mc_8,multiple_choice,"Ընտրիր "ստեղծագործել"-ի թարգմանությունը","to create",000106,NO
w10_l3,w10_l3_tr_8,translate,"Թարգմանիր՝ "ստեղծագործել"","to create",000112,NO
w10_l3,w10_l3_mc_9,multiple_choice,"Ընտրիր "արտահայտել"-ի թարգմանությունը","to express",000116,NO
w10_l3,w10_l3_tr_9,translate,"Թարգմանիր՝ "արտահայտել"","to express",000122,NO
w10_l3,w10_l3_mc_10,multiple_choice,"Ընտրիր "զգացմունք"-ի թարգմանությունը","emotion",000126,NO
w10_l3,w10_l3_tr_10,translate,"Թարգմանիր՝ "զգացմունք"","emotion",000132,NO
w10_l3,w10_l3_mc_11,multiple_choice,"Ընտրիր "գաղափար"-ի թարգմանությունը","idea",000136,NO
w10_l3,w10_l3_tr_11,translate,"Թարգմանիր՝ "գաղափար"","idea",000142,NO
w10_l3,w10_l3_mc_12,multiple_choice,"Ընտրիր "ոճ"-ի թարգմանությունը","style",000146,NO
w10_l3,w10_l3_tr_12,translate,"Թարգմանիր՝ "ոճ"","style",000152,NO
w10_l3,w10_l3_mc_13,multiple_choice,"Ընտրիր "դասական"-ի թարգմանությունը","classical",000156,NO
w10_l3,w10_l3_tr_13,translate,"Թարգմանիր՝ "դասական"","classical",000162,NO
w10_l3,w10_l3_mc_14,multiple_choice,"Ընտրիր "ժամանակակից"-ի թարգմանությունը","modern",000166,NO
w10_l3,w10_l3_tr_14,translate,"Թարգմանիր՝ "ժամանակակից"","modern",000172,NO
w10_l3,w10_l3_mc_15,multiple_choice,"Ընտրիր "վեպ"-ի թարգմանությունը","novel",000176,NO
w10_l3,w10_l3_tr_15,translate,"Թարգմանիր՝ "վեպ"","novel",000182,NO
w10_l3,w10_l3_mc_16,multiple_choice,"Ընտրիր "բանաստեղծություն"-ի թարգմանությունը","poem",000186,NO
w10_l3,w10_l3_tr_16,translate,"Թարգմանիր՝ "բանաստեղծություն"","poem",000192,NO
w10_l3,w10_l3_mc_17,multiple_choice,"Ընտրիր "դերասան"-ի թարգմանությունը","actor",000196,NO
w10_l3,w10_l3_tr_17,translate,"Թարգմանիր՝ "դերասան"","actor",000202,NO
w10_l3,w10_l3_mc_18,multiple_choice,"Ընտրիր "ֆիլմ"-ի թարգմանությունը","film",000206,NO
w10_l3,w10_l3_tr_18,translate,"Թարգմանիր՝ "ֆիլմ"","film",000212,NO
w10_l3,w10_l3_mc_19,multiple_choice,"Ընտրիր "ռեժիսոր"-ի թարգմանությունը","director",000216,NO
w10_l3,w10_l3_tr_19,translate,"Թարգմանիր՝ "ռեժիսոր"","director",000222,NO
w10_l3,w10_l3_mc_20,multiple_choice,"Ընտրիր "դեր"-ի թարգմանությունը","role",000226,NO
w10_l3,w10_l3_tr_20,translate,"Թարգմանիր՝ "դեր"","role",000232,NO
w10_l3,w10_l3_mc_21,multiple_choice,"Ընտրիր "բեմ"-ի թարգմանությունը","stage",000236,NO
w10_l3,w10_l3_tr_21,translate,"Թարգմանիր՝ "բեմ"","stage",000242,NO
w10_l3,w10_l3_mc_22,multiple_choice,"Ընտրիր "հանդիսատես"-ի թարգմանությունը","audience",000246,NO
w10_l3,w10_l3_tr_22,translate,"Թարգմանիր՝ "հանդիսատես"","audience",000252,NO
w10_l3,w10_l3_mc_23,multiple_choice,"Ընտրիր "քննադատ"-ի թարգմանությունը","critic",000256,NO
w10_l3,w10_l3_tr_23,translate,"Թարգմանիր՝ "քննադատ"","critic",000262,NO
w10_l3,w10_l3_mc_24,multiple_choice,"Ընտրիր "գլուխգործոց"-ի թարգմանությունը","masterpiece",000266,NO
w10_l3,w10_l3_tr_24,translate,"Թարգմանիր՝ "գլուխգործոց"","masterpiece",000272,NO
w10_l3,w10_l3_match,match_pairs,"Կապիր հայերեն բառերը անգլերեն թարգմանությունների հետ","",023223,NO
w10_l4,w10_l4_mc_0,multiple_choice,"Ընտրիր "արվեստ"-ի թարգմանությունը","art",000026,NO
w10_l4,w10_l4_tr_0,translate,"Թարգմանիր՝ "արվեստ"","art",000032,NO
w10_l4,w10_l4_mc_1,multiple_choice,"Ընտրիր "նկարիչ"-ի թարգմանությունը","artist",000036,NO
w10_l4,w10_l4_tr_1,translate,"Թարգմանիր՝ "նկարիչ"","artist",000042,NO
w10_l4,w10_l4_mc_2,multiple_choice,"Ընտրիր "գործ"-ի թարգմանությունը","work (art)",000046,NO
w10_l4,w10_l4_tr_2,translate,"Թարգմանիր՝ "գործ"","work (art)",000052,NO
w10_l4,w10_l4_mc_3,multiple_choice,"Ընտրիր "ցուցահանդես"-ի թարգմանությունը","exhibition",000056,NO
w10_l4,w10_l4_tr_3,translate,"Թարգմանիր՝ "ցուցահանդես"","exhibition",000062,NO
w10_l4,w10_l4_mc_4,multiple_choice,"Ընտրիր "թանգարան"-ի թարգմանությունը","museum",000066,NO
w10_l4,w10_l4_tr_4,translate,"Թարգմանիր՝ "թանգարան"","museum",000072,NO
w10_l4,w10_l4_mc_5,multiple_choice,"Ընտրիր "պատկերասրահ"-ի թարգմանությունը","gallery",000076,NO
w10_l4,w10_l4_tr_5,translate,"Թարգմանիր՝ "պատկերասրահ"","gallery",000082,NO
w10_l4,w10_l4_mc_6,multiple_choice,"Ընտրիր "գեղեցկություն"-ի թարգմանությունը","beauty",000086,NO
w10_l4,w10_l4_tr_6,translate,"Թարգմանիր՝ "գեղեցկություն"","beauty",000092,NO
w10_l4,w10_l4_mc_7,multiple_choice,"Ընտրիր "ոգեշնչում"-ի թարգմանությունը","inspiration",000096,NO
w10_l4,w10_l4_tr_7,translate,"Թարգմանիր՝ "ոգեշնչում"","inspiration",000102,NO
w10_l4,w10_l4_mc_8,multiple_choice,"Ընտրիր "ստեղծագործել"-ի թարգմանությունը","to create",000106,NO
w10_l4,w10_l4_tr_8,translate,"Թարգմանիր՝ "ստեղծագործել"","to create",000112,NO
w10_l4,w10_l4_mc_9,multiple_choice,"Ընտրիր "արտահայտել"-ի թարգմանությունը","to express",000116,NO
w10_l4,w10_l4_tr_9,translate,"Թարգմանիր՝ "արտահայտել"","to express",000122,NO
w10_l4,w10_l4_mc_10,multiple_choice,"Ընտրիր "զգացմունք"-ի թարգմանությունը","emotion",000126,NO
w10_l4,w10_l4_tr_10,translate,"Թարգմանիր՝ "զգացմունք"","emotion",000132,NO
w10_l4,w10_l4_mc_11,multiple_choice,"Ընտրիր "գաղափար"-ի թարգմանությունը","idea",000136,NO
w10_l4,w10_l4_tr_11,translate,"Թարգմանիր՝ "գաղափար"","idea",000142,NO
w10_l4,w10_l4_mc_12,multiple_choice,"Ընտրիր "ոճ"-ի թարգմանությունը","style",000146,NO
w10_l4,w10_l4_tr_12,translate,"Թարգմանիր՝ "ոճ"","style",000152,NO
w10_l4,w10_l4_mc_13,multiple_choice,"Ընտրիր "դասական"-ի թարգմանությունը","classical",000156,NO
w10_l4,w10_l4_tr_13,translate,"Թարգմանիր՝ "դասական"","classical",000162,NO
w10_l4,w10_l4_mc_14,multiple_choice,"Ընտրիր "ժամանակակից"-ի թարգմանությունը","modern",000166,NO
w10_l4,w10_l4_tr_14,translate,"Թարգմանիր՝ "ժամանակակից"","modern",000172,NO
w10_l4,w10_l4_mc_15,multiple_choice,"Ընտրիր "վեպ"-ի թարգմանությունը","novel",000176,NO
w10_l4,w10_l4_tr_15,translate,"Թարգմանիր՝ "վեպ"","novel",000182,NO
w10_l4,w10_l4_mc_16,multiple_choice,"Ընտրիր "բանաստեղծություն"-ի թարգմանությունը","poem",000186,NO
w10_l4,w10_l4_tr_16,translate,"Թարգմանիր՝ "բանաստեղծություն"","poem",000192,NO
w10_l4,w10_l4_mc_17,multiple_choice,"Ընտրիր "դերասան"-ի թարգմանությունը","actor",000196,NO
w10_l4,w10_l4_tr_17,translate,"Թարգմանիր՝ "դերասան"","actor",000202,NO
w10_l4,w10_l4_mc_18,multiple_choice,"Ընտրիր "ֆիլմ"-ի թարգմանությունը","film",000206,NO
w10_l4,w10_l4_tr_18,translate,"Թարգմանիր՝ "ֆիլմ"","film",000212,NO
w10_l4,w10_l4_mc_19,multiple_choice,"Ընտրիր "ռեժիսոր"-ի թարգմանությունը","director",000216,NO
w10_l4,w10_l4_tr_19,translate,"Թարգմանիր՝ "ռեժիսոր"","director",000222,NO
w10_l4,w10_l4_mc_20,multiple_choice,"Ընտրիր "դեր"-ի թարգմանությունը","role",000226,NO
w10_l4,w10_l4_tr_20,translate,"Թարգմանիր՝ "դեր"","role",000232,NO
w10_l4,w10_l4_mc_21,multiple_choice,"Ընտրիր "բեմ"-ի թարգմանությունը","stage",000236,NO
w10_l4,w10_l4_tr_21,translate,"Թարգմանիր՝ "բեմ"","stage",000242,NO
w10_l4,w10_l4_mc_22,multiple_choice,"Ընտրիր "հանդիսատես"-ի թարգմանությունը","audience",000246,NO
w10_l4,w10_l4_tr_22,translate,"Թարգմանիր՝ "հանդիսատես"","audience",000252,NO
w10_l4,w10_l4_mc_23,multiple_choice,"Ընտրիր "քննադատ"-ի թարգմանությունը","critic",000256,NO
w10_l4,w10_l4_tr_23,translate,"Թարգմանիր՝ "քննադատ"","critic",000262,NO
w10_l4,w10_l4_mc_24,multiple_choice,"Ընտրիր "գլուխգործոց"-ի թարգմանությունը","masterpiece",000266,NO
w10_l4,w10_l4_tr_24,translate,"Թարգմանիր՝ "գլուխգործոց"","masterpiece",000272,NO
w10_l4,w10_l4_match,match_pairs,"Կապիր հայերեն բառերը անգլերեն թարգմանությունների հետ","",023502,NO
w10_l5,w10_l5_mc_0,multiple_choice,"Ընտրիր "արվեստ"-ի թարգմանությունը","art",000026,NO
w10_l5,w10_l5_tr_0,translate,"Թարգմանիր՝ "արվեստ"","art",000032,NO
w10_l5,w10_l5_mc_1,multiple_choice,"Ընտրիր "նկարիչ"-ի թարգմանությունը","artist",000036,NO
w10_l5,w10_l5_tr_1,translate,"Թարգմանիր՝ "նկարիչ"","artist",000042,NO
w10_l5,w10_l5_mc_2,multiple_choice,"Ընտրիր "գործ"-ի թարգմանությունը","work (art)",000046,NO
w10_l5,w10_l5_tr_2,translate,"Թարգմանիր՝ "գործ"","work (art)",000052,NO
w10_l5,w10_l5_mc_3,multiple_choice,"Ընտրիր "ցուցահանդես"-ի թարգմանությունը","exhibition",000056,NO
w10_l5,w10_l5_tr_3,translate,"Թարգմանիր՝ "ցուցահանդես"","exhibition",000062,NO
w10_l5,w10_l5_mc_4,multiple_choice,"Ընտրիր "թանգարան"-ի թարգմանությունը","museum",000066,NO
w10_l5,w10_l5_tr_4,translate,"Թարգմանիր՝ "թանգարան"","museum",000072,NO
w10_l5,w10_l5_mc_5,multiple_choice,"Ընտրիր "պատկերասրահ"-ի թարգմանությունը","gallery",000076,NO
w10_l5,w10_l5_tr_5,translate,"Թարգմանիր՝ "պատկերասրահ"","gallery",000082,NO
w10_l5,w10_l5_mc_6,multiple_choice,"Ընտրիր "գեղեցկություն"-ի թարգմանությունը","beauty",000086,NO
w10_l5,w10_l5_tr_6,translate,"Թարգմանիր՝ "գեղեցկություն"","beauty",000092,NO
w10_l5,w10_l5_mc_7,multiple_choice,"Ընտրիր "ոգեշնչում"-ի թարգմանությունը","inspiration",000096,NO
w10_l5,w10_l5_tr_7,translate,"Թարգմանիր՝ "ոգեշնչում"","inspiration",000102,NO
w10_l5,w10_l5_mc_8,multiple_choice,"Ընտրիր "ստեղծագործել"-ի թարգմանությունը","to create",000106,NO
w10_l5,w10_l5_tr_8,translate,"Թարգմանիր՝ "ստեղծագործել"","to create",000112,NO
w10_l5,w10_l5_mc_9,multiple_choice,"Ընտրիր "արտահայտել"-ի թարգմանությունը","to express",000116,NO
w10_l5,w10_l5_tr_9,translate,"Թարգմանիր՝ "արտահայտել"","to express",000122,NO
w10_l5,w10_l5_mc_10,multiple_choice,"Ընտրիր "զգացմունք"-ի թարգմանությունը","emotion",000126,NO
w10_l5,w10_l5_tr_10,translate,"Թարգմանիր՝ "զգացմունք"","emotion",000132,NO
w10_l5,w10_l5_mc_11,multiple_choice,"Ընտրիր "գաղափար"-ի թարգմանությունը","idea",000136,NO
w10_l5,w10_l5_tr_11,translate,"Թարգմանիր՝ "գաղափար"","idea",000142,NO
w10_l5,w10_l5_mc_12,multiple_choice,"Ընտրիր "ոճ"-ի թարգմանությունը","style",000146,NO
w10_l5,w10_l5_tr_12,translate,"Թարգմանիր՝ "ոճ"","style",000152,NO
w10_l5,w10_l5_mc_13,multiple_choice,"Ընտրիր "դասական"-ի թարգմանությունը","classical",000156,NO
w10_l5,w10_l5_tr_13,translate,"Թարգմանիր՝ "դասական"","classical",000162,NO
w10_l5,w10_l5_mc_14,multiple_choice,"Ընտրիր "ժամանակակից"-ի թարգմանությունը","modern",000166,NO
w10_l5,w10_l5_tr_14,translate,"Թարգմանիր՝ "ժամանակակից"","modern",000172,NO
w10_l5,w10_l5_mc_15,multiple_choice,"Ընտրիր "վեպ"-ի թարգմանությունը","novel",000176,NO
w10_l5,w10_l5_tr_15,translate,"Թարգմանիր՝ "վեպ"","novel",000182,NO
w10_l5,w10_l5_mc_16,multiple_choice,"Ընտրիր "բանաստեղծություն"-ի թարգմանությունը","poem",000186,NO
w10_l5,w10_l5_tr_16,translate,"Թարգմանիր՝ "բանաստեղծություն"","poem",000192,NO
w10_l5,w10_l5_mc_17,multiple_choice,"Ընտրիր "դերասան"-ի թարգմանությունը","actor",000196,NO
w10_l5,w10_l5_tr_17,translate,"Թարգմանիր՝ "դերասան"","actor",000202,NO
w10_l5,w10_l5_mc_18,multiple_choice,"Ընտրիր "ֆիլմ"-ի թարգմանությունը","film",000206,NO
w10_l5,w10_l5_tr_18,translate,"Թարգմանիր՝ "ֆիլմ"","film",000212,NO
w10_l5,w10_l5_mc_19,multiple_choice,"Ընտրիր "ռեժիսոր"-ի թարգմանությունը","director",000216,NO
w10_l5,w10_l5_tr_19,translate,"Թարգմանիր՝ "ռեժիսոր"","director",000222,NO
w10_l5,w10_l5_mc_20,multiple_choice,"Ընտրիր "դեր"-ի թարգմանությունը","role",000226,NO
w10_l5,w10_l5_tr_20,translate,"Թարգմանիր՝ "դեր"","role",000232,NO
w10_l5,w10_l5_mc_21,multiple_choice,"Ընտրիր "բեմ"-ի թարգմանությունը","stage",000236,NO
w10_l5,w10_l5_tr_21,translate,"Թարգմանիր՝ "բեմ"","stage",000242,NO
w10_l5,w10_l5_mc_22,multiple_choice,"Ընտրիր "հանդիսատես"-ի թարգմանությունը","audience",000246,NO
w10_l5,w10_l5_tr_22,translate,"Թարգմանիր՝ "հանդիսատես"","audience",000252,NO
w10_l5,w10_l5_mc_23,multiple_choice,"Ընտրիր "քննադատ"-ի թարգմանությունը","critic",000256,NO
w10_l5,w10_l5_tr_23,translate,"Թարգմանիր՝ "քննադատ"","critic",000262,NO
w10_l5,w10_l5_mc_24,multiple_choice,"Ընտրիր "գլուխգործոց"-ի թարգմանությունը","masterpiece",000266,NO
w10_l5,w10_l5_tr_24,translate,"Թարգմանիր՝ "գլուխգործոց"","masterpiece",000272,NO
w10_l5,w10_l5_match,match_pairs,"Կապիր հայերեն բառերը անգլերեն թարգմանությունների հետ","",023781,NO
w10_l6,w10_l6_mc_0,multiple_choice,"Ընտրիր "արվեստ"-ի թարգմանությունը","art",000026,NO
w10_l6,w10_l6_tr_0,translate,"Թարգմանիր՝ "արվեստ"","art",000032,NO
w10_l6,w10_l6_mc_1,multiple_choice,"Ընտրիր "նկարիչ"-ի թարգմանությունը","artist",000036,NO
w10_l6,w10_l6_tr_1,translate,"Թարգմանիր՝ "նկարիչ"","artist",000042,NO
w10_l6,w10_l6_mc_2,multiple_choice,"Ընտրիր "գործ"-ի թարգմանությունը","work (art)",000046,NO
w10_l6,w10_l6_tr_2,translate,"Թարգմանիր՝ "գործ"","work (art)",000052,NO
w10_l6,w10_l6_mc_3,multiple_choice,"Ընտրիր "ցուցահանդես"-ի թարգմանությունը","exhibition",000056,NO
w10_l6,w10_l6_tr_3,translate,"Թարգմանիր՝ "ցուցահանդես"","exhibition",000062,NO
w10_l6,w10_l6_mc_4,multiple_choice,"Ընտրիր "թանգարան"-ի թարգմանությունը","museum",000066,NO
w10_l6,w10_l6_tr_4,translate,"Թարգմանիր՝ "թանգարան"","museum",000072,NO
w10_l6,w10_l6_mc_5,multiple_choice,"Ընտրիր "պատկերասրահ"-ի թարգմանությունը","gallery",000076,NO
w10_l6,w10_l6_tr_5,translate,"Թարգմանիր՝ "պատկերասրահ"","gallery",000082,NO
w10_l6,w10_l6_mc_6,multiple_choice,"Ընտրիր "գեղեցկություն"-ի թարգմանությունը","beauty",000086,NO
w10_l6,w10_l6_tr_6,translate,"Թարգմանիր՝ "գեղեցկություն"","beauty",000092,NO
w10_l6,w10_l6_mc_7,multiple_choice,"Ընտրիր "ոգեշնչում"-ի թարգմանությունը","inspiration",000096,NO
w10_l6,w10_l6_tr_7,translate,"Թարգմանիր՝ "ոգեշնչում"","inspiration",000102,NO
w10_l6,w10_l6_mc_8,multiple_choice,"Ընտրիր "ստեղծագործել"-ի թարգմանությունը","to create",000106,NO
w10_l6,w10_l6_tr_8,translate,"Թարգմանիր՝ "ստեղծագործել"","to create",000112,NO
w10_l6,w10_l6_mc_9,multiple_choice,"Ընտրիր "արտահայտել"-ի թարգմանությունը","to express",000116,NO
w10_l6,w10_l6_tr_9,translate,"Թարգմանիր՝ "արտահայտել"","to express",000122,NO
w10_l6,w10_l6_mc_10,multiple_choice,"Ընտրիր "զգացմունք"-ի թարգմանությունը","emotion",000126,NO
w10_l6,w10_l6_tr_10,translate,"Թարգմանիր՝ "զգացմունք"","emotion",000132,NO
w10_l6,w10_l6_mc_11,multiple_choice,"Ընտրիր "գաղափար"-ի թարգմանությունը","idea",000136,NO
w10_l6,w10_l6_tr_11,translate,"Թարգմանիր՝ "գաղափար"","idea",000142,NO
w10_l6,w10_l6_mc_12,multiple_choice,"Ընտրիր "ոճ"-ի թարգմանությունը","style",000146,NO
w10_l6,w10_l6_tr_12,translate,"Թարգմանիր՝ "ոճ"","style",000152,NO
w10_l6,w10_l6_mc_13,multiple_choice,"Ընտրիր "դասական"-ի թարգմանությունը","classical",000156,NO
w10_l6,w10_l6_tr_13,translate,"Թարգմանիր՝ "դասական"","classical",000162,NO
w10_l6,w10_l6_mc_14,multiple_choice,"Ընտրիր "ժամանակակից"-ի թարգմանությունը","modern",000166,NO
w10_l6,w10_l6_tr_14,translate,"Թարգմանիր՝ "ժամանակակից"","modern",000172,NO
w10_l6,w10_l6_mc_15,multiple_choice,"Ընտրիր "վեպ"-ի թարգմանությունը","novel",000176,NO
w10_l6,w10_l6_tr_15,translate,"Թարգմանիր՝ "վեպ"","novel",000182,NO
w10_l6,w10_l6_mc_16,multiple_choice,"Ընտրիր "բանաստեղծություն"-ի թարգմանությունը","poem",000186,NO
w10_l6,w10_l6_tr_16,translate,"Թարգմանիր՝ "բանաստեղծություն"","poem",000192,NO
w10_l6,w10_l6_mc_17,multiple_choice,"Ընտրիր "դերասան"-ի թարգմանությունը","actor",000196,NO
w10_l6,w10_l6_tr_17,translate,"Թարգմանիր՝ "դերասան"","actor",000202,NO
w10_l6,w10_l6_mc_18,multiple_choice,"Ընտրիր "ֆիլմ"-ի թարգմանությունը","film",000206,NO
w10_l6,w10_l6_tr_18,translate,"Թարգմանիր՝ "ֆիլմ"","film",000212,NO
w10_l6,w10_l6_mc_19,multiple_choice,"Ընտրիր "ռեժիսոր"-ի թարգմանությունը","director",000216,NO
w10_l6,w10_l6_tr_19,translate,"Թարգմանիր՝ "ռեժիսոր"","director",000222,NO
w10_l6,w10_l6_mc_20,multiple_choice,"Ընտրիր "դեր"-ի թարգմանությունը","role",000226,NO
w10_l6,w10_l6_tr_20,translate,"Թարգմանիր՝ "դեր"","role",000232,NO
w10_l6,w10_l6_mc_21,multiple_choice,"Ընտրիր "բեմ"-ի թարգմանությունը","stage",000236,NO
w10_l6,w10_l6_tr_21,translate,"Թարգմանիր՝ "բեմ"","stage",000242,NO
w10_l6,w10_l6_mc_22,multiple_choice,"Ընտրիր "հանդիսատես"-ի թարգմանությունը","audience",000246,NO
w10_l6,w10_l6_tr_22,translate,"Թարգմանիր՝ "հանդիսատես"","audience",000252,NO
w10_l6,w10_l6_mc_23,multiple_choice,"Ընտրիր "քննադատ"-ի թարգմանությունը","critic",000256,NO
w10_l6,w10_l6_tr_23,translate,"Թարգմանիր՝ "քննադատ"","critic",000262,NO
w10_l6,w10_l6_mc_24,multiple_choice,"Ընտրիր "գլուխգործոց"-ի թարգմանությունը","masterpiece",000266,NO
w10_l6,w10_l6_tr_24,translate,"Թարգմանիր՝ "գլուխգործոց"","masterpiece",000272,NO
w10_l6,w10_l6_match,match_pairs,"Կապիր հայերեն բառերը անգլերեն թարգմանությունների հետ","",024060,NO
w10_l7,w10_l7_mc_0,multiple_choice,"Ընտրիր "արվեստ"-ի թարգմանությունը","art",000026,NO
w10_l7,w10_l7_tr_0,translate,"Թարգմանիր՝ "արվեստ"","art",000032,NO
w10_l7,w10_l7_mc_1,multiple_choice,"Ընտրիր "նկարիչ"-ի թարգմանությունը","artist",000036,NO
w10_l7,w10_l7_tr_1,translate,"Թարգմանիր՝ "նկարիչ"","artist",000042,NO
w10_l7,w10_l7_mc_2,multiple_choice,"Ընտրիր "գործ"-ի թարգմանությունը","work (art)",000046,NO
w10_l7,w10_l7_tr_2,translate,"Թարգմանիր՝ "գործ"","work (art)",000052,NO
w10_l7,w10_l7_mc_3,multiple_choice,"Ընտրիր "ցուցահանդես"-ի թարգմանությունը","exhibition",000056,NO
w10_l7,w10_l7_tr_3,translate,"Թարգմանիր՝ "ցուցահանդես"","exhibition",000062,NO
w10_l7,w10_l7_mc_4,multiple_choice,"Ընտրիր "թանգարան"-ի թարգմանությունը","museum",000066,NO
w10_l7,w10_l7_tr_4,translate,"Թարգմանիր՝ "թանգարան"","museum",000072,NO
w10_l7,w10_l7_mc_5,multiple_choice,"Ընտրիր "պատկերասրահ"-ի թարգմանությունը","gallery",000076,NO
w10_l7,w10_l7_tr_5,translate,"Թարգմանիր՝ "պատկերասրահ"","gallery",000082,NO
w10_l7,w10_l7_mc_6,multiple_choice,"Ընտրիր "գեղեցկություն"-ի թարգմանությունը","beauty",000086,NO
w10_l7,w10_l7_tr_6,translate,"Թարգմանիր՝ "գեղեցկություն"","beauty",000092,NO
w10_l7,w10_l7_mc_7,multiple_choice,"Ընտրիր "ոգեշնչում"-ի թարգմանությունը","inspiration",000096,NO
w10_l7,w10_l7_tr_7,translate,"Թարգմանիր՝ "ոգեշնչում"","inspiration",000102,NO
w10_l7,w10_l7_mc_8,multiple_choice,"Ընտրիր "ստեղծագործել"-ի թարգմանությունը","to create",000106,NO
w10_l7,w10_l7_tr_8,translate,"Թարգմանիր՝ "ստեղծագործել"","to create",000112,NO
w10_l7,w10_l7_mc_9,multiple_choice,"Ընտրիր "արտահայտել"-ի թարգմանությունը","to express",000116,NO
w10_l7,w10_l7_tr_9,translate,"Թարգմանիր՝ "արտահայտել"","to express",000122,NO
w10_l7,w10_l7_mc_10,multiple_choice,"Ընտրիր "զգացմունք"-ի թարգմանությունը","emotion",000126,NO
w10_l7,w10_l7_tr_10,translate,"Թարգմանիր՝ "զգացմունք"","emotion",000132,NO
w10_l7,w10_l7_mc_11,multiple_choice,"Ընտրիր "գաղափար"-ի թարգմանությունը","idea",000136,NO
w10_l7,w10_l7_tr_11,translate,"Թարգմանիր՝ "գաղափար"","idea",000142,NO
w10_l7,w10_l7_mc_12,multiple_choice,"Ընտրիր "ոճ"-ի թարգմանությունը","style",000146,NO
w10_l7,w10_l7_tr_12,translate,"Թարգմանիր՝ "ոճ"","style",000152,NO
w10_l7,w10_l7_mc_13,multiple_choice,"Ընտրիր "դասական"-ի թարգմանությունը","classical",000156,NO
w10_l7,w10_l7_tr_13,translate,"Թարգմանիր՝ "դասական"","classical",000162,NO
w10_l7,w10_l7_mc_14,multiple_choice,"Ընտրիր "ժամանակակից"-ի թարգմանությունը","modern",000166,NO
w10_l7,w10_l7_tr_14,translate,"Թարգմանիր՝ "ժամանակակից"","modern",000172,NO
w10_l7,w10_l7_mc_15,multiple_choice,"Ընտրիր "վեպ"-ի թարգմանությունը","novel",000176,NO
w10_l7,w10_l7_tr_15,translate,"Թարգմանիր՝ "վեպ"","novel",000182,NO
w10_l7,w10_l7_mc_16,multiple_choice,"Ընտրիր "բանաստեղծություն"-ի թարգմանությունը","poem",000186,NO
w10_l7,w10_l7_tr_16,translate,"Թարգմանիր՝ "բանաստեղծություն"","poem",000192,NO
w10_l7,w10_l7_mc_17,multiple_choice,"Ընտրիր "դերասան"-ի թարգմանությունը","actor",000196,NO
w10_l7,w10_l7_tr_17,translate,"Թարգմանիր՝ "դերասան"","actor",000202,NO
w10_l7,w10_l7_mc_18,multiple_choice,"Ընտրիր "ֆիլմ"-ի թարգմանությունը","film",000206,NO
w10_l7,w10_l7_tr_18,translate,"Թարգմանիր՝ "ֆիլմ"","film",000212,NO
w10_l7,w10_l7_mc_19,multiple_choice,"Ընտրիր "ռեժիսոր"-ի թարգմանությունը","director",000216,NO
w10_l7,w10_l7_tr_19,translate,"Թարգմանիր՝ "ռեժիսոր"","director",000222,NO
w10_l7,w10_l7_mc_20,multiple_choice,"Ընտրիր "դեր"-ի թարգմանությունը","role",000226,NO
w10_l7,w10_l7_tr_20,translate,"Թարգմանիր՝ "դեր"","role",000232,NO
w10_l7,w10_l7_mc_21,multiple_choice,"Ընտրիր "բեմ"-ի թարգմանությունը","stage",000236,NO
w10_l7,w10_l7_tr_21,translate,"Թարգմանիր՝ "բեմ"","stage",000242,NO
w10_l7,w10_l7_mc_22,multiple_choice,"Ընտրիր "հանդիսատես"-ի թարգմանությունը","audience",000246,NO
w10_l7,w10_l7_tr_22,translate,"Թարգմանիր՝ "հանդիսատես"","audience",000252,NO
w10_l7,w10_l7_mc_23,multiple_choice,"Ընտրիր "քննադատ"-ի թարգմանությունը","critic",000256,NO
w10_l7,w10_l7_tr_23,translate,"Թարգմանիր՝ "քննադատ"","critic",000262,NO
w10_l7,w10_l7_mc_24,multiple_choice,"Ընտրիր "գլուխգործոց"-ի թարգմանությունը","masterpiece",000266,NO
w10_l7,w10_l7_tr_24,translate,"Թարգմանիր՝ "գլուխգործոց"","masterpiece",000272,NO
w10_l7,w10_l7_match,match_pairs,"Կապիր հայերեն բառերը անգլերեն թարգմանությունների հետ","",024339,NO
w10_l8,w10_l8_mc_0,multiple_choice,"Ընտրիր "արվեստ"-ի թարգմանությունը","art",000026,NO
w10_l8,w10_l8_tr_0,translate,"Թարգմանիր՝ "արվեստ"","art",000032,NO
w10_l8,w10_l8_mc_1,multiple_choice,"Ընտրիր "նկարիչ"-ի թարգմանությունը","artist",000036,NO
w10_l8,w10_l8_tr_1,translate,"Թարգմանիր՝ "նկարիչ"","artist",000042,NO
w10_l8,w10_l8_mc_2,multiple_choice,"Ընտրիր "գործ"-ի թարգմանությունը","work (art)",000046,NO
w10_l8,w10_l8_tr_2,translate,"Թարգմանիր՝ "գործ"","work (art)",000052,NO
w10_l8,w10_l8_mc_3,multiple_choice,"Ընտրիր "ցուցահանդես"-ի թարգմանությունը","exhibition",000056,NO
w10_l8,w10_l8_tr_3,translate,"Թարգմանիր՝ "ցուցահանդես"","exhibition",000062,NO
w10_l8,w10_l8_mc_4,multiple_choice,"Ընտրիր "թանգարան"-ի թարգմանությունը","museum",000066,NO
w10_l8,w10_l8_tr_4,translate,"Թարգմանիր՝ "թանգարան"","museum",000072,NO
w10_l8,w10_l8_mc_5,multiple_choice,"Ընտրիր "պատկերասրահ"-ի թարգմանությունը","gallery",000076,NO
w10_l8,w10_l8_tr_5,translate,"Թարգմանիր՝ "պատկերասրահ"","gallery",000082,NO
w10_l8,w10_l8_mc_6,multiple_choice,"Ընտրիր "գեղեցկություն"-ի թարգմանությունը","beauty",000086,NO
w10_l8,w10_l8_tr_6,translate,"Թարգմանիր՝ "գեղեցկություն"","beauty",000092,NO
w10_l8,w10_l8_mc_7,multiple_choice,"Ընտրիր "ոգեշնչում"-ի թարգմանությունը","inspiration",000096,NO
w10_l8,w10_l8_tr_7,translate,"Թարգմանիր՝ "ոգեշնչում"","inspiration",000102,NO
w10_l8,w10_l8_mc_8,multiple_choice,"Ընտրիր "ստեղծագործել"-ի թարգմանությունը","to create",000106,NO
w10_l8,w10_l8_tr_8,translate,"Թարգմանիր՝ "ստեղծագործել"","to create",000112,NO
w10_l8,w10_l8_mc_9,multiple_choice,"Ընտրիր "արտահայտել"-ի թարգմանությունը","to express",000116,NO
w10_l8,w10_l8_tr_9,translate,"Թարգմանիր՝ "արտահայտել"","to express",000122,NO
w10_l8,w10_l8_mc_10,multiple_choice,"Ընտրիր "զգացմունք"-ի թարգմանությունը","emotion",000126,NO
w10_l8,w10_l8_tr_10,translate,"Թարգմանիր՝ "զգացմունք"","emotion",000132,NO
w10_l8,w10_l8_mc_11,multiple_choice,"Ընտրիր "գաղափար"-ի թարգմանությունը","idea",000136,NO
w10_l8,w10_l8_tr_11,translate,"Թարգմանիր՝ "գաղափար"","idea",000142,NO
w10_l8,w10_l8_mc_12,multiple_choice,"Ընտրիր "ոճ"-ի թարգմանությունը","style",000146,NO
w10_l8,w10_l8_tr_12,translate,"Թարգմանիր՝ "ոճ"","style",000152,NO
w10_l8,w10_l8_mc_13,multiple_choice,"Ընտրիր "դասական"-ի թարգմանությունը","classical",000156,NO
w10_l8,w10_l8_tr_13,translate,"Թարգմանիր՝ "դասական"","classical",000162,NO
w10_l8,w10_l8_mc_14,multiple_choice,"Ընտրիր "ժամանակակից"-ի թարգմանությունը","modern",000166,NO
w10_l8,w10_l8_tr_14,translate,"Թարգմանիր՝ "ժամանակակից"","modern",000172,NO
w10_l8,w10_l8_mc_15,multiple_choice,"Ընտրիր "վեպ"-ի թարգմանությունը","novel",000176,NO
w10_l8,w10_l8_tr_15,translate,"Թարգմանիր՝ "վեպ"","novel",000182,NO
w10_l8,w10_l8_mc_16,multiple_choice,"Ընտրիր "բանաստեղծություն"-ի թարգմանությունը","poem",000186,NO
w10_l8,w10_l8_tr_16,translate,"Թարգմանիր՝ "բանաստեղծություն"","poem",000192,NO
w10_l8,w10_l8_mc_17,multiple_choice,"Ընտրիր "դերասան"-ի թարգմանությունը","actor",000196,NO
w10_l8,w10_l8_tr_17,translate,"Թարգմանիր՝ "դերասան"","actor",000202,NO
w10_l8,w10_l8_mc_18,multiple_choice,"Ընտրիր "ֆիլմ"-ի թարգմանությունը","film",000206,NO
w10_l8,w10_l8_tr_18,translate,"Թարգմանիր՝ "ֆիլմ"","film",000212,NO
w10_l8,w10_l8_mc_19,multiple_choice,"Ընտրիր "ռեժիսոր"-ի թարգմանությունը","director",000216,NO
w10_l8,w10_l8_tr_19,translate,"Թարգմանիր՝ "ռեժիսոր"","director",000222,NO
w10_l8,w10_l8_mc_20,multiple_choice,"Ընտրիր "դեր"-ի թարգմանությունը","role",000226,NO
w10_l8,w10_l8_tr_20,translate,"Թարգմանիր՝ "դեր"","role",000232,NO
w10_l8,w10_l8_mc_21,multiple_choice,"Ընտրիր "բեմ"-ի թարգմանությունը","stage",000236,NO
w10_l8,w10_l8_tr_21,translate,"Թարգմանիր՝ "բեմ"","stage",000242,NO
w10_l8,w10_l8_mc_22,multiple_choice,"Ընտրիր "հանդիսատես"-ի թարգմանությունը","audience",000246,NO
w10_l8,w10_l8_tr_22,translate,"Թարգմանիր՝ "հանդիսատես"","audience",000252,NO
w10_l8,w10_l8_mc_23,multiple_choice,"Ընտրիր "քննադատ"-ի թարգմանությունը","critic",000256,NO
w10_l8,w10_l8_tr_23,translate,"Թարգմանիր՝ "քննադատ"","critic",000262,NO
w10_l8,w10_l8_mc_24,multiple_choice,"Ընտրիր "գլուխգործոց"-ի թարգմանությունը","masterpiece",000266,NO
w10_l8,w10_l8_tr_24,translate,"Թարգմանիր՝ "գլուխգործոց"","masterpiece",000272,NO
w10_l8,w10_l8_match,match_pairs,"Կապիր հայերեն բառերը անգլերեն թարգմանությունների հետ","",024618,NO
w10_l9,w10_l9_mc_0,multiple_choice,"Ընտրիր "արվեստ"-ի թարգմանությունը","art",000026,NO
w10_l9,w10_l9_tr_0,translate,"Թարգմանիր՝ "արվեստ"","art",000032,NO
w10_l9,w10_l9_mc_1,multiple_choice,"Ընտրիր "նկարիչ"-ի թարգմանությունը","artist",000036,NO
w10_l9,w10_l9_tr_1,translate,"Թարգմանիր՝ "նկարիչ"","artist",000042,NO
w10_l9,w10_l9_mc_2,multiple_choice,"Ընտրիր "գործ"-ի թարգմանությունը","work (art)",000046,NO
w10_l9,w10_l9_tr_2,translate,"Թարգմանիր՝ "գործ"","work (art)",000052,NO
w10_l9,w10_l9_mc_3,multiple_choice,"Ընտրիր "ցուցահանդես"-ի թարգմանությունը","exhibition",000056,NO
w10_l9,w10_l9_tr_3,translate,"Թարգմանիր՝ "ցուցահանդես"","exhibition",000062,NO
w10_l9,w10_l9_mc_4,multiple_choice,"Ընտրիր "թանգարան"-ի թարգմանությունը","museum",000066,NO
w10_l9,w10_l9_tr_4,translate,"Թարգմանիր՝ "թանգարան"","museum",000072,NO
w10_l9,w10_l9_mc_5,multiple_choice,"Ընտրիր "պատկերասրահ"-ի թարգմանությունը","gallery",000076,NO
w10_l9,w10_l9_tr_5,translate,"Թարգմանիր՝ "պատկերասրահ"","gallery",000082,NO
w10_l9,w10_l9_mc_6,multiple_choice,"Ընտրիր "գեղեցկություն"-ի թարգմանությունը","beauty",000086,NO
w10_l9,w10_l9_tr_6,translate,"Թարգմանիր՝ "գեղեցկություն"","beauty",000092,NO
w10_l9,w10_l9_mc_7,multiple_choice,"Ընտրիր "ոգեշնչում"-ի թարգմանությունը","inspiration",000096,NO
w10_l9,w10_l9_tr_7,translate,"Թարգմանիր՝ "ոգեշնչում"","inspiration",000102,NO
w10_l9,w10_l9_mc_8,multiple_choice,"Ընտրիր "ստեղծագործել"-ի թարգմանությունը","to create",000106,NO
w10_l9,w10_l9_tr_8,translate,"Թարգմանիր՝ "ստեղծագործել"","to create",000112,NO
w10_l9,w10_l9_mc_9,multiple_choice,"Ընտրիր "արտահայտել"-ի թարգմանությունը","to express",000116,NO
w10_l9,w10_l9_tr_9,translate,"Թարգմանիր՝ "արտահայտել"","to express",000122,NO
w10_l9,w10_l9_mc_10,multiple_choice,"Ընտրիր "զգացմունք"-ի թարգմանությունը","emotion",000126,NO
w10_l9,w10_l9_tr_10,translate,"Թարգմանիր՝ "զգացմունք"","emotion",000132,NO
w10_l9,w10_l9_mc_11,multiple_choice,"Ընտրիր "գաղափար"-ի թարգմանությունը","idea",000136,NO
w10_l9,w10_l9_tr_11,translate,"Թարգմանիր՝ "գաղափար"","idea",000142,NO
w10_l9,w10_l9_mc_12,multiple_choice,"Ընտրիր "ոճ"-ի թարգմանությունը","style",000146,NO
w10_l9,w10_l9_tr_12,translate,"Թարգմանիր՝ "ոճ"","style",000152,NO
w10_l9,w10_l9_mc_13,multiple_choice,"Ընտրիր "դասական"-ի թարգմանությունը","classical",000156,NO
w10_l9,w10_l9_tr_13,translate,"Թարգմանիր՝ "դասական"","classical",000162,NO
w10_l9,w10_l9_mc_14,multiple_choice,"Ընտրիր "ժամանակակից"-ի թարգմանությունը","modern",000166,NO
w10_l9,w10_l9_tr_14,translate,"Թարգմանիր՝ "ժամանակակից"","modern",000172,NO
w10_l9,w10_l9_mc_15,multiple_choice,"Ընտրիր "վեպ"-ի թարգմանությունը","novel",000176,NO
w10_l9,w10_l9_tr_15,translate,"Թարգմանիր՝ "վեպ"","novel",000182,NO
w10_l9,w10_l9_mc_16,multiple_choice,"Ընտրիր "բանաստեղծություն"-ի թարգմանությունը","poem",000186,NO
w10_l9,w10_l9_tr_16,translate,"Թարգմանիր՝ "բանաստեղծություն"","poem",000192,NO
w10_l9,w10_l9_mc_17,multiple_choice,"Ընտրիր "դերասան"-ի թարգմանությունը","actor",000196,NO
w10_l9,w10_l9_tr_17,translate,"Թարգմանիր՝ "դերասան"","actor",000202,NO
w10_l9,w10_l9_mc_18,multiple_choice,"Ընտրիր "ֆիլմ"-ի թարգմանությունը","film",000206,NO
w10_l9,w10_l9_tr_18,translate,"Թարգմանիր՝ "ֆիլմ"","film",000212,NO
w10_l9,w10_l9_mc_19,multiple_choice,"Ընտրիր "ռեժիսոր"-ի թարգմանությունը","director",000216,NO
w10_l9,w10_l9_tr_19,translate,"Թարգմանիր՝ "ռեժիսոր"","director",000222,NO
w10_l9,w10_l9_mc_20,multiple_choice,"Ընտրիր "դեր"-ի թարգմանությունը","role",000226,NO
w10_l9,w10_l9_tr_20,translate,"Թարգմանիր՝ "դեր"","role",000232,NO
w10_l9,w10_l9_mc_21,multiple_choice,"Ընտրիր "բեմ"-ի թարգմանությունը","stage",000236,NO
w10_l9,w10_l9_tr_21,translate,"Թարգմանիր՝ "բեմ"","stage",000242,NO
w10_l9,w10_l9_mc_22,multiple_choice,"Ընտրիր "հանդիսատես"-ի թարգմանությունը","audience",000246,NO
w10_l9,w10_l9_tr_22,translate,"Թարգմանիր՝ "հանդիսատես"","audience",000252,NO
w10_l9,w10_l9_mc_23,multiple_choice,"Ընտրիր "քննադատ"-ի թարգմանությունը","critic",000256,NO
w10_l9,w10_l9_tr_23,translate,"Թարգմանիր՝ "քննադատ"","critic",000262,NO
w10_l9,w10_l9_mc_24,multiple_choice,"Ընտրիր "գլուխգործոց"-ի թարգմանությունը","masterpiece",000266,NO
w10_l9,w10_l9_tr_24,translate,"Թարգմանիր՝ "գլուխգործոց"","masterpiece",000272,NO
w10_l9,w10_l9_match,match_pairs,"Կապիր հայերեն բառերը անգլերեն թարգմանությունների հետ","",024897,NO
w10_l10,w10_l10_mc_0,multiple_choice,"Ընտրիր "արվեստ"-ի թարգմանությունը","art",000026,NO
w10_l10,w10_l10_tr_0,translate,"Թարգմանիր՝ "արվեստ"","art",000032,NO
w10_l10,w10_l10_mc_1,multiple_choice,"Ընտրիր "նկարիչ"-ի թարգմանությունը","artist",000036,NO
w10_l10,w10_l10_tr_1,translate,"Թարգմանիր՝ "նկարիչ"","artist",000042,NO
w10_l10,w10_l10_mc_2,multiple_choice,"Ընտրիր "գործ"-ի թարգմանությունը","work (art)",000046,NO
w10_l10,w10_l10_tr_2,translate,"Թարգմանիր՝ "գործ"","work (art)",000052,NO
w10_l10,w10_l10_mc_3,multiple_choice,"Ընտրիր "ցուցահանդես"-ի թարգմանությունը","exhibition",000056,NO
w10_l10,w10_l10_tr_3,translate,"Թարգմանիր՝ "ցուցահանդես"","exhibition",000062,NO
w10_l10,w10_l10_mc_4,multiple_choice,"Ընտրիր "թանգարան"-ի թարգմանությունը","museum",000066,NO
w10_l10,w10_l10_tr_4,translate,"Թարգմանիր՝ "թանգարան"","museum",000072,NO
w10_l10,w10_l10_mc_5,multiple_choice,"Ընտրիր "պատկերասրահ"-ի թարգմանությունը","gallery",000076,NO
w10_l10,w10_l10_tr_5,translate,"Թարգմանիր՝ "պատկերասրահ"","gallery",000082,NO
w10_l10,w10_l10_mc_6,multiple_choice,"Ընտրիր "գեղեցկություն"-ի թարգմանությունը","beauty",000086,NO
w10_l10,w10_l10_tr_6,translate,"Թարգմանիր՝ "գեղեցկություն"","beauty",000092,NO
w10_l10,w10_l10_mc_7,multiple_choice,"Ընտրիր "ոգեշնչում"-ի թարգմանությունը","inspiration",000096,NO
w10_l10,w10_l10_tr_7,translate,"Թարգմանիր՝ "ոգեշնչում"","inspiration",000102,NO
w10_l10,w10_l10_mc_8,multiple_choice,"Ընտրիր "ստեղծագործել"-ի թարգմանությունը","to create",000106,NO
w10_l10,w10_l10_tr_8,translate,"Թարգմանիր՝ "ստեղծագործել"","to create",000112,NO
w10_l10,w10_l10_mc_9,multiple_choice,"Ընտրիր "արտահայտել"-ի թարգմանությունը","to express",000116,NO
w10_l10,w10_l10_tr_9,translate,"Թարգմանիր՝ "արտահայտել"","to express",000122,NO
w10_l10,w10_l10_mc_10,multiple_choice,"Ընտրիր "զգացմունք"-ի թարգմանությունը","emotion",000126,NO
w10_l10,w10_l10_tr_10,translate,"Թարգմանիր՝ "զգացմունք"","emotion",000132,NO
w10_l10,w10_l10_mc_11,multiple_choice,"Ընտրիր "գաղափար"-ի թարգմանությունը","idea",000136,NO
w10_l10,w10_l10_tr_11,translate,"Թարգմանիր՝ "գաղափար"","idea",000142,NO
w10_l10,w10_l10_mc_12,multiple_choice,"Ընտրիր "ոճ"-ի թարգմանությունը","style",000146,NO
w10_l10,w10_l10_tr_12,translate,"Թարգմանիր՝ "ոճ"","style",000152,NO
w10_l10,w10_l10_mc_13,multiple_choice,"Ընտրիր "դասական"-ի թարգմանությունը","classical",000156,NO
w10_l10,w10_l10_tr_13,translate,"Թարգմանիր՝ "դասական"","classical",000162,NO
w10_l10,w10_l10_mc_14,multiple_choice,"Ընտրիր "ժամանակակից"-ի թարգմանությունը","modern",000166,NO
w10_l10,w10_l10_tr_14,translate,"Թարգմանիր՝ "ժամանակակից"","modern",000172,NO
w10_l10,w10_l10_mc_15,multiple_choice,"Ընտրիր "վեպ"-ի թարգմանությունը","novel",000176,NO
w10_l10,w10_l10_tr_15,translate,"Թարգմանիր՝ "վեպ"","novel",000182,NO
w10_l10,w10_l10_mc_16,multiple_choice,"Ընտրիր "բանաստեղծություն"-ի թարգմանությունը","poem",000186,NO
w10_l10,w10_l10_tr_16,translate,"Թարգմանիր՝ "բանաստեղծություն"","poem",000192,NO
w10_l10,w10_l10_mc_17,multiple_choice,"Ընտրիր "դերասան"-ի թարգմանությունը","actor",000196,NO
w10_l10,w10_l10_tr_17,translate,"Թարգմանիր՝ "դերասան"","actor",000202,NO
w10_l10,w10_l10_mc_18,multiple_choice,"Ընտրիր "ֆիլմ"-ի թարգմանությունը","film",000206,NO
w10_l10,w10_l10_tr_18,translate,"Թարգմանիր՝ "ֆիլմ"","film",000212,NO
w10_l10,w10_l10_mc_19,multiple_choice,"Ընտրիր "ռեժիսոր"-ի թարգմանությունը","director",000216,NO
w10_l10,w10_l10_tr_19,translate,"Թարգմանիր՝ "ռեժիսոր"","director",000222,NO
w10_l10,w10_l10_mc_20,multiple_choice,"Ընտրիր "դեր"-ի թարգմանությունը","role",000226,NO
w10_l10,w10_l10_tr_20,translate,"Թարգմանիր՝ "դեր"","role",000232,NO
w10_l10,w10_l10_mc_21,multiple_choice,"Ընտրիր "բեմ"-ի թարգմանությունը","stage",000236,NO
w10_l10,w10_l10_tr_21,translate,"Թարգմանիր՝ "բեմ"","stage",000242,NO
w10_l10,w10_l10_mc_22,multiple_choice,"Ընտրիր "հանդիսատես"-ի թարգմանությունը","audience",000246,NO
w10_l10,w10_l10_tr_22,translate,"Թարգմանիր՝ "հանդիսատես"","audience",000252,NO
w10_l10,w10_l10_mc_23,multiple_choice,"Ընտրիր "քննադատ"-ի թարգմանությունը","critic",000256,NO
w10_l10,w10_l10_tr_23,translate,"Թարգմանիր՝ "քննադատ"","critic",000262,NO
w10_l10,w10_l10_mc_24,multiple_choice,"Ընտրիր "գլուխգործոց"-ի թարգմանությունը","masterpiece",000266,NO
w10_l10,w10_l10_tr_24,translate,"Թարգմանիր՝ "գլուխգործոց"","masterpiece",000272,NO
w10_l10,w10_l10_match,match_pairs,"Կապիր հայերեն բառերը անգլերեն թարգմանությունների հետ","",025176,NO
